{"type":"FeatureCollection","features":[
{"type":"Feature","geometry":{"type":"LineString","coordinates":[[10.753383,59.941621],[10.754412,59.941876],[10.754597,59.941944],[10.754794,59.942021],[10.754863,59.942048]]},"properties":{"id":"3373034-4","name":"Stavangergata"}},
{"type":"Feature","geometry":{"type":"LineString","coordinates":[[10.754863,59.942048],[10.755007,59.942104]]},"properties":{"id":"3373034-5","name":"Stavangergata"}},
{"type":"Feature","geometry":{"type":"LineString","coordinates":[[10.755007,59.942104],[10.755212,59.94225],[10.755249,59.942277],[10.756153,59.942637]]},"properties":{"id":"3373034-6","name":"Stavangergata"}},
{"type":"Feature","geometry":{"type":"LineString","coordinates":[[10.756153,59.942637],[10.756801,59.942895],[10.757462,59.943158]]},"properties":{"id":"3373034-7","name":"Stavangergata"}},
{"type":"Feature","geometry":{"type":"LineString","coordinates":[[10.757462,59.943158],[10.757714,59.943252],[10.757725,59.943257],[10.758455,59.943542]]},"properties":{"id":"3373034-8","name":"Stavangergata"}},
{"type":"Feature","geometry":{"type":"LineString","coordinates":[[10.758455,59.943542],[10.758583,59.943593],[10.759108,59.943798],[10.759256,59.943829],[10.759333,59.943839]]},"properties":{"id":"3373034-9","name":"Stavangergata"}},
{"type":"Feature","geometry":{"type":"LineString","coordinates":[[10.759892,59.943992],[10.759853,59.944033],[10.759793,59.944066],[10.759717,59.944091],[10.759631,59.944103]]},"properties":{"id":"3373035-0","name":""}},
{"type":"Feature","geometry":{"type":"LineString","coordinates":[[10.759358,59.941214],[10.759482,59.941779],[10.759495,59.94184]]},"properties":{"id":"3373036-3","name":"Bergensgata"}},
{"type":"Feature","geometry":{"type":"LineString","coordinates":[[10.759495,59.94184],[10.75951,59.941907],[10.759577,59.942225],[10.759634,59.942488],[10.759646,59.942544]]},"properties":{"id":"3373036-4","name":"Bergensgata"}},
{"type":"Feature","geometry":{"type":"LineString","coordinates":[[10.759646,59.942544],[10.759659,59.942604],[10.759716,59.942879],[10.759786,59.943177]]},"properties":{"id":"3373036-5","name":"Bergensgata"}},
{"type":"Feature","geometry":{"type":"LineString","coordinates":[[10.759786,59.943177],[10.759852,59.943599],[10.75986,59.943652],[10.759846,59.943715],[10.759812,59.94376],[10.759757,59.943806]]},"properties":{"id":"3373036-6","name":"Bergensgata"}},
{"type":"Feature","geometry":{"type":"LineString","coordinates":[[10.765295,59.946547],[10.76543,59.946505]]},"properties":{"id":"3373040-0","name":"Kristoffer Aamots gate"}},
{"type":"Feature","geometry":{"type":"LineString","coordinates":[[10.76543,59.946505],[10.765717,59.946409],[10.765883,59.946359],[10.765998,59.946329],[10.766098,59.946307],[10.766225,59.946284],[10.766331,59.946267],[10.766437,59.946256],[10.766563,59.946248],[10.766576,59.946248]]},"properties":{"id":"3373040-1","name":"Kristoffer Aamots gate"}},
{"type":"Feature","geometry":{"type":"LineString","coordinates":[[10.739153,59.94285],[10.739232,59.942827],[10.739327,59.942799],[10.739384,59.942792],[10.739455,59.942792],[10.739573,59.942813],[10.740037,59.942942]]},"properties":{"id":"3612174-0","name":"Jutulveien"}},
{"type":"Feature","geometry":{"type":"LineString","coordinates":[[10.740037,59.942942],[10.740069,59.942951],[10.740202,59.942977],[10.740347,59.942997],[10.74048,59.943008],[10.740592,59.943013],[10.740676,59.943012],[10.740761,59.943008],[10.74086,59.942998],[10.740927,59.942988],[10.740991,59.942974]]},"properties":{"id":"3612174-1","name":"Jutulveien"}},
{"type":"Feature","geometry":{"type":"LineString","coordinates":[[10.742213,59.942128],[10.742357,59.942095],[10.742401,59.942084],[10.743101,59.941948]]},"properties":{"id":"3612175-0","name":"Jutulveien"}},
{"type":"Feature","geometry":{"type":"LineString","coordinates":[[10.743101,59.941948],[10.743341,59.941902],[10.744006,59.94179]]},"properties":{"id":"3612175-1","name":"Jutulveien"}},
{"type":"Feature","geometry":{"type":"LineString","coordinates":[[10.744006,59.94179],[10.744112,59.941769],[10.744981,59.941603],[10.745465,59.941516]]},"properties":{"id":"3612175-2","name":"Jutulveien"}},
{"type":"Feature","geometry":{"type":"LineString","coordinates":[[10.755892,59.945583],[10.755508,59.945422],[10.754635,59.945195]]},"properties":{"id":"3630496-0","name":"Biskop Heuchs vei"}},
{"type":"Feature","geometry":{"type":"LineString","coordinates":[[10.754635,59.945195],[10.754614,59.94519],[10.753276,59.944906],[10.753267,59.944905]]},"properties":{"id":"3630496-1","name":"Biskop Heuchs vei"}},
{"type":"Feature","geometry":{"type":"LineString","coordinates":[[10.753267,59.944905],[10.752683,59.944781],[10.751891,59.944625]]},"properties":{"id":"3630496-2","name":"Biskop Heuchs vei"}},
{"type":"Feature","geometry":{"type":"LineString","coordinates":[[10.751891,59.944625],[10.750848,59.94442],[10.750486,59.944396]]},"properties":{"id":"3630496-3","name":"Biskop Heuchs vei"}},
{"type":"Feature","geometry":{"type":"LineString","coordinates":[[10.750486,59.944396],[10.75025,59.944395],[10.750055,59.944406],[10.749812,59.944426]]},"properties":{"id":"3630496-4","name":"Biskop Heuchs vei"}},
{"type":"Feature","geometry":{"type":"LineString","coordinates":[[10.726442,59.941271],[10.726546,59.941331],[10.726834,59.941498],[10.726924,59.941551],[10.727198,59.94171],[10.727219,59.941723]]},"properties":{"id":"3630724-0","name":"Moltke Moes vei"}},
{"type":"Feature","geometry":{"type":"LineString","coordinates":[[10.727219,59.941723],[10.72722,59.941723],[10.72725,59.941739],[10.727335,59.941782],[10.727622,59.941927],[10.727928,59.942074],[10.728039,59.942154]]},"properties":{"id":"3630724-1","name":"Moltke Moes vei"}},
{"type":"Feature","geometry":{"type":"LineString","coordinates":[[10.728039,59.942154],[10.728099,59.942189],[10.728709,59.942451],[10.728824,59.942499]]},"properties":{"id":"3630724-2","name":"Moltke Moes vei"}},
{"type":"Feature","geometry":{"type":"LineString","coordinates":[[10.728824,59.942499],[10.729414,59.942745],[10.729682,59.942783]]},"properties":{"id":"3630724-3","name":"Moltke Moes vei"}},
{"type":"Feature","geometry":{"type":"LineString","coordinates":[[10.742414,59.947711],[10.74255,59.947938],[10.742701,59.948233],[10.742742,59.948331],[10.742746,59.948343]]},"properties":{"id":"3630726-0","name":"John Colletts allé"}},
{"type":"Feature","geometry":{"type":"LineString","coordinates":[[10.742746,59.948343],[10.742805,59.948514],[10.742825,59.948622],[10.742845,59.948766],[10.742845,59.94886],[10.742838,59.948994]]},"properties":{"id":"3630726-1","name":"John Colletts allé"}},
{"type":"Feature","geometry":{"type":"LineString","coordinates":[[10.742838,59.948994],[10.742827,59.949109],[10.742805,59.949253],[10.742795,59.949294]]},"properties":{"id":"3630726-2","name":"John Colletts allé"}},
{"type":"Feature","geometry":{"type":"LineString","coordinates":[[10.742795,59.949294],[10.742638,59.949651]]},"properties":{"id":"3630726-3","name":"John Colletts allé"}},
{"type":"Feature","geometry":{"type":"LineString","coordinates":[[10.742638,59.949651],[10.742545,59.94986]]},"properties":{"id":"3630726-4","name":"John Colletts allé"}},
{"type":"Feature","geometry":{"type":"LineString","coordinates":[[10.742545,59.94986],[10.742454,59.950028]]},"properties":{"id":"3630726-5","name":"John Colletts allé"}},
{"type":"Feature","geometry":{"type":"LineString","coordinates":[[10.742454,59.950028],[10.742433,59.950067],[10.742357,59.950256],[10.742365,59.950285]]},"properties":{"id":"3630726-6","name":"John Colletts allé"}},
{"type":"Feature","geometry":{"type":"LineString","coordinates":[[10.742365,59.950285],[10.742475,59.950391]]},"properties":{"id":"3630726-7","name":"John Colletts allé"}},
{"type":"Feature","geometry":{"type":"LineString","coordinates":[[10.742475,59.950391],[10.742541,59.950461],[10.742648,59.950576],[10.742948,59.950918]]},"properties":{"id":"3630726-8","name":"John Colletts allé"}},
{"type":"Feature","geometry":{"type":"LineString","coordinates":[[10.742948,59.950918],[10.743077,59.951058],[10.743317,59.951288],[10.743401,59.951382],[10.743536,59.951535],[10.743585,59.951637]]},"properties":{"id":"3630726-9","name":"John Colletts allé"}},
{"type":"Feature","geometry":{"type":"LineString","coordinates":[[10.739153,59.94285],[10.739013,59.942865]]},"properties":{"id":"3630727-0","name":"Jutulveien"}},
{"type":"Feature","geometry":{"type":"LineString","coordinates":[[10.739013,59.942865],[10.738894,59.94288],[10.738715,59.9429],[10.738347,59.942937],[10.738124,59.942964],[10.737864,59.943012]]},"properties":{"id":"3630727-1","name":"Jutulveien"}},
{"type":"Feature","geometry":{"type":"LineString","coordinates":[[10.737864,59.943012],[10.73675,59.943217]]},"properties":{"id":"3630727-2","name":"Jutulveien"}},
{"type":"Feature","geometry":{"type":"LineString","coordinates":[[10.73675,59.943217],[10.73663,59.94324],[10.736459,59.943272],[10.735915,59.943364],[10.735482,59.943444]]},"properties":{"id":"3630727-3","name":"Jutulveien"}},
{"type":"Feature","geometry":{"type":"LineString","coordinates":[[10.735482,59.943444],[10.735148,59.943506],[10.734694,59.943595],[10.734456,59.943628],[10.734213,59.943588]]},"properties":{"id":"3630727-4","name":"Jutulveien"}},
{"type":"Feature","geometry":{"type":"LineString","coordinates":[[10.728997,59.941302],[10.728494,59.941613],[10.72842,59.941699]]},"properties":{"id":"3692937-2","name":"Vestgrensa"}},
{"type":"Feature","geometry":{"type":"LineString","coordinates":[[10.72842,59.941699],[10.728284,59.941858],[10.728039,59.942154]]},"properties":{"id":"3692937-3","name":"Vestgrensa"}},
{"type":"Feature","geometry":{"type":"LineString","coordinates":[[10.728039,59.942154],[10.727774,59.942522],[10.727663,59.94267]]},"properties":{"id":"3692937-4","name":"Vestgrensa"}},
{"type":"Feature","geometry":{"type":"LineString","coordinates":[[10.727663,59.94267],[10.727279,59.943184]]},"properties":{"id":"3692937-5","name":"Vestgrensa"}},
{"type":"Feature","geometry":{"type":"LineString","coordinates":[[10.727279,59.943184],[10.726882,59.943701]]},"properties":{"id":"3692937-6","name":"Vestgrensa"}},
{"type":"Feature","geometry":{"type":"LineString","coordinates":[[10.726882,59.943701],[10.726868,59.943719],[10.726424,59.944206]]},"properties":{"id":"3692937-7","name":"Vestgrensa"}},
{"type":"Feature","geometry":{"type":"LineString","coordinates":[[10.726424,59.944206],[10.726298,59.944331],[10.725894,59.944763]]},"properties":{"id":"3692937-8","name":"Vestgrensa"}},
{"type":"Feature","geometry":{"type":"LineString","coordinates":[[10.725894,59.944763],[10.725871,59.944811],[10.725856,59.944841],[10.725822,59.944985]]},"properties":{"id":"3692937-9","name":"Vestgrensa"}},
{"type":"Feature","geometry":{"type":"LineString","coordinates":[[10.725822,59.944985],[10.725812,59.945052],[10.725758,59.94513],[10.725621,59.945232]]},"properties":{"id":"3692937-10","name":"Vestgrensa"}},
{"type":"Feature","geometry":{"type":"LineString","coordinates":[[10.725621,59.945232],[10.725522,59.945259],[10.725408,59.945272],[10.725157,59.94529]]},"properties":{"id":"3692937-11","name":"Vestgrensa"}},
{"type":"Feature","geometry":{"type":"LineString","coordinates":[[10.726442,59.941271],[10.726312,59.941333],[10.725519,59.94176]]},"properties":{"id":"3845176-0","name":"Niels Henrik Abels vei"}},
{"type":"Feature","geometry":{"type":"LineString","coordinates":[[10.725519,59.94176],[10.725508,59.941766],[10.725078,59.941994],[10.724831,59.942119],[10.724585,59.942244]]},"properties":{"id":"3845176-1","name":"Niels Henrik Abels vei"}},
{"type":"Feature","geometry":{"type":"LineString","coordinates":[[10.724585,59.942244],[10.723615,59.9427]]},"properties":{"id":"3845176-2","name":"Niels Henrik Abels vei"}},
{"type":"Feature","geometry":{"type":"LineString","coordinates":[[10.723615,59.9427],[10.722645,59.943155]]},"properties":{"id":"3845176-3","name":"Niels Henrik Abels vei"}},
{"type":"Feature","geometry":{"type":"LineString","coordinates":[[10.732815,59.947759],[10.732846,59.94778],[10.732857,59.947794]]},"properties":{"id":"3845421-0","name":""}},
{"type":"Feature","geometry":{"type":"LineString","coordinates":[[10.732857,59.947794],[10.732866,59.947806],[10.732873,59.947832],[10.732867,59.947859],[10.732863,59.947867]]},"properties":{"id":"3845421-1","name":""}},
{"type":"Feature","geometry":{"type":"LineString","coordinates":[[10.732863,59.947867],[10.732836,59.947895],[10.732795,59.947918],[10.732743,59.947935]]},"properties":{"id":"3845421-2","name":""}},
{"type":"Feature","geometry":{"type":"LineString","coordinates":[[10.732743,59.947935],[10.732702,59.947942]]},"properties":{"id":"3845421-3","name":""}},
{"type":"Feature","geometry":{"type":"LineString","coordinates":[[10.751528,59.94604],[10.751936,59.945947],[10.75222,59.945897],[10.752636,59.945855],[10.752921,59.945842],[10.753077,59.945847]]},"properties":{"id":"4054907-0","name":"Godals vei"}},
{"type":"Feature","geometry":{"type":"LineString","coordinates":[[10.753077,59.945847],[10.753253,59.945852],[10.753639,59.945892],[10.754022,59.945967],[10.754363,59.946052],[10.754572,59.946124]]},"properties":{"id":"4054907-1","name":"Godals vei"}},
{"type":"Feature","geometry":{"type":"LineString","coordinates":[[10.754572,59.946124],[10.754644,59.946148],[10.754788,59.946201],[10.755647,59.946497]]},"properties":{"id":"4054907-2","name":"Godals vei"}},
{"type":"Feature","geometry":{"type":"LineString","coordinates":[[10.755647,59.946497],[10.755966,59.946607],[10.756095,59.946651],[10.756696,59.946887]]},"properties":{"id":"4054907-3","name":"Godals vei"}},
{"type":"Feature","geometry":{"type":"LineString","coordinates":[[10.756696,59.946887],[10.75692,59.946977],[10.757716,59.947298]]},"properties":{"id":"4054907-4","name":"Godals vei"}},
{"type":"Feature","geometry":{"type":"LineString","coordinates":[[10.757716,59.947298],[10.758048,59.947432],[10.758674,59.947704],[10.758717,59.947721]]},"properties":{"id":"4054907-5","name":"Godals vei"}},
{"type":"Feature","geometry":{"type":"LineString","coordinates":[[10.758717,59.947721],[10.759072,59.947861],[10.759559,59.948061],[10.759647,59.948088],[10.759765,59.948109]]},"properties":{"id":"4054907-6","name":"Godals vei"}},
{"type":"Feature","geometry":{"type":"LineString","coordinates":[[10.760913,59.95031],[10.761025,59.950307],[10.761105,59.950313],[10.761126,59.950317],[10.761178,59.950328],[10.761291,59.950367],[10.761722,59.950591],[10.762121,59.950819]]},"properties":{"id":"4054908-0","name":"Nydalen Bruks vei"}},
{"type":"Feature","geometry":{"type":"LineString","coordinates":[[10.762121,59.950819],[10.762437,59.950999],[10.762614,59.951211],[10.762679,59.951453],[10.762683,59.951521],[10.762675,59.951559]]},"properties":{"id":"4054908-1","name":"Nydalen Bruks vei"}},
{"type":"Feature","geometry":{"type":"LineString","coordinates":[[10.762675,59.951559],[10.76267,59.951581],[10.762737,59.951653],[10.762817,59.951685],[10.762892,59.951703],[10.762944,59.951712],[10.762975,59.951718],[10.763087,59.951689],[10.763131,59.951661],[10.763167,59.951615],[10.763177,59.951582],[10.763139,59.951533],[10.763088,59.9515],[10.763013,59.951443],[10.762976,59.951395],[10.762961,59.951366],[10.762965,59.951302],[10.763019,59.951215]]},"properties":{"id":"4054908-2","name":"Nydalen Bruks vei"}},
{"type":"Feature","geometry":{"type":"LineString","coordinates":[[10.764928,59.952261],[10.76518,59.952202],[10.765529,59.952229],[10.765755,59.95221],[10.76587,59.952177]]},"properties":{"id":"4062043-0","name":"Gullhaugveien"}},
{"type":"Feature","geometry":{"type":"LineString","coordinates":[[10.76587,59.952177],[10.76588,59.952175],[10.765997,59.952106],[10.766088,59.952019],[10.766235,59.951821],[10.766293,59.951734]]},"properties":{"id":"4062043-1","name":"Gullhaugveien"}},
{"type":"Feature","geometry":{"type":"LineString","coordinates":[[10.766293,59.951734],[10.766685,59.951145]]},"properties":{"id":"4062043-2","name":"Gullhaugveien"}},
{"type":"Feature","geometry":{"type":"LineString","coordinates":[[10.760164,59.94536],[10.760341,59.945359],[10.760403,59.945358],[10.760472,59.945361],[10.760533,59.945367],[10.760597,59.945386],[10.760661,59.945419],[10.761046,59.945641],[10.761138,59.945686]]},"properties":{"id":"4062045-0","name":"Badebakken"}},
{"type":"Feature","geometry":{"type":"LineString","coordinates":[[10.761138,59.945686],[10.76128,59.945756],[10.761504,59.945853],[10.761722,59.945896],[10.762009,59.945913],[10.762242,59.945918]]},"properties":{"id":"4062045-1","name":"Badebakken"}},
{"type":"Feature","geometry":{"type":"LineString","coordinates":[[10.762242,59.945918],[10.762305,59.945915],[10.762568,59.945892],[10.762978,59.945819]]},"properties":{"id":"4062045-2","name":"Badebakken"}},
{"type":"Feature","geometry":{"type":"LineString","coordinates":[[10.762978,59.945819],[10.763252,59.945762],[10.763547,59.945698],[10.763696,59.945666],[10.763816,59.945639]]},"properties":{"id":"4062045-3","name":"Badebakken"}},
{"type":"Feature","geometry":{"type":"LineString","coordinates":[[10.763816,59.945639],[10.763886,59.945631]]},"properties":{"id":"4062045-4","name":"Badebakken"}},
{"type":"Feature","geometry":{"type":"LineString","coordinates":[[10.766071,59.949958],[10.766227,59.949728]]},"properties":{"id":"4062104-0","name":"Nydalsveien"}},
{"type":"Feature","geometry":{"type":"LineString","coordinates":[[10.766227,59.949728],[10.766267,59.949668],[10.766536,59.94927]]},"properties":{"id":"4062104-1","name":"Nydalsveien"}},
{"type":"Feature","geometry":{"type":"LineString","coordinates":[[10.766536,59.94927],[10.766566,59.949226],[10.766709,59.949015],[10.766765,59.948932]]},"properties":{"id":"4062104-2","name":"Nydalsveien"}},
{"type":"Feature","geometry":{"type":"LineString","coordinates":[[10.766765,59.948932],[10.7668,59.94888]]},"properties":{"id":"4062104-3","name":"Nydalsveien"}},
{"type":"Feature","geometry":{"type":"LineString","coordinates":[[10.765431,59.951093],[10.765365,59.951195],[10.765326,59.95126],[10.765111,59.95157],[10.765019,59.951703]]},"properties":{"id":"4062105-0","name":"Gullhaug torg"}},
{"type":"Feature","geometry":{"type":"LineString","coordinates":[[10.765019,59.951703],[10.764746,59.952097],[10.764725,59.952149],[10.764762,59.952234],[10.764877,59.952253],[10.764928,59.952261]]},"properties":{"id":"4062105-1","name":"Gullhaug torg"}},
{"type":"Feature","geometry":{"type":"LineString","coordinates":[[10.758389,59.953361],[10.758342,59.953366],[10.758294,59.953365],[10.758248,59.953358],[10.758207,59.953345],[10.758174,59.953328]]},"properties":{"id":"4217714-0","name":"Kaj Munks vei"}},
{"type":"Feature","geometry":{"type":"LineString","coordinates":[[10.735053,59.961193],[10.734949,59.961114],[10.734858,59.961065],[10.734777,59.960993]]},"properties":{"id":"4237315-0","name":"Sognsveien"}},
{"type":"Feature","geometry":{"type":"LineString","coordinates":[[10.746445,59.956181],[10.746527,59.956227],[10.746603,59.956279],[10.746856,59.956451],[10.747022,59.956595],[10.747082,59.956683]]},"properties":{"id":"4237373-0","name":"Kongleveien"}},
{"type":"Feature","geometry":{"type":"LineString","coordinates":[[10.747082,59.956683],[10.747148,59.956781],[10.747214,59.956983],[10.747192,59.957202],[10.747163,59.957272]]},"properties":{"id":"4237373-1","name":"Kongleveien"}},
{"type":"Feature","geometry":{"type":"LineString","coordinates":[[10.747163,59.957272],[10.747128,59.957356],[10.747028,59.957477],[10.746898,59.957547],[10.746734,59.957609],[10.746419,59.957702]]},"properties":{"id":"4237373-2","name":"Kongleveien"}},
{"type":"Feature","geometry":{"type":"LineString","coordinates":[[10.746419,59.957702],[10.746303,59.957785],[10.746247,59.95787],[10.74625,59.958017]]},"properties":{"id":"4237373-3","name":"Kongleveien"}},
{"type":"Feature","geometry":{"type":"LineString","coordinates":[[10.74625,59.958017],[10.746015,59.957945],[10.745774,59.957882]]},"properties":{"id":"4237373-4","name":"Kongleveien"}},
{"type":"Feature","geometry":{"type":"LineString","coordinates":[[10.745774,59.957882],[10.745497,59.957868],[10.745159,59.957867],[10.744858,59.957886]]},"properties":{"id":"4237373-5","name":"Kongleveien"}},
{"type":"Feature","geometry":{"type":"LineString","coordinates":[[10.744858,59.957886],[10.744757,59.95793],[10.744301,59.958056],[10.744222,59.958079],[10.74399,59.958146],[10.743964,59.958154],[10.743824,59.958194]]},"properties":{"id":"4237373-6","name":"Kongleveien"}},
{"type":"Feature","geometry":{"type":"LineString","coordinates":[[10.743824,59.958194],[10.743742,59.958218],[10.743638,59.958253],[10.743547,59.958283],[10.743495,59.958301],[10.743273,59.958391],[10.743038,59.958501],[10.742889,59.958572]]},"properties":{"id":"4237373-7","name":"Kongleveien"}},
{"type":"Feature","geometry":{"type":"LineString","coordinates":[[10.742889,59.958572],[10.742799,59.958614],[10.742605,59.958724],[10.742135,59.959041]]},"properties":{"id":"4237373-8","name":"Kongleveien"}},
{"type":"Feature","geometry":{"type":"LineString","coordinates":[[10.742135,59.959041],[10.741997,59.959137],[10.741353,59.959585]]},"properties":{"id":"4237373-9","name":"Kongleveien"}},
{"type":"Feature","geometry":{"type":"LineString","coordinates":[[10.741353,59.959585],[10.741263,59.959648],[10.741089,59.959738],[10.740904,59.959819],[10.740583,59.959924],[10.740476,59.959953],[10.740316,59.959996]]},"properties":{"id":"4237373-10","name":"Kongleveien"}},
{"type":"Feature","geometry":{"type":"LineString","coordinates":[[10.740316,59.959996],[10.739721,59.960154],[10.739296,59.960268],[10.739228,59.960286],[10.739136,59.960311]]},"properties":{"id":"4237373-11","name":"Kongleveien"}},
{"type":"Feature","geometry":{"type":"LineString","coordinates":[[10.739136,59.960311],[10.738777,59.96042],[10.73866,59.960449],[10.738568,59.960473],[10.73833,59.960542],[10.738149,59.96059],[10.737982,59.960631]]},"properties":{"id":"4237373-12","name":"Kongleveien"}},
{"type":"Feature","geometry":{"type":"LineString","coordinates":[[10.737982,59.960631],[10.737888,59.960655],[10.737702,59.960708],[10.737446,59.960781],[10.737222,59.96084],[10.737003,59.960901],[10.736893,59.960932],[10.736824,59.960949]]},"properties":{"id":"4237373-13","name":"Kongleveien"}},
{"type":"Feature","geometry":{"type":"LineString","coordinates":[[10.736824,59.960949],[10.736782,59.960959],[10.736568,59.961013],[10.736463,59.961039],[10.736436,59.961046],[10.736326,59.961069],[10.736186,59.961094],[10.736151,59.961098],[10.735935,59.961122],[10.735815,59.961139],[10.73576,59.961154],[10.735719,59.961171],[10.735674,59.961199],[10.735647,59.96122]]},"properties":{"id":"4237373-14","name":"Kongleveien"}},
{"type":"Feature","geometry":{"type":"LineString","coordinates":[[10.735647,59.96122],[10.735629,59.961245]]},"properties":{"id":"4237373-15","name":"Kongleveien"}},
{"type":"Feature","geometry":{"type":"LineString","coordinates":[[10.727354,59.951625],[10.727306,59.951581],[10.727259,59.951547],[10.727169,59.951493],[10.727057,59.95144],[10.726941,59.951387],[10.726804,59.951323],[10.726626,59.951231],[10.726434,59.951116],[10.72628,59.951011],[10.726265,59.951]]},"properties":{"id":"4237376-0","name":"Klaus Torgårds vei"}},
{"type":"Feature","geometry":{"type":"LineString","coordinates":[[10.726265,59.951],[10.726129,59.950897],[10.726012,59.950799],[10.725878,59.950673],[10.725677,59.95048],[10.725468,59.950269]]},"properties":{"id":"4237376-1","name":"Klaus Torgårds vei"}},
{"type":"Feature","geometry":{"type":"LineString","coordinates":[[10.725468,59.950269],[10.725012,59.949817]]},"properties":{"id":"4237376-2","name":"Klaus Torgårds vei"}},
{"type":"Feature","geometry":{"type":"LineString","coordinates":[[10.725012,59.949817],[10.724775,59.949582],[10.724692,59.949501]]},"properties":{"id":"4237376-3","name":"Klaus Torgårds vei"}},
{"type":"Feature","geometry":{"type":"LineString","coordinates":[[10.724692,59.949501],[10.724595,59.949405],[10.724405,59.949242]]},"properties":{"id":"4237376-4","name":"Klaus Torgårds vei"}},
{"type":"Feature","geometry":{"type":"LineString","coordinates":[[10.724405,59.949242],[10.724317,59.949165],[10.724193,59.949073],[10.724068,59.948995],[10.723964,59.948939]]},"properties":{"id":"4237376-5","name":"Klaus Torgårds vei"}},
{"type":"Feature","geometry":{"type":"LineString","coordinates":[[10.722772,59.948234],[10.72275,59.948261]]},"properties":{"id":"4237378-0","name":""}},
{"type":"Feature","geometry":{"type":"LineString","coordinates":[[10.72275,59.948261],[10.722715,59.948285],[10.722668,59.948303],[10.722613,59.948314],[10.722555,59.948318]]},"properties":{"id":"4237378-1","name":""}},
{"type":"Feature","geometry":{"type":"LineString","coordinates":[[10.722555,59.948318],[10.722494,59.948313],[10.722438,59.9483],[10.722391,59.948279],[10.722358,59.948253]]},"properties":{"id":"4237378-2","name":""}},
{"type":"Feature","geometry":{"type":"LineString","coordinates":[[10.722166,59.946649],[10.722228,59.946627],[10.722297,59.946614],[10.722366,59.946611]]},"properties":{"id":"4240015-0","name":""}},
{"type":"Feature","geometry":{"type":"LineString","coordinates":[[10.722366,59.946611],[10.722465,59.946622],[10.722536,59.946645],[10.722584,59.946672],[10.722611,59.946698]]},"properties":{"id":"4240015-1","name":""}},
{"type":"Feature","geometry":{"type":"LineString","coordinates":[[10.722611,59.946698],[10.722627,59.946725],[10.722626,59.946774],[10.722595,59.946817]]},"properties":{"id":"4240015-2","name":""}},
{"type":"Feature","geometry":{"type":"LineString","coordinates":[[10.722358,59.948253],[10.72229,59.948239],[10.722209,59.948215],[10.722119,59.94818],[10.72204,59.948141],[10.721933,59.948071]]},"properties":{"id":"4240017-0","name":"Klaus Torgårds vei"}},
{"type":"Feature","geometry":{"type":"LineString","coordinates":[[10.760428,59.946354],[10.760375,59.946402],[10.760325,59.946439],[10.760311,59.946452],[10.760281,59.94648],[10.760213,59.946565]]},"properties":{"id":"4241037-0","name":"Maridalsveien"}},
{"type":"Feature","geometry":{"type":"LineString","coordinates":[[10.760949,59.953439],[10.760933,59.953501],[10.760912,59.953571],[10.760898,59.953621],[10.760885,59.953664],[10.760826,59.953767]]},"properties":{"id":"4241038-0","name":"Maridalsveien"}},
{"type":"Feature","geometry":{"type":"LineString","coordinates":[[10.764228,59.959459],[10.764319,59.959457],[10.764465,59.959466],[10.764552,59.959473],[10.764705,59.959494],[10.764983,59.959547],[10.76511,59.959573],[10.765161,59.959584]]},"properties":{"id":"4241039-0","name":"Frysjaveien"}},
{"type":"Feature","geometry":{"type":"LineString","coordinates":[[10.765161,59.959584],[10.765251,59.959605],[10.765367,59.959641],[10.765472,59.959684],[10.765587,59.959738],[10.765908,59.959893]]},"properties":{"id":"4241039-1","name":"Frysjaveien"}},
{"type":"Feature","geometry":{"type":"LineString","coordinates":[[10.765908,59.959893],[10.766242,59.960056]]},"properties":{"id":"4241039-2","name":"Frysjaveien"}},
{"type":"Feature","geometry":{"type":"LineString","coordinates":[[10.766242,59.960056],[10.766384,59.960124],[10.766473,59.960171]]},"properties":{"id":"4241039-3","name":"Frysjaveien"}},
{"type":"Feature","geometry":{"type":"LineString","coordinates":[[10.760713,59.953441],[10.760666,59.953425],[10.760627,59.953404],[10.7606,59.953379]]},"properties":{"id":"4248369-0","name":""}},
{"type":"Feature","geometry":{"type":"LineString","coordinates":[[10.7606,59.953379],[10.760583,59.953348],[10.760583,59.953316],[10.7606,59.953285],[10.760632,59.953257]]},"properties":{"id":"4248369-1","name":""}},
{"type":"Feature","geometry":{"type":"LineString","coordinates":[[10.732498,59.949735],[10.732755,59.949819],[10.733251,59.949948]]},"properties":{"id":"4252343-0","name":""}},
{"type":"Feature","geometry":{"type":"LineString","coordinates":[[10.733251,59.949948],[10.734571,59.950188],[10.734587,59.950213],[10.734566,59.950241]]},"properties":{"id":"4252343-1","name":""}},
{"type":"Feature","geometry":{"type":"LineString","coordinates":[[10.734566,59.950241],[10.734547,59.950268],[10.734497,59.950272],[10.733818,59.950132],[10.733251,59.949948]]},"properties":{"id":"4252343-2","name":""}},
{"type":"Feature","geometry":{"type":"LineString","coordinates":[[10.739525,59.951012],[10.739581,59.950992],[10.739645,59.950979]]},"properties":{"id":"4272649-0","name":"Kaj Munks vei"}},
{"type":"Feature","geometry":{"type":"LineString","coordinates":[[10.739645,59.950979],[10.739714,59.950972],[10.739784,59.950972],[10.739852,59.95098],[10.739916,59.950995]]},"properties":{"id":"4272649-1","name":"Kaj Munks vei"}},
{"type":"Feature","geometry":{"type":"LineString","coordinates":[[10.739916,59.950995],[10.739989,59.951024],[10.740043,59.951062],[10.740075,59.951106],[10.740081,59.951152],[10.740069,59.951187],[10.740042,59.95122]]},"properties":{"id":"4272649-2","name":"Kaj Munks vei"}},
{"type":"Feature","geometry":{"type":"LineString","coordinates":[[10.740042,59.95122],[10.7401,59.951325],[10.74014,59.951366],[10.740213,59.951433],[10.7404,59.951545]]},"properties":{"id":"4272650-0","name":"Kaj Munks vei"}},
{"type":"Feature","geometry":{"type":"LineString","coordinates":[[10.750601,59.952488],[10.750612,59.952507],[10.750617,59.952527]]},"properties":{"id":"4272651-0","name":"Tåsenkrysset"}},
{"type":"Feature","geometry":{"type":"LineString","coordinates":[[10.739153,59.94285],[10.73924,59.942848],[10.739307,59.942846],[10.739389,59.942855],[10.739484,59.942879],[10.739882,59.943049],[10.73994,59.943076],[10.740113,59.943151]]},"properties":{"id":"4272652-0","name":"Pastor Fangens vei"}},
{"type":"Feature","geometry":{"type":"LineString","coordinates":[[10.740113,59.943151],[10.740216,59.943196],[10.740512,59.943363],[10.740814,59.943514],[10.740924,59.943577]]},"properties":{"id":"4272652-1","name":"Pastor Fangens vei"}},
{"type":"Feature","geometry":{"type":"LineString","coordinates":[[10.740924,59.943577],[10.741393,59.943854],[10.74159,59.94397],[10.741822,59.944104]]},"properties":{"id":"4272652-2","name":"Pastor Fangens vei"}},
{"type":"Feature","geometry":{"type":"LineString","coordinates":[[10.741822,59.944104],[10.741947,59.944176],[10.742147,59.944292],[10.742668,59.94452],[10.742815,59.944585]]},"properties":{"id":"4272652-3","name":"Pastor Fangens vei"}},
{"type":"Feature","geometry":{"type":"LineString","coordinates":[[10.742815,59.944585],[10.743557,59.94491],[10.743684,59.94496],[10.743856,59.94504]]},"properties":{"id":"4272652-4","name":"Pastor Fangens vei"}},
{"type":"Feature","geometry":{"type":"LineString","coordinates":[[10.743856,59.94504],[10.743968,59.945092],[10.744099,59.945177],[10.744589,59.945623]]},"properties":{"id":"4272652-5","name":"Pastor Fangens vei"}},
{"type":"Feature","geometry":{"type":"LineString","coordinates":[[10.744589,59.945623],[10.744774,59.945822],[10.744915,59.945956]]},"properties":{"id":"4272652-6","name":"Pastor Fangens vei"}},
{"type":"Feature","geometry":{"type":"LineString","coordinates":[[10.744915,59.945956],[10.744998,59.94603],[10.745073,59.946117],[10.745171,59.946231],[10.7452,59.946246],[10.745347,59.946322]]},"properties":{"id":"4272652-7","name":"Pastor Fangens vei"}},
{"type":"Feature","geometry":{"type":"LineString","coordinates":[[10.745347,59.946322],[10.745958,59.946578],[10.746555,59.94684],[10.746701,59.946904]]},"properties":{"id":"4272652-8","name":"Pastor Fangens vei"}},
{"type":"Feature","geometry":{"type":"LineString","coordinates":[[10.746701,59.946904],[10.747466,59.94724],[10.7475,59.947265],[10.747868,59.947535],[10.747898,59.947557]]},"properties":{"id":"4272652-9","name":"Pastor Fangens vei"}},
{"type":"Feature","geometry":{"type":"LineString","coordinates":[[10.759873,59.94748],[10.75923,59.94715]]},"properties":{"id":"4595256-0","name":"Biskop Heuchs vei"}},
{"type":"Feature","geometry":{"type":"LineString","coordinates":[[10.75923,59.94715],[10.758719,59.946888],[10.758587,59.946821]]},"properties":{"id":"4595256-1","name":"Biskop Heuchs vei"}},
{"type":"Feature","geometry":{"type":"LineString","coordinates":[[10.759877,59.949169],[10.759969,59.949149],[10.760316,59.949085],[10.76059,59.949034],[10.760679,59.94902]]},"properties":{"id":"4595257-0","name":"Nygårdsveien"}},
{"type":"Feature","geometry":{"type":"LineString","coordinates":[[10.760679,59.94902],[10.760764,59.949012],[10.760921,59.94901],[10.761108,59.949025],[10.761134,59.949028],[10.761326,59.949052],[10.761531,59.94909],[10.761635,59.949114],[10.761729,59.949141],[10.761807,59.949171],[10.761958,59.949265]]},"properties":{"id":"4595257-1","name":"Nygårdsveien"}},
{"type":"Feature","geometry":{"type":"LineString","coordinates":[[10.756006,59.950181],[10.757235,59.949659]]},"properties":{"id":"4595258-0","name":"Nygårds allé"}},
{"type":"Feature","geometry":{"type":"LineString","coordinates":[[10.757235,59.949659],[10.757744,59.949464],[10.757817,59.949434],[10.757899,59.9494],[10.758069,59.94933],[10.758341,59.949218],[10.758452,59.949171]]},"properties":{"id":"4595258-1","name":"Nygårds allé"}},
{"type":"Feature","geometry":{"type":"LineString","coordinates":[[10.758452,59.949171],[10.758554,59.949129],[10.758829,59.949021],[10.758984,59.948959],[10.759326,59.948824],[10.759408,59.948796],[10.759544,59.948757]]},"properties":{"id":"4595258-2","name":"Nygårds allé"}},
{"type":"Feature","geometry":{"type":"LineString","coordinates":[[10.749518,59.947403],[10.749644,59.947391],[10.750519,59.947306],[10.750957,59.947246]]},"properties":{"id":"4595259-0","name":"Hauges vei"}},
{"type":"Feature","geometry":{"type":"LineString","coordinates":[[10.750957,59.947246],[10.75219,59.947009]]},"properties":{"id":"4595259-1","name":"Hauges vei"}},
{"type":"Feature","geometry":{"type":"LineString","coordinates":[[10.75219,59.947009],[10.752739,59.946902],[10.752936,59.946882],[10.753172,59.946885],[10.753382,59.946912],[10.753557,59.946948],[10.753783,59.947041],[10.753786,59.947043]]},"properties":{"id":"4595259-2","name":"Hauges vei"}},
{"type":"Feature","geometry":{"type":"LineString","coordinates":[[10.753786,59.947043],[10.753912,59.947133],[10.75425,59.947425],[10.754529,59.947629],[10.754741,59.94775],[10.754759,59.947756]]},"properties":{"id":"4595259-3","name":"Hauges vei"}},
{"type":"Feature","geometry":{"type":"LineString","coordinates":[[10.754759,59.947756],[10.755172,59.947898],[10.755859,59.948166],[10.756138,59.948279]]},"properties":{"id":"4595259-4","name":"Hauges vei"}},
{"type":"Feature","geometry":{"type":"LineString","coordinates":[[10.752995,59.948162],[10.753428,59.948216],[10.753721,59.948311],[10.754388,59.948566],[10.754471,59.948599]]},"properties":{"id":"4595262-0","name":"Ustvedts vei"}},
{"type":"Feature","geometry":{"type":"LineString","coordinates":[[10.754471,59.948599],[10.755226,59.948895],[10.755736,59.949091],[10.755846,59.949133]]},"properties":{"id":"4595262-1","name":"Ustvedts vei"}},
{"type":"Feature","geometry":{"type":"LineString","coordinates":[[10.755846,59.949133],[10.756234,59.949282],[10.756254,59.94929],[10.756619,59.94943],[10.756722,59.949469],[10.756801,59.9495],[10.757235,59.949659]]},"properties":{"id":"4595262-2","name":"Ustvedts vei"}},
{"type":"Feature","geometry":{"type":"LineString","coordinates":[[10.757235,59.949659],[10.757744,59.950314]]},"properties":{"id":"4595262-3","name":"Ustvedts vei"}},
{"type":"Feature","geometry":{"type":"LineString","coordinates":[[10.757744,59.950314],[10.758218,59.950923],[10.758227,59.950935],[10.758254,59.95097]]},"properties":{"id":"4595262-4","name":"Ustvedts vei"}},
{"type":"Feature","geometry":{"type":"LineString","coordinates":[[10.750957,59.947246],[10.751277,59.947912]]},"properties":{"id":"4595263-0","name":"Michel Nielsens vei"}},
{"type":"Feature","geometry":{"type":"LineString","coordinates":[[10.751277,59.947912],[10.751375,59.948115],[10.751508,59.9484],[10.751565,59.948582]]},"properties":{"id":"4595263-1","name":"Michel Nielsens vei"}},
{"type":"Feature","geometry":{"type":"LineString","coordinates":[[10.751565,59.948582],[10.751595,59.948677],[10.751721,59.949262]]},"properties":{"id":"4595263-2","name":"Michel Nielsens vei"}},
{"type":"Feature","geometry":{"type":"LineString","coordinates":[[10.756696,59.946887],[10.75676,59.946861],[10.756845,59.946826],[10.75776,59.946461],[10.757809,59.946442]]},"properties":{"id":"4595264-0","name":"Legatveien"}},
{"type":"Feature","geometry":{"type":"LineString","coordinates":[[10.756336,59.948355],[10.756641,59.948094]]},"properties":{"id":"4595296-0","name":"Einar Høigårds vei"}},
{"type":"Feature","geometry":{"type":"LineString","coordinates":[[10.756641,59.948094],[10.756662,59.948075]]},"properties":{"id":"4595296-1","name":"Einar Høigårds vei"}},
{"type":"Feature","geometry":{"type":"LineString","coordinates":[[10.729903,59.941813],[10.730077,59.941854],[10.730293,59.941904],[10.730569,59.941983]]},"properties":{"id":"4605980-0","name":"Vålveien"}},
{"type":"Feature","geometry":{"type":"LineString","coordinates":[[10.730569,59.941983],[10.731088,59.942158],[10.731265,59.942214]]},"properties":{"id":"4605980-1","name":"Vålveien"}},
{"type":"Feature","geometry":{"type":"LineString","coordinates":[[10.731265,59.942214],[10.731545,59.942313]]},"properties":{"id":"4605980-2","name":"Vålveien"}},
{"type":"Feature","geometry":{"type":"LineString","coordinates":[[10.731545,59.942313],[10.732246,59.942555],[10.732451,59.942625]]},"properties":{"id":"4605980-3","name":"Vålveien"}},
{"type":"Feature","geometry":{"type":"LineString","coordinates":[[10.732451,59.942625],[10.733161,59.942867],[10.733399,59.942887]]},"properties":{"id":"4605980-4","name":"Vålveien"}},
{"type":"Feature","geometry":{"type":"LineString","coordinates":[[10.730586,59.941319],[10.730525,59.941353],[10.730516,59.941433],[10.730582,59.941561],[10.730714,59.941726],[10.730771,59.941768],[10.730773,59.941805],[10.730751,59.941837],[10.730569,59.941983]]},"properties":{"id":"4605982-1","name":"Askeladdveien"}},
{"type":"Feature","geometry":{"type":"LineString","coordinates":[[10.724585,59.942244],[10.725223,59.942579]]},"properties":{"id":"4605983-0","name":"Eventyrveien"}},
{"type":"Feature","geometry":{"type":"LineString","coordinates":[[10.725223,59.942579],[10.725753,59.942856],[10.725864,59.942913]]},"properties":{"id":"4605983-1","name":"Eventyrveien"}},
{"type":"Feature","geometry":{"type":"LineString","coordinates":[[10.725864,59.942913],[10.72621,59.942982],[10.727279,59.943184]]},"properties":{"id":"4605983-2","name":"Eventyrveien"}},
{"type":"Feature","geometry":{"type":"LineString","coordinates":[[10.727279,59.943184],[10.72735,59.943201],[10.727787,59.943305],[10.728007,59.943375],[10.72822,59.94345],[10.728372,59.943526]]},"properties":{"id":"4605983-3","name":"Eventyrveien"}},
{"type":"Feature","geometry":{"type":"LineString","coordinates":[[10.728372,59.943526],[10.728393,59.943537],[10.728555,59.943628],[10.728818,59.943831],[10.728852,59.943858],[10.728977,59.943948],[10.729059,59.943988],[10.729176,59.944031]]},"properties":{"id":"4605983-4","name":"Eventyrveien"}},
{"type":"Feature","geometry":{"type":"LineString","coordinates":[[10.729176,59.944031],[10.729524,59.944141],[10.729944,59.944247],[10.730121,59.944283],[10.730222,59.944299]]},"properties":{"id":"4605983-5","name":"Eventyrveien"}},
{"type":"Feature","geometry":{"type":"LineString","coordinates":[[10.730222,59.944299],[10.730329,59.944316],[10.730527,59.944336],[10.730727,59.944353],[10.730953,59.944351],[10.731082,59.944332],[10.731235,59.944302],[10.731357,59.94427]]},"properties":{"id":"4605983-6","name":"Eventyrveien"}},
{"type":"Feature","geometry":{"type":"LineString","coordinates":[[10.732983,59.944091],[10.733541,59.943686]]},"properties":{"id":"4605984-0","name":"Damplassen"}},
{"type":"Feature","geometry":{"type":"LineString","coordinates":[[10.733541,59.943686],[10.733418,59.94363],[10.733343,59.943567],[10.733294,59.943501],[10.733297,59.94343],[10.733332,59.943387],[10.73341,59.943335],[10.73352,59.943302],[10.733578,59.943298]]},"properties":{"id":"4605984-1","name":"Damplassen"}},
{"type":"Feature","geometry":{"type":"LineString","coordinates":[[10.733578,59.943298],[10.733698,59.943289],[10.733881,59.943313],[10.734046,59.943364],[10.734165,59.943434],[10.734218,59.943514],[10.734213,59.943588]]},"properties":{"id":"4605984-2","name":"Damplassen"}},
{"type":"Feature","geometry":{"type":"LineString","coordinates":[[10.734213,59.943588],[10.734157,59.943647],[10.734064,59.943693]]},"properties":{"id":"4605984-3","name":"Damplassen"}},
{"type":"Feature","geometry":{"type":"LineString","coordinates":[[10.734064,59.943693],[10.733954,59.943719],[10.733816,59.943728],[10.733665,59.943716],[10.733541,59.943686]]},"properties":{"id":"4605984-4","name":"Damplassen"}},
{"type":"Feature","geometry":{"type":"LineString","coordinates":[[10.733443,59.943178],[10.733399,59.942887]]},"properties":{"id":"4605985-0","name":"Gäbleins vei"}},
{"type":"Feature","geometry":{"type":"LineString","coordinates":[[10.733399,59.942887],[10.733422,59.94262],[10.733532,59.94243],[10.733575,59.942364],[10.733768,59.942153],[10.733808,59.942115]]},"properties":{"id":"4605985-1","name":"Gäbleins vei"}},
{"type":"Feature","geometry":{"type":"LineString","coordinates":[[10.737528,59.947436],[10.73778,59.947662]]},"properties":{"id":"4605986-0","name":"Bergsalléen"}},
{"type":"Feature","geometry":{"type":"LineString","coordinates":[[10.73778,59.947662],[10.738344,59.948219]]},"properties":{"id":"4605986-1","name":"Bergsalléen"}},
{"type":"Feature","geometry":{"type":"LineString","coordinates":[[10.738344,59.948219],[10.7384,59.948275],[10.738515,59.948444],[10.738633,59.948583],[10.738878,59.948782]]},"properties":{"id":"4605986-2","name":"Bergsalléen"}},
{"type":"Feature","geometry":{"type":"LineString","coordinates":[[10.733292,59.944269],[10.733203,59.944342],[10.733107,59.944416],[10.733036,59.944484],[10.733064,59.94466],[10.733047,59.944815],[10.733003,59.944918]]},"properties":{"id":"4605987-0","name":"Trollsvingen"}},
{"type":"Feature","geometry":{"type":"LineString","coordinates":[[10.733003,59.944918],[10.732926,59.945101],[10.732848,59.945287],[10.732819,59.945365],[10.73277,59.945483],[10.732745,59.945594]]},"properties":{"id":"4605987-1","name":"Trollsvingen"}},
{"type":"Feature","geometry":{"type":"LineString","coordinates":[[10.734364,59.941327],[10.733718,59.941674],[10.733694,59.941687],[10.733238,59.941937]]},"properties":{"id":"4605988-0","name":"Tiurveien"}},
{"type":"Feature","geometry":{"type":"LineString","coordinates":[[10.736255,59.941685],[10.735987,59.941891],[10.735697,59.942107]]},"properties":{"id":"4605990-0","name":"Elgveien"}},
{"type":"Feature","geometry":{"type":"LineString","coordinates":[[10.735697,59.942107],[10.735525,59.942235],[10.735135,59.942528]]},"properties":{"id":"4605990-1","name":"Elgveien"}},
{"type":"Feature","geometry":{"type":"LineString","coordinates":[[10.737478,59.942129],[10.737159,59.942327],[10.736825,59.942529]]},"properties":{"id":"4605991-0","name":"Hjorteveien"}},
{"type":"Feature","geometry":{"type":"LineString","coordinates":[[10.736825,59.942529],[10.73665,59.942635],[10.736185,59.942934]]},"properties":{"id":"4605991-1","name":"Hjorteveien"}},
{"type":"Feature","geometry":{"type":"LineString","coordinates":[[10.734064,59.943693],[10.734308,59.943778],[10.735134,59.944065],[10.735298,59.944121]]},"properties":{"id":"4605992-0","name":"Nils Lauritssøns vei"}},
{"type":"Feature","geometry":{"type":"LineString","coordinates":[[10.735298,59.944121],[10.736219,59.944431],[10.736474,59.94458]]},"properties":{"id":"4605992-1","name":"Nils Lauritssøns vei"}},
{"type":"Feature","geometry":{"type":"LineString","coordinates":[[10.736474,59.94458],[10.736617,59.944632]]},"properties":{"id":"4605992-2","name":"Nils Lauritssøns vei"}},
{"type":"Feature","geometry":{"type":"LineString","coordinates":[[10.736617,59.944632],[10.736691,59.944675],[10.737257,59.945033],[10.737528,59.945205]]},"properties":{"id":"4605992-3","name":"Nils Lauritssøns vei"}},
{"type":"Feature","geometry":{"type":"LineString","coordinates":[[10.737528,59.945205],[10.737871,59.945424],[10.738148,59.94561],[10.738409,59.94579]]},"properties":{"id":"4605992-4","name":"Nils Lauritssøns vei"}},
{"type":"Feature","geometry":{"type":"LineString","coordinates":[[10.738409,59.94579],[10.738715,59.946],[10.739259,59.946325],[10.739324,59.94636]]},"properties":{"id":"4605992-5","name":"Nils Lauritssøns vei"}},
{"type":"Feature","geometry":{"type":"LineString","coordinates":[[10.739324,59.94636],[10.740321,59.946897]]},"properties":{"id":"4605992-6","name":"Nils Lauritssøns vei"}},
{"type":"Feature","geometry":{"type":"LineString","coordinates":[[10.740321,59.946897],[10.74107,59.947266],[10.741292,59.947378]]},"properties":{"id":"4605992-7","name":"Nils Lauritssøns vei"}},
{"type":"Feature","geometry":{"type":"LineString","coordinates":[[10.741292,59.947378],[10.741414,59.947439],[10.741768,59.947608],[10.741825,59.947636],[10.741856,59.947649],[10.741894,59.947666],[10.741941,59.94768],[10.741984,59.947688],[10.742048,59.947694],[10.742414,59.947711]]},"properties":{"id":"4605992-8","name":"Nils Lauritssøns vei"}},
{"type":"Feature","geometry":{"type":"LineString","coordinates":[[10.742414,59.947711],[10.742535,59.947725],[10.74266,59.947733],[10.74291,59.947742]]},"properties":{"id":"4605992-9","name":"Nils Lauritssøns vei"}},
{"type":"Feature","geometry":{"type":"LineString","coordinates":[[10.74291,59.947742],[10.743318,59.947761],[10.744039,59.947802]]},"properties":{"id":"4605992-10","name":"Nils Lauritssøns vei"}},
{"type":"Feature","geometry":{"type":"LineString","coordinates":[[10.736474,59.94458],[10.736432,59.944594],[10.736332,59.944628],[10.736242,59.944667],[10.736192,59.944717],[10.73616,59.94484],[10.736145,59.944933],[10.736067,59.944994],[10.735829,59.94506],[10.73577,59.945069]]},"properties":{"id":"4605993-0","name":"Langlia"}},
{"type":"Feature","geometry":{"type":"LineString","coordinates":[[10.73577,59.945069],[10.735548,59.945103],[10.735239,59.945098],[10.734472,59.945148]]},"properties":{"id":"4605993-1","name":"Langlia"}},
{"type":"Feature","geometry":{"type":"LineString","coordinates":[[10.732323,59.945644],[10.732462,59.945628],[10.732745,59.945594]]},"properties":{"id":"4605994-0","name":"Møllesvingen"}},
{"type":"Feature","geometry":{"type":"LineString","coordinates":[[10.732745,59.945594],[10.732985,59.945683],[10.73313,59.945774],[10.733328,59.945898],[10.733495,59.946006],[10.733851,59.946237]]},"properties":{"id":"4605994-1","name":"Møllesvingen"}},
{"type":"Feature","geometry":{"type":"LineString","coordinates":[[10.733851,59.946237],[10.734058,59.946371],[10.734873,59.946908],[10.734884,59.946914]]},"properties":{"id":"4605994-2","name":"Møllesvingen"}},
{"type":"Feature","geometry":{"type":"LineString","coordinates":[[10.734884,59.946914],[10.735462,59.947262],[10.736055,59.947531]]},"properties":{"id":"4605994-3","name":"Møllesvingen"}},
{"type":"Feature","geometry":{"type":"LineString","coordinates":[[10.736055,59.947531],[10.736196,59.947595],[10.736437,59.947672],[10.736562,59.947686],[10.736747,59.947652],[10.737336,59.947457],[10.737528,59.947436]]},"properties":{"id":"4605994-4","name":"Møllesvingen"}},
{"type":"Feature","geometry":{"type":"LineString","coordinates":[[10.737528,59.947436],[10.737902,59.947431],[10.738114,59.947392],[10.738273,59.947355],[10.738947,59.94721]]},"properties":{"id":"4605994-5","name":"Møllesvingen"}},
{"type":"Feature","geometry":{"type":"LineString","coordinates":[[10.738947,59.94721],[10.739046,59.947188],[10.740321,59.946897]]},"properties":{"id":"4605994-6","name":"Møllesvingen"}},
{"type":"Feature","geometry":{"type":"LineString","coordinates":[[10.744239,59.947807],[10.744,59.94738],[10.743739,59.946967]]},"properties":{"id":"4605995-0","name":"Vinkelveien"}},
{"type":"Feature","geometry":{"type":"LineString","coordinates":[[10.743739,59.946967],[10.743578,59.946668],[10.743585,59.946603],[10.743675,59.946563],[10.743796,59.946546]]},"properties":{"id":"4605995-1","name":"Vinkelveien"}},
{"type":"Feature","geometry":{"type":"LineString","coordinates":[[10.743796,59.946546],[10.744752,59.946409]]},"properties":{"id":"4605995-2","name":"Vinkelveien"}},
{"type":"Feature","geometry":{"type":"LineString","coordinates":[[10.744752,59.946409],[10.745163,59.946349],[10.745347,59.946322]]},"properties":{"id":"4605995-3","name":"Vinkelveien"}},
{"type":"Feature","geometry":{"type":"LineString","coordinates":[[10.744039,59.947802],[10.744062,59.947848],[10.744159,59.948047],[10.744181,59.948108]]},"properties":{"id":"4605996-0","name":"Humleveien"}},
{"type":"Feature","geometry":{"type":"LineString","coordinates":[[10.744181,59.948108],[10.744248,59.948287]]},"properties":{"id":"4605996-1","name":"Humleveien"}},
{"type":"Feature","geometry":{"type":"LineString","coordinates":[[10.744248,59.948287],[10.744297,59.948419],[10.744314,59.9485]]},"properties":{"id":"4605996-2","name":"Humleveien"}},
{"type":"Feature","geometry":{"type":"LineString","coordinates":[[10.744314,59.9485],[10.744351,59.948673]]},"properties":{"id":"4605996-3","name":"Humleveien"}},
{"type":"Feature","geometry":{"type":"LineString","coordinates":[[10.744351,59.948673],[10.744363,59.948807]]},"properties":{"id":"4605996-4","name":"Humleveien"}},
{"type":"Feature","geometry":{"type":"LineString","coordinates":[[10.744363,59.948807],[10.744379,59.948988]]},"properties":{"id":"4605996-5","name":"Humleveien"}},
{"type":"Feature","geometry":{"type":"LineString","coordinates":[[10.744379,59.948988],[10.74438,59.94904]]},"properties":{"id":"4605996-6","name":"Humleveien"}},
{"type":"Feature","geometry":{"type":"LineString","coordinates":[[10.74438,59.94904],[10.744384,59.949219]]},"properties":{"id":"4605996-7","name":"Humleveien"}},
{"type":"Feature","geometry":{"type":"LineString","coordinates":[[10.744384,59.949219],[10.744385,59.94926],[10.744361,59.949413]]},"properties":{"id":"4605996-8","name":"Humleveien"}},
{"type":"Feature","geometry":{"type":"LineString","coordinates":[[10.744361,59.949413],[10.744341,59.949545],[10.744329,59.949604]]},"properties":{"id":"4605996-9","name":"Humleveien"}},
{"type":"Feature","geometry":{"type":"LineString","coordinates":[[10.744329,59.949604],[10.7443,59.949742]]},"properties":{"id":"4605996-10","name":"Humleveien"}},
{"type":"Feature","geometry":{"type":"LineString","coordinates":[[10.7443,59.949742],[10.74428,59.949836]]},"properties":{"id":"4605996-11","name":"Humleveien"}},
{"type":"Feature","geometry":{"type":"LineString","coordinates":[[10.74428,59.949836],[10.744252,59.949935]]},"properties":{"id":"4605996-12","name":"Humleveien"}},
{"type":"Feature","geometry":{"type":"LineString","coordinates":[[10.744252,59.949935],[10.744198,59.950122]]},"properties":{"id":"4605996-13","name":"Humleveien"}},
{"type":"Feature","geometry":{"type":"LineString","coordinates":[[10.744198,59.950122],[10.744095,59.950475]]},"properties":{"id":"4605996-14","name":"Humleveien"}},
{"type":"Feature","geometry":{"type":"LineString","coordinates":[[10.74562,59.948044],[10.745625,59.948074],[10.745679,59.94837]]},"properties":{"id":"4605997-0","name":"Syrenveien"}},
{"type":"Feature","geometry":{"type":"LineString","coordinates":[[10.745679,59.94837],[10.745707,59.948522],[10.745757,59.948759],[10.74578,59.949044]]},"properties":{"id":"4605997-1","name":"Syrenveien"}},
{"type":"Feature","geometry":{"type":"LineString","coordinates":[[10.74578,59.949044],[10.745783,59.949072],[10.745774,59.949249]]},"properties":{"id":"4605997-2","name":"Syrenveien"}},
{"type":"Feature","geometry":{"type":"LineString","coordinates":[[10.745774,59.949249],[10.745767,59.949377],[10.745753,59.949462]]},"properties":{"id":"4605997-3","name":"Syrenveien"}},
{"type":"Feature","geometry":{"type":"LineString","coordinates":[[10.745753,59.949462],[10.745718,59.949664]]},"properties":{"id":"4605997-4","name":"Syrenveien"}},
{"type":"Feature","geometry":{"type":"LineString","coordinates":[[10.745718,59.949664],[10.745678,59.949901]]},"properties":{"id":"4605997-5","name":"Syrenveien"}},
{"type":"Feature","geometry":{"type":"LineString","coordinates":[[10.74428,59.949836],[10.745233,59.949898],[10.745678,59.949901]]},"properties":{"id":"4605998-0","name":"Syrenveien"}},
{"type":"Feature","geometry":{"type":"LineString","coordinates":[[10.745678,59.949901],[10.745804,59.949902]]},"properties":{"id":"4605998-1","name":"Syrenveien"}},
{"type":"Feature","geometry":{"type":"LineString","coordinates":[[10.745804,59.949902],[10.746382,59.949907]]},"properties":{"id":"4605998-2","name":"Syrenveien"}},
{"type":"Feature","geometry":{"type":"LineString","coordinates":[[10.746382,59.949907],[10.74701,59.949913]]},"properties":{"id":"4605998-3","name":"Syrenveien"}},
{"type":"Feature","geometry":{"type":"LineString","coordinates":[[10.747898,59.947557],[10.747739,59.947591],[10.747696,59.9476],[10.747348,59.947702]]},"properties":{"id":"4605999-0","name":"Østhellinga"}},
{"type":"Feature","geometry":{"type":"LineString","coordinates":[[10.747348,59.947702],[10.747199,59.947745],[10.746786,59.947913],[10.746251,59.948021]]},"properties":{"id":"4605999-1","name":"Østhellinga"}},
{"type":"Feature","geometry":{"type":"LineString","coordinates":[[10.746251,59.948021],[10.745888,59.948094]]},"properties":{"id":"4605999-2","name":"Østhellinga"}},
{"type":"Feature","geometry":{"type":"LineString","coordinates":[[10.747363,59.948668],[10.747285,59.948718],[10.747221,59.94876],[10.747193,59.948804]]},"properties":{"id":"4606000-0","name":"Kløverveien"}},
{"type":"Feature","geometry":{"type":"LineString","coordinates":[[10.747193,59.948804],[10.747168,59.948845],[10.747163,59.949028]]},"properties":{"id":"4606000-1","name":"Kløverveien"}},
{"type":"Feature","geometry":{"type":"LineString","coordinates":[[10.747163,59.949028],[10.747154,59.949338],[10.74701,59.949913]]},"properties":{"id":"4606000-2","name":"Kløverveien"}},
{"type":"Feature","geometry":{"type":"LineString","coordinates":[[10.74701,59.949913],[10.746931,59.950193],[10.746812,59.950617]]},"properties":{"id":"4606000-3","name":"Kløverveien"}},
{"type":"Feature","geometry":{"type":"LineString","coordinates":[[10.742475,59.950391],[10.742756,59.950405],[10.743382,59.950438]]},"properties":{"id":"4606001-0","name":"Irisveien"}},
{"type":"Feature","geometry":{"type":"LineString","coordinates":[[10.743382,59.950438],[10.744095,59.950475]]},"properties":{"id":"4606001-1","name":"Irisveien"}},
{"type":"Feature","geometry":{"type":"LineString","coordinates":[[10.744095,59.950475],[10.74423,59.950481]]},"properties":{"id":"4606001-2","name":"Irisveien"}},
{"type":"Feature","geometry":{"type":"LineString","coordinates":[[10.74423,59.950481],[10.744599,59.950501],[10.744748,59.95051]]},"properties":{"id":"4606001-3","name":"Irisveien"}},
{"type":"Feature","geometry":{"type":"LineString","coordinates":[[10.744748,59.95051],[10.745089,59.950529],[10.745508,59.950553]]},"properties":{"id":"4606001-4","name":"Irisveien"}},
{"type":"Feature","geometry":{"type":"LineString","coordinates":[[10.745508,59.950553],[10.745577,59.950557],[10.745643,59.95056],[10.74614,59.950584]]},"properties":{"id":"4606001-5","name":"Irisveien"}},
{"type":"Feature","geometry":{"type":"LineString","coordinates":[[10.74614,59.950584],[10.746544,59.950604]]},"properties":{"id":"4606001-6","name":"Irisveien"}},
{"type":"Feature","geometry":{"type":"LineString","coordinates":[[10.746544,59.950604],[10.746812,59.950617]]},"properties":{"id":"4606001-7","name":"Irisveien"}},
{"type":"Feature","geometry":{"type":"LineString","coordinates":[[10.746812,59.950617],[10.747125,59.950632]]},"properties":{"id":"4606001-8","name":"Irisveien"}},
{"type":"Feature","geometry":{"type":"LineString","coordinates":[[10.747125,59.950632],[10.747296,59.95064],[10.747564,59.950643]]},"properties":{"id":"4606001-9","name":"Irisveien"}},
{"type":"Feature","geometry":{"type":"LineString","coordinates":[[10.747564,59.950643],[10.747992,59.950637],[10.748456,59.950596],[10.748645,59.950565]]},"properties":{"id":"4606001-10","name":"Irisveien"}},
{"type":"Feature","geometry":{"type":"LineString","coordinates":[[10.748645,59.950565],[10.748796,59.95054]]},"properties":{"id":"4606001-11","name":"Irisveien"}},
{"type":"Feature","geometry":{"type":"LineString","coordinates":[[10.748796,59.95054],[10.749228,59.950469],[10.749283,59.95046]]},"properties":{"id":"4606001-12","name":"Irisveien"}},
{"type":"Feature","geometry":{"type":"LineString","coordinates":[[10.749283,59.95046],[10.749678,59.950394]]},"properties":{"id":"4606001-13","name":"Irisveien"}},
{"type":"Feature","geometry":{"type":"LineString","coordinates":[[10.749678,59.950394],[10.750076,59.950328],[10.750265,59.950282]]},"properties":{"id":"4606001-14","name":"Irisveien"}},
{"type":"Feature","geometry":{"type":"LineString","coordinates":[[10.750265,59.950282],[10.750539,59.950237],[10.75064,59.950186]]},"properties":{"id":"4606001-15","name":"Irisveien"}},
{"type":"Feature","geometry":{"type":"LineString","coordinates":[[10.75064,59.950186],[10.750845,59.950101],[10.751326,59.949939]]},"properties":{"id":"4606002-0","name":"Christophers vei"}},
{"type":"Feature","geometry":{"type":"LineString","coordinates":[[10.751326,59.949939],[10.751371,59.949925],[10.752108,59.949695]]},"properties":{"id":"4606002-1","name":"Christophers vei"}},
{"type":"Feature","geometry":{"type":"LineString","coordinates":[[10.752108,59.949695],[10.752216,59.949659]]},"properties":{"id":"4606002-2","name":"Christophers vei"}},
{"type":"Feature","geometry":{"type":"LineString","coordinates":[[10.752216,59.949659],[10.753122,59.949359],[10.753198,59.949284]]},"properties":{"id":"4606002-3","name":"Christophers vei"}},
{"type":"Feature","geometry":{"type":"LineString","coordinates":[[10.743387,59.94465],[10.743758,59.944663],[10.744358,59.944658],[10.744675,59.944637]]},"properties":{"id":"4606006-0","name":"Tåsen allé"}},
{"type":"Feature","geometry":{"type":"LineString","coordinates":[[10.744675,59.944637],[10.745033,59.944623],[10.745943,59.94457]]},"properties":{"id":"4606006-1","name":"Tåsen allé"}},
{"type":"Feature","geometry":{"type":"LineString","coordinates":[[10.745943,59.94457],[10.746719,59.944524],[10.747213,59.944505]]},"properties":{"id":"4606006-2","name":"Tåsen allé"}},
{"type":"Feature","geometry":{"type":"LineString","coordinates":[[10.747213,59.944505],[10.747477,59.944495],[10.748312,59.944458],[10.748484,59.944451]]},"properties":{"id":"4606006-3","name":"Tåsen allé"}},
{"type":"Feature","geometry":{"type":"LineString","coordinates":[[10.751326,59.949939],[10.751368,59.949978],[10.752082,59.950637]]},"properties":{"id":"4606008-0","name":""}},
{"type":"Feature","geometry":{"type":"LineString","coordinates":[[10.752108,59.949695],[10.752842,59.950367]]},"properties":{"id":"4606009-0","name":""}},
{"type":"Feature","geometry":{"type":"LineString","coordinates":[[10.725894,59.944763],[10.724585,59.944889],[10.724361,59.944898],[10.724199,59.944892]]},"properties":{"id":"4606961-0","name":"Bukken Bruses vei"}},
{"type":"Feature","geometry":{"type":"LineString","coordinates":[[10.724199,59.944892],[10.724142,59.94489],[10.723789,59.944835],[10.723396,59.944737],[10.722653,59.944554],[10.72263,59.944548]]},"properties":{"id":"4606961-1","name":"Bukken Bruses vei"}},
{"type":"Feature","geometry":{"type":"LineString","coordinates":[[10.72263,59.944548],[10.721199,59.944203],[10.721101,59.944158]]},"properties":{"id":"4606961-2","name":"Bukken Bruses vei"}},
{"type":"Feature","geometry":{"type":"LineString","coordinates":[[10.732259,59.945525],[10.732141,59.945541],[10.731799,59.945592],[10.731698,59.945609],[10.731378,59.945664],[10.731321,59.945675],[10.731052,59.945706],[10.730978,59.945715],[10.730768,59.945719]]},"properties":{"id":"4606962-0","name":"Tyrihansveien"}},
{"type":"Feature","geometry":{"type":"LineString","coordinates":[[10.730768,59.945719],[10.730754,59.945719],[10.7306,59.945711],[10.73048,59.945698],[10.730329,59.945682],[10.73009,59.945635],[10.729843,59.945576],[10.729578,59.945483],[10.729388,59.945404]]},"properties":{"id":"4606962-1","name":"Tyrihansveien"}},
{"type":"Feature","geometry":{"type":"LineString","coordinates":[[10.729388,59.945404],[10.728457,59.944967]]},"properties":{"id":"4606962-2","name":"Tyrihansveien"}},
{"type":"Feature","geometry":{"type":"LineString","coordinates":[[10.728457,59.944967],[10.727957,59.944732],[10.727759,59.944639],[10.727504,59.944543]]},"properties":{"id":"4606962-3","name":"Tyrihansveien"}},
{"type":"Feature","geometry":{"type":"LineString","coordinates":[[10.727504,59.944543],[10.727085,59.944386],[10.7265,59.944224],[10.726424,59.944206]]},"properties":{"id":"4606962-4","name":"Tyrihansveien"}},
{"type":"Feature","geometry":{"type":"LineString","coordinates":[[10.726424,59.944206],[10.726164,59.944287],[10.725725,59.944373],[10.725525,59.94438],[10.725463,59.944375]]},"properties":{"id":"4606962-5","name":"Tyrihansveien"}},
{"type":"Feature","geometry":{"type":"LineString","coordinates":[[10.725463,59.944375],[10.72534,59.944365],[10.725189,59.944328],[10.725057,59.944283],[10.724936,59.944219],[10.724848,59.944144],[10.724823,59.944025]]},"properties":{"id":"4606962-6","name":"Tyrihansveien"}},
{"type":"Feature","geometry":{"type":"LineString","coordinates":[[10.724823,59.944025],[10.725343,59.943469]]},"properties":{"id":"4606963-0","name":"Veslefrikkveien"}},
{"type":"Feature","geometry":{"type":"LineString","coordinates":[[10.725343,59.943469],[10.725864,59.942913]]},"properties":{"id":"4606963-1","name":"Veslefrikkveien"}},
{"type":"Feature","geometry":{"type":"LineString","coordinates":[[10.729388,59.945404],[10.729502,59.94523],[10.729581,59.945043],[10.729591,59.944878],[10.729584,59.944777],[10.729558,59.944699]]},"properties":{"id":"4606964-0","name":"Per Gynts vei"}},
{"type":"Feature","geometry":{"type":"LineString","coordinates":[[10.729558,59.944699],[10.729552,59.944682],[10.729478,59.944552],[10.72938,59.944424],[10.729299,59.944328],[10.729241,59.944259],[10.729206,59.944217],[10.729123,59.944134],[10.729108,59.944105],[10.729116,59.944082],[10.729142,59.94406],[10.729176,59.944031]]},"properties":{"id":"4606964-1","name":"Per Gynts vei"}},
{"type":"Feature","geometry":{"type":"LineString","coordinates":[[10.724179,59.945843],[10.724199,59.94581],[10.724262,59.945785],[10.724335,59.945784],[10.724393,59.945801],[10.724424,59.945834],[10.724405,59.945876],[10.724349,59.9459],[10.724274,59.945903],[10.72421,59.945884],[10.724184,59.94586],[10.724179,59.945843]]},"properties":{"id":"4606965-0","name":""}},
{"type":"Feature","geometry":{"type":"LineString","coordinates":[[10.7629,59.941567],[10.763152,59.941662],[10.763612,59.941862]]},"properties":{"id":"4628331-0","name":"Mor Go’hjertas vei"}},
{"type":"Feature","geometry":{"type":"LineString","coordinates":[[10.763612,59.941862],[10.763686,59.941894]]},"properties":{"id":"4628331-1","name":"Mor Go’hjertas vei"}},
{"type":"Feature","geometry":{"type":"LineString","coordinates":[[10.763686,59.941894],[10.763757,59.941925],[10.763796,59.941952],[10.76381,59.941978],[10.763874,59.942281],[10.763883,59.942296],[10.763894,59.942316],[10.76392,59.942345],[10.763958,59.942367],[10.764,59.942382],[10.764055,59.942393],[10.764132,59.942398],[10.76428,59.942395],[10.76431,59.942394]]},"properties":{"id":"4628331-2","name":"Mor Go’hjertas vei"}},
{"type":"Feature","geometry":{"type":"LineString","coordinates":[[10.76431,59.942394],[10.764461,59.942389],[10.764524,59.94239],[10.764577,59.942397],[10.764623,59.942413],[10.764655,59.942436],[10.764683,59.942462],[10.764704,59.942506],[10.764716,59.942568],[10.764781,59.942863],[10.764796,59.94293]]},"properties":{"id":"4628331-3","name":"Mor Go’hjertas vei"}},
{"type":"Feature","geometry":{"type":"LineString","coordinates":[[10.764796,59.94293],[10.764818,59.943027],[10.764921,59.943482],[10.764922,59.943538],[10.764914,59.943579],[10.764901,59.943619]]},"properties":{"id":"4628331-4","name":"Mor Go’hjertas vei"}},
{"type":"Feature","geometry":{"type":"LineString","coordinates":[[10.763089,59.943647],[10.763037,59.943685],[10.762973,59.94371],[10.762899,59.943722],[10.762864,59.943728],[10.762152,59.943753]]},"properties":{"id":"4628332-0","name":"Moldegata"}},
{"type":"Feature","geometry":{"type":"LineString","coordinates":[[10.762152,59.943753],[10.761499,59.943795],[10.761022,59.943825]]},"properties":{"id":"4628332-1","name":"Moldegata"}},
{"type":"Feature","geometry":{"type":"LineString","coordinates":[[10.761022,59.943825],[10.760036,59.943887],[10.759893,59.943895]]},"properties":{"id":"4628332-2","name":"Moldegata"}},
{"type":"Feature","geometry":{"type":"LineString","coordinates":[[10.762871,59.942376],[10.762701,59.942386],[10.762103,59.942422],[10.76126,59.942464]]},"properties":{"id":"4628333-0","name":"Holmestrandgata"}},
{"type":"Feature","geometry":{"type":"LineString","coordinates":[[10.76126,59.942464],[10.759759,59.942539],[10.759646,59.942544]]},"properties":{"id":"4628333-1","name":"Holmestrandgata"}},
{"type":"Feature","geometry":{"type":"LineString","coordinates":[[10.759495,59.94184],[10.759619,59.941834],[10.760198,59.941807],[10.761118,59.941762]]},"properties":{"id":"4628334-0","name":"Sarpsborggata"}},
{"type":"Feature","geometry":{"type":"LineString","coordinates":[[10.761118,59.941762],[10.762452,59.941696],[10.762585,59.941687],[10.762667,59.941678],[10.762735,59.941665]]},"properties":{"id":"4628334-1","name":"Sarpsborggata"}},
{"type":"Feature","geometry":{"type":"LineString","coordinates":[[10.762152,59.943753],[10.762183,59.943899],[10.762157,59.944007],[10.762147,59.944036],[10.761774,59.94425]]},"properties":{"id":"4628335-0","name":""}},
{"type":"Feature","geometry":{"type":"LineString","coordinates":[[10.75477,59.949766],[10.755256,59.949919],[10.756006,59.950181]]},"properties":{"id":"4628423-0","name":"Bakkehaugveien"}},
{"type":"Feature","geometry":{"type":"LineString","coordinates":[[10.756006,59.950181],[10.756081,59.950268],[10.756224,59.950411],[10.756435,59.950643],[10.756477,59.950699]]},"properties":{"id":"4628423-1","name":"Bakkehaugveien"}},
{"type":"Feature","geometry":{"type":"LineString","coordinates":[[10.756477,59.950699],[10.756855,59.9512],[10.756881,59.951232]]},"properties":{"id":"4628423-2","name":"Bakkehaugveien"}},
{"type":"Feature","geometry":{"type":"LineString","coordinates":[[10.756881,59.951232],[10.756981,59.951317],[10.757477,59.951694],[10.757766,59.951872]]},"properties":{"id":"4628423-3","name":"Bakkehaugveien"}},
{"type":"Feature","geometry":{"type":"LineString","coordinates":[[10.757766,59.951872],[10.75788,59.951945],[10.757979,59.952007],[10.758163,59.952096],[10.758319,59.952162],[10.75872,59.952291],[10.758893,59.952336],[10.758976,59.952359]]},"properties":{"id":"4628423-4","name":"Bakkehaugveien"}},
{"type":"Feature","geometry":{"type":"LineString","coordinates":[[10.752703,59.95202],[10.75286,59.952024],[10.753031,59.951987],[10.753736,59.951846]]},"properties":{"id":"4628424-0","name":"Blåsbortveien"}},
{"type":"Feature","geometry":{"type":"LineString","coordinates":[[10.753736,59.951846],[10.754362,59.951722],[10.754767,59.951651]]},"properties":{"id":"4628424-1","name":"Blåsbortveien"}},
{"type":"Feature","geometry":{"type":"LineString","coordinates":[[10.754767,59.951651],[10.755824,59.951442]]},"properties":{"id":"4628424-2","name":"Blåsbortveien"}},
{"type":"Feature","geometry":{"type":"LineString","coordinates":[[10.755824,59.951442],[10.756881,59.951232]]},"properties":{"id":"4628424-3","name":"Blåsbortveien"}},
{"type":"Feature","geometry":{"type":"LineString","coordinates":[[10.756881,59.951232],[10.758254,59.95097]]},"properties":{"id":"4628424-4","name":"Blåsbortveien"}},
{"type":"Feature","geometry":{"type":"LineString","coordinates":[[10.758254,59.95097],[10.758894,59.950846],[10.758944,59.950837],[10.759647,59.950696]]},"properties":{"id":"4628424-5","name":"Blåsbortveien"}},
{"type":"Feature","geometry":{"type":"LineString","coordinates":[[10.759647,59.950696],[10.759866,59.950652],[10.760752,59.950488],[10.760846,59.950478],[10.760932,59.950474]]},"properties":{"id":"4628424-6","name":"Blåsbortveien"}},
{"type":"Feature","geometry":{"type":"LineString","coordinates":[[10.750302,59.952424],[10.750403,59.952364],[10.750462,59.952314],[10.750488,59.952291]]},"properties":{"id":"4628425-0","name":"Nordbergveien"}},
{"type":"Feature","geometry":{"type":"LineString","coordinates":[[10.751085,59.951009],[10.751164,59.951002],[10.751302,59.950992],[10.751364,59.950987],[10.751405,59.950989]]},"properties":{"id":"4628426-0","name":"Tåsenveien"}},
{"type":"Feature","geometry":{"type":"LineString","coordinates":[[10.751405,59.950989],[10.751469,59.951007],[10.751507,59.951021],[10.751545,59.951045],[10.751607,59.951094]]},"properties":{"id":"4628426-1","name":"Tåsenveien"}},
{"type":"Feature","geometry":{"type":"LineString","coordinates":[[10.753187,59.95326],[10.752999,59.953334],[10.752815,59.953426],[10.752749,59.953471]]},"properties":{"id":"4628430-0","name":"Tåsenveien"}},
{"type":"Feature","geometry":{"type":"LineString","coordinates":[[10.752749,59.953471],[10.752743,59.953475]]},"properties":{"id":"4628430-1","name":"Tåsenveien"}},
{"type":"Feature","geometry":{"type":"LineString","coordinates":[[10.753332,59.957179],[10.753386,59.95708],[10.753252,59.956771],[10.753135,59.956534],[10.753117,59.956486]]},"properties":{"id":"4628431-0","name":"Tåsen terrasse"}},
{"type":"Feature","geometry":{"type":"LineString","coordinates":[[10.753117,59.956486],[10.753042,59.95629],[10.752999,59.956169],[10.75295,59.955991],[10.752947,59.955781]]},"properties":{"id":"4628431-1","name":"Tåsen terrasse"}},
{"type":"Feature","geometry":{"type":"LineString","coordinates":[[10.752947,59.955781],[10.752947,59.955764],[10.752977,59.955462],[10.753083,59.955204],[10.753156,59.95508]]},"properties":{"id":"4628431-2","name":"Tåsen terrasse"}},
{"type":"Feature","geometry":{"type":"LineString","coordinates":[[10.753156,59.95508],[10.753214,59.954982],[10.753363,59.954791],[10.753467,59.954676],[10.753575,59.954582],[10.753773,59.954444]]},"properties":{"id":"4628431-3","name":"Tåsen terrasse"}},
{"type":"Feature","geometry":{"type":"LineString","coordinates":[[10.753773,59.954444],[10.75405,59.95427],[10.754251,59.954179],[10.754334,59.954142],[10.754404,59.954111],[10.754538,59.95405],[10.754726,59.953972]]},"properties":{"id":"4628431-4","name":"Tåsen terrasse"}},
{"type":"Feature","geometry":{"type":"LineString","coordinates":[[10.754726,59.953972],[10.754798,59.953942]]},"properties":{"id":"4628431-5","name":"Tåsen terrasse"}},
{"type":"Feature","geometry":{"type":"LineString","coordinates":[[10.754798,59.953942],[10.754978,59.953872],[10.755221,59.953783],[10.755281,59.953762],[10.75564,59.95366],[10.755692,59.953645]]},"properties":{"id":"4628431-6","name":"Tåsen terrasse"}},
{"type":"Feature","geometry":{"type":"LineString","coordinates":[[10.755692,59.953645],[10.755763,59.953625],[10.756274,59.953476],[10.756383,59.953448],[10.756486,59.953422],[10.756642,59.953398]]},"properties":{"id":"4628431-7","name":"Tåsen terrasse"}},
{"type":"Feature","geometry":{"type":"LineString","coordinates":[[10.756642,59.953398],[10.756655,59.953326],[10.756665,59.953237]]},"properties":{"id":"4628431-8","name":"Tåsen terrasse"}},
{"type":"Feature","geometry":{"type":"LineString","coordinates":[[10.763691,59.958118],[10.763394,59.958112],[10.763261,59.958106],[10.763129,59.958101],[10.763001,59.958096],[10.76281,59.95809],[10.762756,59.958089]]},"properties":{"id":"4628432-0","name":"Carl Kjelsens vei"}},
{"type":"Feature","geometry":{"type":"LineString","coordinates":[[10.762756,59.958089],[10.762404,59.958078],[10.762205,59.958075],[10.762017,59.958075],[10.761822,59.95808]]},"properties":{"id":"4628432-1","name":"Carl Kjelsens vei"}},
{"type":"Feature","geometry":{"type":"LineString","coordinates":[[10.761822,59.95808],[10.761426,59.958098]]},"properties":{"id":"4628432-2","name":"Carl Kjelsens vei"}},
{"type":"Feature","geometry":{"type":"LineString","coordinates":[[10.761426,59.958098],[10.761055,59.958115],[10.760688,59.958135]]},"properties":{"id":"4628432-3","name":"Carl Kjelsens vei"}},
{"type":"Feature","geometry":{"type":"LineString","coordinates":[[10.760688,59.958135],[10.760481,59.958147],[10.760214,59.958165],[10.759727,59.958203],[10.759365,59.958229]]},"properties":{"id":"4628432-4","name":"Carl Kjelsens vei"}},
{"type":"Feature","geometry":{"type":"LineString","coordinates":[[10.759365,59.958229],[10.759079,59.958255],[10.758854,59.958281],[10.75856,59.958316],[10.758345,59.958346]]},"properties":{"id":"4628432-5","name":"Carl Kjelsens vei"}},
{"type":"Feature","geometry":{"type":"LineString","coordinates":[[10.758345,59.958346],[10.75833,59.958348],[10.758129,59.958379],[10.757975,59.958406],[10.757787,59.958441],[10.757648,59.958471],[10.757371,59.958536]]},"properties":{"id":"4628432-6","name":"Carl Kjelsens vei"}},
{"type":"Feature","geometry":{"type":"LineString","coordinates":[[10.757371,59.958536],[10.757197,59.958576],[10.757012,59.958625]]},"properties":{"id":"4628432-7","name":"Carl Kjelsens vei"}},
{"type":"Feature","geometry":{"type":"LineString","coordinates":[[10.757012,59.958625],[10.756748,59.958698],[10.756271,59.958839],[10.756112,59.958885],[10.755945,59.958929],[10.755745,59.958977]]},"properties":{"id":"4628432-8","name":"Carl Kjelsens vei"}},
{"type":"Feature","geometry":{"type":"LineString","coordinates":[[10.755745,59.958977],[10.755575,59.959014],[10.755368,59.959051],[10.755134,59.959089],[10.754579,59.959174]]},"properties":{"id":"4628432-9","name":"Carl Kjelsens vei"}},
{"type":"Feature","geometry":{"type":"LineString","coordinates":[[10.754579,59.959174],[10.754154,59.959239],[10.753763,59.959299],[10.753582,59.95933],[10.753407,59.959362]]},"properties":{"id":"4628432-10","name":"Carl Kjelsens vei"}},
{"type":"Feature","geometry":{"type":"LineString","coordinates":[[10.753407,59.959362],[10.753243,59.959393],[10.753047,59.959433],[10.752824,59.959482],[10.752654,59.959525],[10.752471,59.959577],[10.752327,59.959619],[10.752179,59.95967]]},"properties":{"id":"4628432-11","name":"Carl Kjelsens vei"}},
{"type":"Feature","geometry":{"type":"LineString","coordinates":[[10.752179,59.95967],[10.752018,59.959725],[10.751821,59.959802],[10.751643,59.959877]]},"properties":{"id":"4628432-12","name":"Carl Kjelsens vei"}},
{"type":"Feature","geometry":{"type":"LineString","coordinates":[[10.751643,59.959877],[10.751146,59.960086],[10.750923,59.960175],[10.750661,59.960274],[10.750477,59.960335],[10.750395,59.960363],[10.750288,59.960395]]},"properties":{"id":"4628432-13","name":"Carl Kjelsens vei"}},
{"type":"Feature","geometry":{"type":"LineString","coordinates":[[10.750288,59.960395],[10.750106,59.96045],[10.749843,59.960519],[10.749685,59.960559],[10.749515,59.960602]]},"properties":{"id":"4628432-14","name":"Carl Kjelsens vei"}},
{"type":"Feature","geometry":{"type":"LineString","coordinates":[[10.749515,59.960602],[10.749284,59.960655],[10.748975,59.960721],[10.748609,59.960797],[10.748334,59.960847],[10.748043,59.960899],[10.747915,59.960922]]},"properties":{"id":"4628432-15","name":"Carl Kjelsens vei"}},
{"type":"Feature","geometry":{"type":"LineString","coordinates":[[10.747915,59.960922],[10.747718,59.960958],[10.747356,59.961016],[10.747003,59.961069],[10.746903,59.961083]]},"properties":{"id":"4628432-16","name":"Carl Kjelsens vei"}},
{"type":"Feature","geometry":{"type":"LineString","coordinates":[[10.746903,59.961083],[10.746195,59.961178],[10.745877,59.96122]]},"properties":{"id":"4628432-17","name":"Carl Kjelsens vei"}},
{"type":"Feature","geometry":{"type":"LineString","coordinates":[[10.745877,59.96122],[10.745456,59.961271],[10.7451,59.961311]]},"properties":{"id":"4628432-18","name":"Carl Kjelsens vei"}},
{"type":"Feature","geometry":{"type":"LineString","coordinates":[[10.7451,59.961311],[10.745029,59.961319],[10.744973,59.961325],[10.744236,59.961405],[10.743728,59.961455],[10.743399,59.961482]]},"properties":{"id":"4628432-19","name":"Carl Kjelsens vei"}},
{"type":"Feature","geometry":{"type":"LineString","coordinates":[[10.743399,59.961482],[10.743229,59.961497],[10.742436,59.961561],[10.74198,59.961594],[10.741683,59.961612]]},"properties":{"id":"4628432-20","name":"Carl Kjelsens vei"}},
{"type":"Feature","geometry":{"type":"LineString","coordinates":[[10.741683,59.961612],[10.741428,59.961628]]},"properties":{"id":"4628432-21","name":"Carl Kjelsens vei"}},
{"type":"Feature","geometry":{"type":"LineString","coordinates":[[10.741428,59.961628],[10.741069,59.96165],[10.740731,59.961669],[10.74067,59.961672],[10.740318,59.961689],[10.740128,59.961698]]},"properties":{"id":"4628432-22","name":"Carl Kjelsens vei"}},
{"type":"Feature","geometry":{"type":"LineString","coordinates":[[10.740128,59.961698],[10.740032,59.961703],[10.739662,59.961714],[10.739262,59.961723],[10.738823,59.961732]]},"properties":{"id":"4628432-23","name":"Carl Kjelsens vei"}},
{"type":"Feature","geometry":{"type":"LineString","coordinates":[[10.738823,59.961732],[10.738586,59.961732],[10.738453,59.961732],[10.738283,59.961725],[10.738145,59.961717],[10.738012,59.961708],[10.737772,59.961687]]},"properties":{"id":"4628432-24","name":"Carl Kjelsens vei"}},
{"type":"Feature","geometry":{"type":"LineString","coordinates":[[10.735187,59.961134],[10.735243,59.961136],[10.735295,59.961148],[10.735334,59.961169]]},"properties":{"id":"4628433-0","name":""}},
{"type":"Feature","geometry":{"type":"LineString","coordinates":[[10.758693,59.952926],[10.758681,59.952813],[10.758691,59.952798]]},"properties":{"id":"4628534-0","name":"Nedre Stabburvei"}},
{"type":"Feature","geometry":{"type":"LineString","coordinates":[[10.758691,59.952798],[10.758976,59.952359]]},"properties":{"id":"4628534-1","name":"Nedre Stabburvei"}},
{"type":"Feature","geometry":{"type":"LineString","coordinates":[[10.758976,59.952359],[10.75909,59.952278],[10.759251,59.952184],[10.759549,59.952082],[10.759756,59.95203]]},"properties":{"id":"4628534-2","name":"Nedre Stabburvei"}},
{"type":"Feature","geometry":{"type":"LineString","coordinates":[[10.759756,59.95203],[10.759964,59.951999],[10.760125,59.951987],[10.760725,59.951954],[10.76082,59.951949],[10.760966,59.951948]]},"properties":{"id":"4628534-3","name":"Nedre Stabburvei"}},
{"type":"Feature","geometry":{"type":"LineString","coordinates":[[10.747507,59.942365],[10.747431,59.94237],[10.747169,59.942389],[10.747068,59.942381],[10.745842,59.942261]]},"properties":{"id":"4645877-0","name":"Spångbergveien"}},
{"type":"Feature","geometry":{"type":"LineString","coordinates":[[10.745842,59.942261],[10.744542,59.942133],[10.744345,59.942084],[10.744249,59.942028]]},"properties":{"id":"4645877-1","name":"Spångbergveien"}},
{"type":"Feature","geometry":{"type":"LineString","coordinates":[[10.744249,59.942028],[10.744006,59.94179]]},"properties":{"id":"4645877-2","name":"Spångbergveien"}},
{"type":"Feature","geometry":{"type":"LineString","coordinates":[[10.735219,59.961288],[10.735057,59.961361],[10.73503,59.961375],[10.734925,59.961411]]},"properties":{"id":"4681488-0","name":"Sognsveien"}},
{"type":"Feature","geometry":{"type":"LineString","coordinates":[[10.756153,59.942637],[10.756088,59.942684]]},"properties":{"id":"4709679-0","name":""}},
{"type":"Feature","geometry":{"type":"LineString","coordinates":[[10.756088,59.942684],[10.756035,59.942719],[10.75516,59.943282]]},"properties":{"id":"4709679-1","name":""}},
{"type":"Feature","geometry":{"type":"LineString","coordinates":[[10.729315,59.950778],[10.729432,59.950823],[10.729823,59.950977]]},"properties":{"id":"4740928-0","name":"Hagtornveien"}},
{"type":"Feature","geometry":{"type":"LineString","coordinates":[[10.729823,59.950977],[10.729961,59.951026]]},"properties":{"id":"4740928-1","name":"Hagtornveien"}},
{"type":"Feature","geometry":{"type":"LineString","coordinates":[[10.729961,59.951026],[10.730561,59.951192]]},"properties":{"id":"4740928-2","name":"Hagtornveien"}},
{"type":"Feature","geometry":{"type":"LineString","coordinates":[[10.730561,59.951192],[10.730846,59.950715],[10.730924,59.950649]]},"properties":{"id":"4740928-3","name":"Hagtornveien"}},
{"type":"Feature","geometry":{"type":"LineString","coordinates":[[10.730924,59.950649],[10.730987,59.950575],[10.73109,59.950378],[10.731143,59.950348],[10.731197,59.950344]]},"properties":{"id":"4740928-4","name":"Hagtornveien"}},
{"type":"Feature","geometry":{"type":"LineString","coordinates":[[10.727432,59.952114],[10.727511,59.952128],[10.727611,59.952145],[10.72866,59.952374]]},"properties":{"id":"4740929-0","name":"Rolf E. Stenersens allé"}},
{"type":"Feature","geometry":{"type":"LineString","coordinates":[[10.729947,59.95382],[10.730045,59.954016],[10.73018,59.954259],[10.730195,59.954285]]},"properties":{"id":"4740941-0","name":"Rolf E. Stenersens allé"}},
{"type":"Feature","geometry":{"type":"LineString","coordinates":[[10.730195,59.954285],[10.730364,59.954592],[10.730376,59.954606],[10.730522,59.954735]]},"properties":{"id":"4740941-1","name":"Rolf E. Stenersens allé"}},
{"type":"Feature","geometry":{"type":"LineString","coordinates":[[10.728858,59.952813],[10.72879,59.952885],[10.728644,59.952948],[10.72857,59.952971],[10.72847,59.953002],[10.728091,59.953102]]},"properties":{"id":"4740946-0","name":"Rolf E. Stenersens allé"}},
{"type":"Feature","geometry":{"type":"LineString","coordinates":[[10.72937,59.953953],[10.729947,59.95382]]},"properties":{"id":"4740954-0","name":"Rolf E. Stenersens allé"}},
{"type":"Feature","geometry":{"type":"LineString","coordinates":[[10.729947,59.95382],[10.730096,59.953785],[10.730513,59.953687]]},"properties":{"id":"4740954-1","name":"Rolf E. Stenersens allé"}},
{"type":"Feature","geometry":{"type":"LineString","coordinates":[[10.730513,59.953687],[10.730592,59.953678],[10.730747,59.95367],[10.730897,59.953681],[10.731053,59.953721],[10.731161,59.953769],[10.731587,59.953979]]},"properties":{"id":"4740954-2","name":"Rolf E. Stenersens allé"}},
{"type":"Feature","geometry":{"type":"LineString","coordinates":[[10.731587,59.953979],[10.731793,59.954081],[10.732076,59.954321],[10.732119,59.954388],[10.732112,59.954549]]},"properties":{"id":"4740954-3","name":"Rolf E. Stenersens allé"}},
{"type":"Feature","geometry":{"type":"LineString","coordinates":[[10.72877,59.952002],[10.728962,59.951723],[10.729212,59.951468]]},"properties":{"id":"4740960-0","name":"Jon P. Erliens vei"}},
{"type":"Feature","geometry":{"type":"LineString","coordinates":[[10.729212,59.951468],[10.729262,59.951416],[10.729823,59.950977]]},"properties":{"id":"4740960-1","name":"Jon P. Erliens vei"}},
{"type":"Feature","geometry":{"type":"LineString","coordinates":[[10.729961,59.951026],[10.729682,59.951312],[10.729545,59.951489],[10.729535,59.951505]]},"properties":{"id":"4740961-0","name":"Jon P. Erliens vei"}},
{"type":"Feature","geometry":{"type":"LineString","coordinates":[[10.729535,59.951505],[10.729428,59.951672],[10.729292,59.952014]]},"properties":{"id":"4740961-1","name":"Jon P. Erliens vei"}},
{"type":"Feature","geometry":{"type":"LineString","coordinates":[[10.732797,59.947029],[10.732896,59.947034],[10.732972,59.947065],[10.733211,59.947176],[10.733997,59.947583]]},"properties":{"id":"4742278-0","name":"Bergslia"}},
{"type":"Feature","geometry":{"type":"LineString","coordinates":[[10.733997,59.947583],[10.73418,59.947678],[10.734243,59.94771],[10.734474,59.947829],[10.734523,59.947855],[10.734796,59.947996],[10.734821,59.948009],[10.735152,59.948176]]},"properties":{"id":"4742278-1","name":"Bergslia"}},
{"type":"Feature","geometry":{"type":"LineString","coordinates":[[10.735152,59.948176],[10.735297,59.94825],[10.735564,59.948353],[10.735581,59.948358],[10.736107,59.94851],[10.736176,59.94853],[10.736526,59.948631]]},"properties":{"id":"4742278-2","name":"Bergslia"}},
{"type":"Feature","geometry":{"type":"LineString","coordinates":[[10.736526,59.948631],[10.736615,59.948657],[10.737112,59.948834],[10.737143,59.948844],[10.737327,59.948921],[10.737466,59.948994],[10.737788,59.949161]]},"properties":{"id":"4742278-3","name":"Bergslia"}},
{"type":"Feature","geometry":{"type":"LineString","coordinates":[[10.737788,59.949161],[10.737802,59.949169],[10.737981,59.949262],[10.738053,59.949299],[10.738142,59.949345],[10.738665,59.949617],[10.738933,59.949759]]},"properties":{"id":"4742278-4","name":"Bergslia"}},
{"type":"Feature","geometry":{"type":"LineString","coordinates":[[10.738933,59.949759],[10.739115,59.949855],[10.73947,59.950043],[10.739494,59.950055],[10.739775,59.950206],[10.740031,59.950343],[10.740067,59.950362]]},"properties":{"id":"4742278-5","name":"Bergslia"}},
{"type":"Feature","geometry":{"type":"LineString","coordinates":[[10.740067,59.950362],[10.740292,59.950482],[10.740607,59.950644],[10.740967,59.950778],[10.741303,59.950854],[10.741357,59.950864]]},"properties":{"id":"4742278-6","name":"Bergslia"}},
{"type":"Feature","geometry":{"type":"LineString","coordinates":[[10.741357,59.950864],[10.741722,59.950928],[10.741975,59.950961],[10.742101,59.950977],[10.742373,59.950991],[10.742636,59.950982],[10.742801,59.950961],[10.742948,59.950918]]},"properties":{"id":"4742278-7","name":"Bergslia"}},
{"type":"Feature","geometry":{"type":"LineString","coordinates":[[10.743585,59.951637],[10.743985,59.951679],[10.744447,59.951709],[10.744585,59.951687],[10.744693,59.951637],[10.74479,59.951568],[10.744816,59.951557]]},"properties":{"id":"4742279-0","name":"Gjennomfaret"}},
{"type":"Feature","geometry":{"type":"LineString","coordinates":[[10.744816,59.951557],[10.74488,59.95153],[10.744986,59.951529],[10.746151,59.951621]]},"properties":{"id":"4742279-1","name":"Gjennomfaret"}},
{"type":"Feature","geometry":{"type":"LineString","coordinates":[[10.746151,59.951621],[10.747503,59.951729]]},"properties":{"id":"4742279-2","name":"Gjennomfaret"}},
{"type":"Feature","geometry":{"type":"LineString","coordinates":[[10.747503,59.951729],[10.748855,59.951836]]},"properties":{"id":"4742279-3","name":"Gjennomfaret"}},
{"type":"Feature","geometry":{"type":"LineString","coordinates":[[10.743812,59.952022],[10.74378,59.952286],[10.743766,59.952472],[10.743777,59.95255]]},"properties":{"id":"4742284-0","name":"Lersolveien"}},
{"type":"Feature","geometry":{"type":"LineString","coordinates":[[10.740117,59.951712],[10.740258,59.951781],[10.740371,59.951877],[10.740548,59.95201],[10.740968,59.952346],[10.741041,59.952392],[10.741144,59.952441]]},"properties":{"id":"4742285-0","name":"Rektorhaugen"}},
{"type":"Feature","geometry":{"type":"LineString","coordinates":[[10.729944,59.950343],[10.730059,59.95038],[10.730808,59.950626],[10.730924,59.950649]]},"properties":{"id":"4742287-0","name":"Konvallveien"}},
{"type":"Feature","geometry":{"type":"LineString","coordinates":[[10.730924,59.950649],[10.731051,59.950679],[10.731261,59.950789],[10.731711,59.951153]]},"properties":{"id":"4742287-1","name":"Konvallveien"}},
{"type":"Feature","geometry":{"type":"LineString","coordinates":[[10.731711,59.951153],[10.731763,59.951195],[10.732329,59.951725]]},"properties":{"id":"4742287-2","name":"Konvallveien"}},
{"type":"Feature","geometry":{"type":"LineString","coordinates":[[10.732329,59.951725],[10.732824,59.952068],[10.733253,59.952277]]},"properties":{"id":"4742287-3","name":"Konvallveien"}},
{"type":"Feature","geometry":{"type":"LineString","coordinates":[[10.733253,59.952277],[10.733554,59.952423],[10.734183,59.952827]]},"properties":{"id":"4742287-4","name":"Konvallveien"}},
{"type":"Feature","geometry":{"type":"LineString","coordinates":[[10.734183,59.952827],[10.734278,59.952889],[10.735077,59.953346],[10.735129,59.953373]]},"properties":{"id":"4742287-5","name":"Konvallveien"}},
{"type":"Feature","geometry":{"type":"LineString","coordinates":[[10.735129,59.953373],[10.73592,59.953781],[10.736135,59.953891]]},"properties":{"id":"4742287-6","name":"Konvallveien"}},
{"type":"Feature","geometry":{"type":"LineString","coordinates":[[10.736135,59.953891],[10.736458,59.953969],[10.736985,59.954019],[10.737395,59.954057]]},"properties":{"id":"4742287-7","name":"Konvallveien"}},
{"type":"Feature","geometry":{"type":"LineString","coordinates":[[10.737395,59.954057],[10.737593,59.954071],[10.738247,59.954114],[10.738874,59.954155],[10.739023,59.954163],[10.739112,59.954164]]},"properties":{"id":"4742287-8","name":"Konvallveien"}},
{"type":"Feature","geometry":{"type":"LineString","coordinates":[[10.739112,59.954164],[10.739185,59.954158],[10.739297,59.95414],[10.73993,59.953989],[10.740492,59.953862],[10.740509,59.953861]]},"properties":{"id":"4742287-9","name":"Konvallveien"}},
{"type":"Feature","geometry":{"type":"LineString","coordinates":[[10.740509,59.953861],[10.741522,59.953797],[10.742025,59.953771]]},"properties":{"id":"4742287-10","name":"Konvallveien"}},
{"type":"Feature","geometry":{"type":"LineString","coordinates":[[10.742025,59.953771],[10.742338,59.953754],[10.743542,59.953679]]},"properties":{"id":"4742287-11","name":"Konvallveien"}},
{"type":"Feature","geometry":{"type":"LineString","coordinates":[[10.743542,59.953679],[10.743657,59.953667]]},"properties":{"id":"4742287-12","name":"Konvallveien"}},
{"type":"Feature","geometry":{"type":"LineString","coordinates":[[10.732329,59.951725],[10.731682,59.952],[10.731567,59.952141],[10.73169,59.952339]]},"properties":{"id":"4742288-0","name":"Almeveien"}},
{"type":"Feature","geometry":{"type":"LineString","coordinates":[[10.73169,59.952339],[10.731758,59.95245],[10.731949,59.952854],[10.73211,59.953094]]},"properties":{"id":"4742288-1","name":"Almeveien"}},
{"type":"Feature","geometry":{"type":"LineString","coordinates":[[10.73211,59.953094],[10.732177,59.953194],[10.732342,59.953309],[10.732863,59.953674],[10.732974,59.953744]]},"properties":{"id":"4742288-2","name":"Almeveien"}},
{"type":"Feature","geometry":{"type":"LineString","coordinates":[[10.732974,59.953744],[10.733736,59.954216],[10.733676,59.954391]]},"properties":{"id":"4742288-3","name":"Almeveien"}},
{"type":"Feature","geometry":{"type":"LineString","coordinates":[[10.733676,59.954391],[10.733656,59.954451],[10.733651,59.954483],[10.733664,59.954513],[10.733702,59.954545],[10.733853,59.954653],[10.734141,59.954837],[10.734482,59.955031]]},"properties":{"id":"4742288-4","name":"Almeveien"}},
{"type":"Feature","geometry":{"type":"LineString","coordinates":[[10.734482,59.955031],[10.734682,59.955131],[10.734941,59.955251],[10.735195,59.955362],[10.735255,59.955384]]},"properties":{"id":"4742288-5","name":"Almeveien"}},
{"type":"Feature","geometry":{"type":"LineString","coordinates":[[10.735255,59.955384],[10.73534,59.955416],[10.735535,59.955481],[10.73571,59.955533],[10.735858,59.955568],[10.736174,59.955631]]},"properties":{"id":"4742288-6","name":"Almeveien"}},
{"type":"Feature","geometry":{"type":"LineString","coordinates":[[10.736174,59.955631],[10.73622,59.955593],[10.736497,59.955367]]},"properties":{"id":"4742288-7","name":"Almeveien"}},
{"type":"Feature","geometry":{"type":"LineString","coordinates":[[10.736135,59.953891],[10.7359,59.954141],[10.735557,59.95442],[10.735424,59.954502]]},"properties":{"id":"4742289-0","name":"Pilveien"}},
{"type":"Feature","geometry":{"type":"LineString","coordinates":[[10.735424,59.954502],[10.735171,59.954657],[10.734482,59.955031]]},"properties":{"id":"4742289-1","name":"Pilveien"}},
{"type":"Feature","geometry":{"type":"LineString","coordinates":[[10.734996,59.956506],[10.735345,59.95626],[10.735561,59.956096],[10.735591,59.956078],[10.735634,59.956052],[10.735685,59.956032],[10.735728,59.956027],[10.73578,59.956029]]},"properties":{"id":"4742290-0","name":"Brattelia"}},
{"type":"Feature","geometry":{"type":"LineString","coordinates":[[10.73578,59.956029],[10.73579,59.95603],[10.735976,59.956059],[10.736032,59.956062],[10.736078,59.956055],[10.73611,59.956037],[10.73613,59.956017],[10.736136,59.955997],[10.736122,59.955972],[10.736091,59.95594],[10.735997,59.955863],[10.735979,59.955832],[10.735976,59.955803],[10.73599,59.955773],[10.736023,59.955738],[10.736174,59.955631]]},"properties":{"id":"4742290-1","name":"Brattelia"}},
{"type":"Feature","geometry":{"type":"LineString","coordinates":[[10.734996,59.956506],[10.734518,59.956855],[10.734424,59.956915],[10.734339,59.956963],[10.734235,59.95701],[10.734156,59.957039],[10.733882,59.957123]]},"properties":{"id":"4742291-0","name":"Brattelia"}},
{"type":"Feature","geometry":{"type":"LineString","coordinates":[[10.733882,59.957123],[10.733511,59.957237],[10.733022,59.956874],[10.732909,59.956811],[10.732871,59.956795],[10.732822,59.956787],[10.732795,59.956786],[10.732771,59.956785],[10.732717,59.956786]]},"properties":{"id":"4742291-1","name":"Brattelia"}},
{"type":"Feature","geometry":{"type":"LineString","coordinates":[[10.731386,59.955318],[10.731439,59.955297],[10.73145,59.955292],[10.731488,59.955279],[10.731526,59.95527],[10.73159,59.955262],[10.731651,59.955261],[10.731761,59.955262],[10.731904,59.955261]]},"properties":{"id":"4742292-0","name":"Bregneveien"}},
{"type":"Feature","geometry":{"type":"LineString","coordinates":[[10.731904,59.955261],[10.732153,59.955282],[10.732459,59.955318],[10.732878,59.955411],[10.733155,59.955503],[10.733158,59.955504]]},"properties":{"id":"4742292-1","name":"Bregneveien"}},
{"type":"Feature","geometry":{"type":"LineString","coordinates":[[10.733158,59.955504],[10.733388,59.955592],[10.733719,59.955774],[10.734105,59.955991]]},"properties":{"id":"4742292-2","name":"Bregneveien"}},
{"type":"Feature","geometry":{"type":"LineString","coordinates":[[10.734105,59.955991],[10.734252,59.956074],[10.734996,59.956506]]},"properties":{"id":"4742292-3","name":"Bregneveien"}},
{"type":"Feature","geometry":{"type":"LineString","coordinates":[[10.734996,59.956506],[10.735359,59.9567],[10.735513,59.95678],[10.735629,59.956833],[10.735699,59.956861]]},"properties":{"id":"4742292-4","name":"Bregneveien"}},
{"type":"Feature","geometry":{"type":"LineString","coordinates":[[10.735699,59.956861],[10.735741,59.956877],[10.735845,59.956907],[10.735886,59.956916],[10.735973,59.956936],[10.736032,59.956947],[10.736128,59.956964],[10.736267,59.956985],[10.736397,59.957],[10.736637,59.957018]]},"properties":{"id":"4742292-5","name":"Bregneveien"}},
{"type":"Feature","geometry":{"type":"LineString","coordinates":[[10.737395,59.954057],[10.737183,59.954843]]},"properties":{"id":"4742293-0","name":"Borgestadveien"}},
{"type":"Feature","geometry":{"type":"LineString","coordinates":[[10.744941,59.954659],[10.74444,59.954777],[10.743664,59.954952]]},"properties":{"id":"4742294-0","name":"Dyrlandsveien"}},
{"type":"Feature","geometry":{"type":"LineString","coordinates":[[10.743664,59.954952],[10.742705,59.955168],[10.742393,59.955251]]},"properties":{"id":"4742294-1","name":"Dyrlandsveien"}},
{"type":"Feature","geometry":{"type":"LineString","coordinates":[[10.742393,59.955251],[10.742386,59.955253],[10.742138,59.955324],[10.741967,59.955385],[10.741786,59.955465],[10.741656,59.95554],[10.74138,59.955725]]},"properties":{"id":"4742294-2","name":"Dyrlandsveien"}},
{"type":"Feature","geometry":{"type":"LineString","coordinates":[[10.74138,59.955725],[10.741019,59.955987],[10.740875,59.956086],[10.740727,59.956176],[10.740599,59.956232],[10.74045,59.956283],[10.740327,59.956321],[10.740281,59.956334],[10.74018,59.956355]]},"properties":{"id":"4742294-3","name":"Dyrlandsveien"}},
{"type":"Feature","geometry":{"type":"LineString","coordinates":[[10.74018,59.956355],[10.740092,59.956374],[10.739898,59.95641],[10.739775,59.956423],[10.739649,59.956431],[10.739573,59.956437],[10.739396,59.956444],[10.739208,59.956442],[10.738658,59.956423],[10.738525,59.956424],[10.738438,59.956434]]},"properties":{"id":"4742294-4","name":"Dyrlandsveien"}},
{"type":"Feature","geometry":{"type":"LineString","coordinates":[[10.743542,59.953679],[10.74354,59.953704],[10.743523,59.953739],[10.743392,59.953895],[10.743188,59.954144],[10.743118,59.954212],[10.743051,59.954261],[10.74297,59.954307],[10.742862,59.954352],[10.742846,59.954357]]},"properties":{"id":"4742295-0","name":"Staudeveien"}},
{"type":"Feature","geometry":{"type":"LineString","coordinates":[[10.742846,59.954357],[10.742746,59.954387],[10.742588,59.954424],[10.742028,59.954523],[10.741699,59.954584],[10.741512,59.954626],[10.741418,59.954654]]},"properties":{"id":"4742295-1","name":"Staudeveien"}},
{"type":"Feature","geometry":{"type":"LineString","coordinates":[[10.741418,59.954654],[10.741316,59.954684],[10.7412,59.954725],[10.741086,59.95477],[10.740967,59.954829],[10.740857,59.954892],[10.740749,59.954959],[10.740606,59.955063],[10.740403,59.955228]]},"properties":{"id":"4742295-2","name":"Staudeveien"}},
{"type":"Feature","geometry":{"type":"LineString","coordinates":[[10.740403,59.955228],[10.740064,59.955478],[10.739976,59.955534],[10.739894,59.955578],[10.739784,59.955623],[10.739737,59.955638],[10.73964,59.955668],[10.739495,59.955703],[10.73936,59.955726],[10.739325,59.955732],[10.73932,59.955732]]},"properties":{"id":"4742295-3","name":"Staudeveien"}},
{"type":"Feature","geometry":{"type":"LineString","coordinates":[[10.73932,59.955732],[10.739185,59.955744],[10.739036,59.955748],[10.738746,59.95574],[10.737799,59.955715]]},"properties":{"id":"4742295-4","name":"Staudeveien"}},
{"type":"Feature","geometry":{"type":"LineString","coordinates":[[10.739112,59.954164],[10.739164,59.954266],[10.739244,59.954441],[10.739291,59.954511],[10.739342,59.954577],[10.739414,59.95465],[10.739501,59.954719],[10.739552,59.954755]]},"properties":{"id":"4742296-0","name":"Nordbergbakken"}},
{"type":"Feature","geometry":{"type":"LineString","coordinates":[[10.739552,59.954755],[10.73961,59.954797],[10.739744,59.954879],[10.739898,59.954964],[10.740403,59.955228]]},"properties":{"id":"4742296-1","name":"Nordbergbakken"}},
{"type":"Feature","geometry":{"type":"LineString","coordinates":[[10.740403,59.955228],[10.74138,59.955725]]},"properties":{"id":"4742296-2","name":"Nordbergbakken"}},
{"type":"Feature","geometry":{"type":"LineString","coordinates":[[10.74138,59.955725],[10.741593,59.955884],[10.741715,59.955998],[10.741806,59.956119],[10.741901,59.956282],[10.741999,59.956485]]},"properties":{"id":"4742296-3","name":"Nordbergbakken"}},
{"type":"Feature","geometry":{"type":"LineString","coordinates":[[10.741999,59.956485],[10.742201,59.956921]]},"properties":{"id":"4742296-4","name":"Nordbergbakken"}},
{"type":"Feature","geometry":{"type":"LineString","coordinates":[[10.742201,59.956921],[10.74246,59.957424],[10.74253,59.957548],[10.742573,59.957611]]},"properties":{"id":"4742296-5","name":"Nordbergbakken"}},
{"type":"Feature","geometry":{"type":"LineString","coordinates":[[10.748413,59.955098],[10.748483,59.955144],[10.748499,59.955154],[10.749356,59.955551],[10.749659,59.955687]]},"properties":{"id":"4742299-0","name":"Havnabakken"}},
{"type":"Feature","geometry":{"type":"LineString","coordinates":[[10.749659,59.955687],[10.750042,59.955867]]},"properties":{"id":"4742299-1","name":"Havnabakken"}},
{"type":"Feature","geometry":{"type":"LineString","coordinates":[[10.750042,59.955867],[10.750364,59.955993]]},"properties":{"id":"4742299-2","name":"Havnabakken"}},
{"type":"Feature","geometry":{"type":"LineString","coordinates":[[10.750364,59.955993],[10.750579,59.955993],[10.750693,59.956036],[10.750724,59.956045],[10.750773,59.956067]]},"properties":{"id":"4742299-3","name":"Havnabakken"}},
{"type":"Feature","geometry":{"type":"LineString","coordinates":[[10.749319,59.954306],[10.749429,59.954315],[10.749875,59.954382],[10.750131,59.954423],[10.750592,59.954497],[10.750685,59.954512],[10.750775,59.954541],[10.750777,59.954543]]},"properties":{"id":"4742300-0","name":"Havnehagan"}},
{"type":"Feature","geometry":{"type":"LineString","coordinates":[[10.750777,59.954543],[10.750857,59.9546],[10.750899,59.954679],[10.750906,59.954774],[10.750879,59.954854],[10.750843,59.954963],[10.750733,59.95529]]},"properties":{"id":"4742300-1","name":"Havnehagan"}},
{"type":"Feature","geometry":{"type":"LineString","coordinates":[[10.750733,59.95529],[10.750725,59.955315],[10.750667,59.95549],[10.750632,59.955852],[10.750573,59.955931],[10.750364,59.955993]]},"properties":{"id":"4742300-2","name":"Havnehagan"}},
{"type":"Feature","geometry":{"type":"LineString","coordinates":[[10.750364,59.955993],[10.750289,59.956195],[10.75026,59.95627],[10.750213,59.956321],[10.750153,59.956365],[10.750086,59.956404],[10.75,59.956435],[10.749885,59.956455],[10.749777,59.956457],[10.749684,59.956447],[10.749537,59.956413],[10.74947,59.956396]]},"properties":{"id":"4742301-0","name":"Gunnar Johnsons vei"}},
{"type":"Feature","geometry":{"type":"LineString","coordinates":[[10.74947,59.956396],[10.749311,59.956357],[10.749068,59.956311],[10.748909,59.956298],[10.748755,59.956306],[10.748597,59.956318],[10.748402,59.956359],[10.748306,59.956413],[10.748268,59.956463],[10.748259,59.956499],[10.748285,59.95655]]},"properties":{"id":"4742301-1","name":"Gunnar Johnsons vei"}},
{"type":"Feature","geometry":{"type":"LineString","coordinates":[[10.748285,59.95655],[10.748346,59.95659],[10.748414,59.956613],[10.748604,59.956659],[10.748837,59.956703],[10.748943,59.956725]]},"properties":{"id":"4742301-2","name":"Gunnar Johnsons vei"}},
{"type":"Feature","geometry":{"type":"LineString","coordinates":[[10.748943,59.956725],[10.74904,59.956746]]},"properties":{"id":"4742301-3","name":"Gunnar Johnsons vei"}},
{"type":"Feature","geometry":{"type":"LineString","coordinates":[[10.74904,59.956746],[10.74895,59.95686],[10.748731,59.957094],[10.748497,59.957225]]},"properties":{"id":"4742301-4","name":"Gunnar Johnsons vei"}},
{"type":"Feature","geometry":{"type":"LineString","coordinates":[[10.741964,59.943158],[10.742113,59.943186],[10.742203,59.943209],[10.742262,59.943233],[10.742314,59.943265],[10.742782,59.943565],[10.742788,59.94357]]},"properties":{"id":"4742302-0","name":"Ugleveien"}},
{"type":"Feature","geometry":{"type":"LineString","coordinates":[[10.742788,59.94357],[10.74336,59.943995],[10.743468,59.944058]]},"properties":{"id":"4742302-1","name":"Ugleveien"}},
{"type":"Feature","geometry":{"type":"LineString","coordinates":[[10.743468,59.944058],[10.744665,59.944585],[10.744675,59.944637]]},"properties":{"id":"4742302-2","name":"Ugleveien"}},
{"type":"Feature","geometry":{"type":"LineString","coordinates":[[10.743468,59.944058],[10.743552,59.944049],[10.744389,59.943965],[10.745075,59.943897]]},"properties":{"id":"4742303-0","name":"Claus Borchs vei"}},
{"type":"Feature","geometry":{"type":"LineString","coordinates":[[10.745075,59.943897],[10.745884,59.943818],[10.746682,59.943739]]},"properties":{"id":"4742303-1","name":"Claus Borchs vei"}},
{"type":"Feature","geometry":{"type":"LineString","coordinates":[[10.746682,59.943739],[10.746945,59.943713],[10.747279,59.94369],[10.747547,59.94371],[10.747756,59.943727],[10.748152,59.94376],[10.748227,59.943762],[10.748301,59.943763]]},"properties":{"id":"4742303-2","name":"Claus Borchs vei"}},
{"type":"Feature","geometry":{"type":"LineString","coordinates":[[10.740924,59.943577],[10.74086,59.9436],[10.740205,59.94383],[10.74015,59.943849],[10.739857,59.943952]]},"properties":{"id":"4745292-0","name":"Langlia"}},
{"type":"Feature","geometry":{"type":"LineString","coordinates":[[10.739857,59.943952],[10.739043,59.944239],[10.738791,59.944328]]},"properties":{"id":"4745292-1","name":"Langlia"}},
{"type":"Feature","geometry":{"type":"LineString","coordinates":[[10.738791,59.944328],[10.738586,59.944394],[10.738362,59.944452],[10.737834,59.944546],[10.737749,59.944555]]},"properties":{"id":"4745292-2","name":"Langlia"}},
{"type":"Feature","geometry":{"type":"LineString","coordinates":[[10.737749,59.944555],[10.737538,59.944578],[10.737213,59.944603],[10.737011,59.944612],[10.736811,59.944621],[10.736617,59.944632]]},"properties":{"id":"4745292-3","name":"Langlia"}},
{"type":"Feature","geometry":{"type":"LineString","coordinates":[[10.761002,59.946449],[10.761321,59.946566],[10.7615,59.94663],[10.76169,59.946691],[10.761871,59.946741],[10.761922,59.946754]]},"properties":{"id":"4826573-0","name":"Kristoffer Aamots gate"}},
{"type":"Feature","geometry":{"type":"LineString","coordinates":[[10.761922,59.946754],[10.762072,59.946792],[10.762289,59.946839],[10.76246,59.946867],[10.76267,59.9469],[10.762961,59.946936]]},"properties":{"id":"4826573-1","name":"Kristoffer Aamots gate"}},
{"type":"Feature","geometry":{"type":"LineString","coordinates":[[10.764833,59.946697],[10.765295,59.946547]]},"properties":{"id":"4826574-0","name":"Kristoffer Aamots gate"}},
{"type":"Feature","geometry":{"type":"LineString","coordinates":[[10.732812,59.958066],[10.732744,59.958061],[10.732676,59.958059],[10.732494,59.958068],[10.732267,59.958085],[10.731859,59.958112]]},"properties":{"id":"4873872-0","name":"Nordbergveien"}},
{"type":"Feature","geometry":{"type":"LineString","coordinates":[[10.731859,59.958112],[10.730907,59.958174]]},"properties":{"id":"4873872-1","name":"Nordbergveien"}},
{"type":"Feature","geometry":{"type":"LineString","coordinates":[[10.730907,59.958174],[10.729923,59.958251]]},"properties":{"id":"4873872-2","name":"Nordbergveien"}},
{"type":"Feature","geometry":{"type":"LineString","coordinates":[[10.729923,59.958251],[10.72913,59.958312]]},"properties":{"id":"4873872-3","name":"Nordbergveien"}},
{"type":"Feature","geometry":{"type":"LineString","coordinates":[[10.72913,59.958312],[10.728585,59.958348]]},"properties":{"id":"4873872-4","name":"Nordbergveien"}},
{"type":"Feature","geometry":{"type":"LineString","coordinates":[[10.728585,59.958348],[10.728164,59.958359],[10.727777,59.958331]]},"properties":{"id":"4873872-5","name":"Nordbergveien"}},
{"type":"Feature","geometry":{"type":"LineString","coordinates":[[10.727777,59.958331],[10.727748,59.958328],[10.72696,59.958255]]},"properties":{"id":"4873872-6","name":"Nordbergveien"}},
{"type":"Feature","geometry":{"type":"LineString","coordinates":[[10.72696,59.958255],[10.726535,59.958207]]},"properties":{"id":"4873872-7","name":"Nordbergveien"}},
{"type":"Feature","geometry":{"type":"LineString","coordinates":[[10.726535,59.958207],[10.72606,59.95815],[10.725465,59.958087]]},"properties":{"id":"4873872-8","name":"Nordbergveien"}},
{"type":"Feature","geometry":{"type":"LineString","coordinates":[[10.725465,59.958087],[10.724632,59.958]]},"properties":{"id":"4873872-9","name":"Nordbergveien"}},
{"type":"Feature","geometry":{"type":"LineString","coordinates":[[10.724632,59.958],[10.724172,59.95795],[10.723985,59.95793],[10.723446,59.957873]]},"properties":{"id":"4873872-10","name":"Nordbergveien"}},
{"type":"Feature","geometry":{"type":"LineString","coordinates":[[10.764928,59.952261],[10.764867,59.952342],[10.764614,59.952676],[10.764576,59.952735],[10.764484,59.952877]]},"properties":{"id":"4983178-0","name":"Gjerdrums vei"}},
{"type":"Feature","geometry":{"type":"LineString","coordinates":[[10.764484,59.952877],[10.76448,59.952884],[10.764336,59.953226],[10.764243,59.953493],[10.764235,59.95352]]},"properties":{"id":"4983178-1","name":"Gjerdrums vei"}},
{"type":"Feature","geometry":{"type":"LineString","coordinates":[[10.764235,59.95352],[10.764183,59.953685],[10.7642,59.953821],[10.764102,59.954169]]},"properties":{"id":"4983178-2","name":"Gjerdrums vei"}},
{"type":"Feature","geometry":{"type":"LineString","coordinates":[[10.764404,59.964278],[10.764487,59.964322],[10.764648,59.964437],[10.764872,59.964623],[10.764969,59.964712],[10.765068,59.96482],[10.765079,59.964836]]},"properties":{"id":"4983179-0","name":"Peder Grøns vei"}},
{"type":"Feature","geometry":{"type":"LineString","coordinates":[[10.758123,59.959739],[10.758337,59.959692],[10.758509,59.959661],[10.758772,59.959597],[10.759018,59.959509],[10.759133,59.959439],[10.759246,59.959348],[10.759333,59.959284]]},"properties":{"id":"4983180-0","name":"Rabakken"}},
{"type":"Feature","geometry":{"type":"LineString","coordinates":[[10.759333,59.959284],[10.759673,59.959035],[10.759934,59.958825],[10.76021,59.958638]]},"properties":{"id":"4983180-1","name":"Rabakken"}},
{"type":"Feature","geometry":{"type":"LineString","coordinates":[[10.741166,59.962921],[10.741333,59.96297],[10.741538,59.963029]]},"properties":{"id":"4983181-0","name":"Kringsjågrenda"}},
{"type":"Feature","geometry":{"type":"LineString","coordinates":[[10.741538,59.963029],[10.742362,59.963269]]},"properties":{"id":"4983181-1","name":"Kringsjågrenda"}},
{"type":"Feature","geometry":{"type":"LineString","coordinates":[[10.742362,59.963269],[10.743475,59.963573]]},"properties":{"id":"4983181-2","name":"Kringsjågrenda"}},
{"type":"Feature","geometry":{"type":"LineString","coordinates":[[10.743475,59.963573],[10.743535,59.963589],[10.743734,59.963685],[10.743805,59.963763],[10.743809,59.963779],[10.743829,59.963861],[10.743832,59.963928],[10.743841,59.964139]]},"properties":{"id":"4983181-3","name":"Kringsjågrenda"}},
{"type":"Feature","geometry":{"type":"LineString","coordinates":[[10.743841,59.964139],[10.743858,59.964525],[10.743836,59.964649],[10.743737,59.964763]]},"properties":{"id":"4983181-4","name":"Kringsjågrenda"}},
{"type":"Feature","geometry":{"type":"LineString","coordinates":[[10.742575,59.964745],[10.742485,59.964717],[10.742343,59.964556],[10.742326,59.964024]]},"properties":{"id":"4983181-6","name":"Kringsjågrenda"}},
{"type":"Feature","geometry":{"type":"LineString","coordinates":[[10.742326,59.964024],[10.74231,59.96353],[10.742307,59.963436],[10.742317,59.963318],[10.742362,59.963269]]},"properties":{"id":"4983181-7","name":"Kringsjågrenda"}},
{"type":"Feature","geometry":{"type":"LineString","coordinates":[[10.752179,59.95967],[10.752217,59.959705],[10.752259,59.959745],[10.75272,59.960323]]},"properties":{"id":"4983183-0","name":"Steingardveien"}},
{"type":"Feature","geometry":{"type":"LineString","coordinates":[[10.75272,59.960323],[10.752821,59.960435],[10.752976,59.960627],[10.75303,59.960727],[10.753043,59.960774]]},"properties":{"id":"4983183-1","name":"Steingardveien"}},
{"type":"Feature","geometry":{"type":"LineString","coordinates":[[10.753043,59.960774],[10.753049,59.960798],[10.753043,59.960895],[10.753021,59.960997],[10.752943,59.961251]]},"properties":{"id":"4983183-2","name":"Steingardveien"}},
{"type":"Feature","geometry":{"type":"LineString","coordinates":[[10.737816,59.963278],[10.737811,59.963333],[10.737817,59.963432],[10.737819,59.963733]]},"properties":{"id":"4983184-0","name":"Folke Bernadottes vei"}},
{"type":"Feature","geometry":{"type":"LineString","coordinates":[[10.737819,59.963733],[10.73782,59.963834]]},"properties":{"id":"4983184-1","name":"Folke Bernadottes vei"}},
{"type":"Feature","geometry":{"type":"LineString","coordinates":[[10.73782,59.963834],[10.73782,59.96399]]},"properties":{"id":"4983184-2","name":"Folke Bernadottes vei"}},
{"type":"Feature","geometry":{"type":"LineString","coordinates":[[10.73782,59.96399],[10.737854,59.964251],[10.737955,59.964435],[10.738028,59.964534]]},"properties":{"id":"4983184-3","name":"Folke Bernadottes vei"}},
{"type":"Feature","geometry":{"type":"LineString","coordinates":[[10.735861,59.964895],[10.735859,59.964785],[10.735936,59.964593],[10.736081,59.964287]]},"properties":{"id":"4983184-10","name":"Folke Bernadottes vei"}},
{"type":"Feature","geometry":{"type":"LineString","coordinates":[[10.736081,59.964287],[10.736104,59.96424],[10.736276,59.963903],[10.736313,59.963828],[10.736392,59.963688]]},"properties":{"id":"4983184-11","name":"Folke Bernadottes vei"}},
{"type":"Feature","geometry":{"type":"LineString","coordinates":[[10.736392,59.963688],[10.736418,59.963641]]},"properties":{"id":"4983184-12","name":"Folke Bernadottes vei"}},
{"type":"Feature","geometry":{"type":"LineString","coordinates":[[10.736418,59.963641],[10.736553,59.963384],[10.736592,59.963327]]},"properties":{"id":"4983184-13","name":"Folke Bernadottes vei"}},
{"type":"Feature","geometry":{"type":"LineString","coordinates":[[10.750824,59.958147],[10.750619,59.958218],[10.75049,59.958316],[10.750462,59.958362],[10.750472,59.958414],[10.750525,59.958507],[10.750619,59.958599],[10.750637,59.958645],[10.75066,59.958702],[10.75066,59.958703]]},"properties":{"id":"4983185-0","name":"Rødbråtbakken"}},
{"type":"Feature","geometry":{"type":"LineString","coordinates":[[10.75066,59.958703],[10.75073,59.958908],[10.750879,59.959173],[10.750965,59.959332]]},"properties":{"id":"4983185-1","name":"Rødbråtbakken"}},
{"type":"Feature","geometry":{"type":"LineString","coordinates":[[10.750965,59.959332],[10.751002,59.959401],[10.751053,59.95947],[10.751202,59.959567],[10.751369,59.959681],[10.751516,59.959786],[10.751643,59.959877]]},"properties":{"id":"4983185-2","name":"Rødbråtbakken"}},
{"type":"Feature","geometry":{"type":"LineString","coordinates":[[10.764361,59.94892],[10.764441,59.948914],[10.764791,59.948894],[10.764938,59.948893],[10.765072,59.948895]]},"properties":{"id":"4983187-0","name":""}},
{"type":"Feature","geometry":{"type":"LineString","coordinates":[[10.762968,59.964959],[10.762964,59.964836],[10.762937,59.964713],[10.762895,59.964485],[10.762893,59.964471],[10.762862,59.964318],[10.76283,59.964101]]},"properties":{"id":"4983189-0","name":"Korsvoll terrasse"}},
{"type":"Feature","geometry":{"type":"LineString","coordinates":[[10.76283,59.964101],[10.762827,59.96408],[10.762813,59.963992],[10.762765,59.96372],[10.762763,59.963658],[10.762783,59.963576],[10.762793,59.963523],[10.762803,59.963487],[10.762838,59.963285],[10.762846,59.963243]]},"properties":{"id":"4983189-1","name":"Korsvoll terrasse"}},
{"type":"Feature","geometry":{"type":"LineString","coordinates":[[10.762846,59.963243],[10.762881,59.963076],[10.762889,59.963026],[10.762939,59.962862],[10.762951,59.96282],[10.76301,59.962617],[10.763047,59.962494],[10.763076,59.96239]]},"properties":{"id":"4983189-2","name":"Korsvoll terrasse"}},
{"type":"Feature","geometry":{"type":"LineString","coordinates":[[10.763076,59.96239],[10.763078,59.962331],[10.763072,59.962207],[10.763059,59.96213],[10.763039,59.962064],[10.763001,59.961973],[10.76298,59.961929],[10.762939,59.961872],[10.762848,59.961757],[10.762717,59.961644]]},"properties":{"id":"4983189-3","name":"Korsvoll terrasse"}},
{"type":"Feature","geometry":{"type":"LineString","coordinates":[[10.756732,59.961204],[10.756466,59.961232],[10.755764,59.961276],[10.755433,59.961296]]},"properties":{"id":"4983192-0","name":"Langmyrveien"}},
{"type":"Feature","geometry":{"type":"LineString","coordinates":[[10.755433,59.961296],[10.755017,59.961322],[10.754424,59.961349],[10.754127,59.961358]]},"properties":{"id":"4983192-1","name":"Langmyrveien"}},
{"type":"Feature","geometry":{"type":"LineString","coordinates":[[10.754127,59.961358],[10.753954,59.961365],[10.753803,59.961365],[10.753659,59.96136],[10.753503,59.961344],[10.753335,59.961322],[10.753109,59.961284],[10.752943,59.961251]]},"properties":{"id":"4983192-2","name":"Langmyrveien"}},
{"type":"Feature","geometry":{"type":"LineString","coordinates":[[10.752943,59.961251],[10.752804,59.961234],[10.752661,59.961224],[10.752533,59.961227]]},"properties":{"id":"4983192-3","name":"Langmyrveien"}},
{"type":"Feature","geometry":{"type":"LineString","coordinates":[[10.752533,59.961227],[10.752307,59.961229],[10.752142,59.961241],[10.751961,59.961266],[10.751821,59.96129],[10.751673,59.96133],[10.75153,59.961379]]},"properties":{"id":"4983192-4","name":"Langmyrveien"}},
{"type":"Feature","geometry":{"type":"LineString","coordinates":[[10.75153,59.961379],[10.751528,59.961379],[10.751413,59.961427],[10.751306,59.961481],[10.751205,59.961549],[10.751127,59.961613],[10.751056,59.96168],[10.751006,59.961743],[10.750959,59.96182]]},"properties":{"id":"4983192-5","name":"Langmyrveien"}},
{"type":"Feature","geometry":{"type":"LineString","coordinates":[[10.750959,59.96182],[10.75094,59.961892],[10.750917,59.96201],[10.750889,59.962105],[10.750854,59.96219],[10.750774,59.962341],[10.750712,59.962438],[10.750574,59.962612]]},"properties":{"id":"4983192-6","name":"Langmyrveien"}},
{"type":"Feature","geometry":{"type":"LineString","coordinates":[[10.750574,59.962612],[10.750566,59.962622],[10.750441,59.962786],[10.75036,59.962897],[10.750223,59.963101],[10.750086,59.963353],[10.750066,59.96339]]},"properties":{"id":"4983192-7","name":"Langmyrveien"}},
{"type":"Feature","geometry":{"type":"LineString","coordinates":[[10.750066,59.96339],[10.749999,59.963513],[10.749821,59.963974],[10.749629,59.964175]]},"properties":{"id":"4983192-8","name":"Langmyrveien"}},
{"type":"Feature","geometry":{"type":"LineString","coordinates":[[10.748286,59.962517],[10.748681,59.962578],[10.74883,59.962632],[10.748985,59.962746],[10.749013,59.962797]]},"properties":{"id":"4983193-0","name":""}},
{"type":"Feature","geometry":{"type":"LineString","coordinates":[[10.748112,59.959739],[10.748222,59.959732],[10.748703,59.959658],[10.749137,59.959597],[10.749146,59.959596],[10.749552,59.959532]]},"properties":{"id":"4983194-0","name":"Nypeveien"}},
{"type":"Feature","geometry":{"type":"LineString","coordinates":[[10.749552,59.959532],[10.749685,59.959511],[10.74984,59.959464],[10.749949,59.959378],[10.749962,59.959291],[10.749902,59.959183],[10.749842,59.959083],[10.749783,59.958993],[10.749723,59.958908]]},"properties":{"id":"4983194-1","name":"Nypeveien"}},
{"type":"Feature","geometry":{"type":"LineString","coordinates":[[10.749723,59.958908],[10.749676,59.958841],[10.749617,59.958746],[10.749568,59.958644],[10.749525,59.958508],[10.749488,59.958366],[10.749354,59.958231],[10.749335,59.958189]]},"properties":{"id":"4983194-2","name":"Nypeveien"}},
{"type":"Feature","geometry":{"type":"LineString","coordinates":[[10.736592,59.963327],[10.736606,59.963272],[10.736824,59.962806]]},"properties":{"id":"4983195-0","name":"Folke Bernadottes vei"}},
{"type":"Feature","geometry":{"type":"LineString","coordinates":[[10.736824,59.962806],[10.736936,59.962723],[10.737078,59.96267],[10.737569,59.962584],[10.737646,59.962556]]},"properties":{"id":"4983195-1","name":"Folke Bernadottes vei"}},
{"type":"Feature","geometry":{"type":"LineString","coordinates":[[10.737646,59.962556],[10.737666,59.962549],[10.737678,59.962536],[10.737696,59.962517],[10.737812,59.962459],[10.73789,59.962428],[10.738005,59.962401],[10.738136,59.962386],[10.73829,59.962379],[10.738372,59.962385],[10.738472,59.962429]]},"properties":{"id":"4983195-2","name":"Folke Bernadottes vei"}},
{"type":"Feature","geometry":{"type":"LineString","coordinates":[[10.761634,59.960447],[10.761633,59.960507],[10.761664,59.960633],[10.761676,59.960694],[10.761687,59.960754],[10.761707,59.960858],[10.761742,59.961042],[10.761745,59.9611]]},"properties":{"id":"4983196-0","name":"Hansemyrveien"}},
{"type":"Feature","geometry":{"type":"LineString","coordinates":[[10.761745,59.9611],[10.761747,59.961154],[10.761747,59.961191],[10.761747,59.961243],[10.761739,59.961295],[10.761707,59.96136],[10.76166,59.961435],[10.761595,59.961511],[10.761509,59.961579],[10.761329,59.961702]]},"properties":{"id":"4983196-1","name":"Hansemyrveien"}},
{"type":"Feature","geometry":{"type":"LineString","coordinates":[[10.761329,59.961702],[10.76124,59.961762],[10.761168,59.96181],[10.761149,59.961822],[10.761009,59.961924],[10.760961,59.961963],[10.760938,59.961981],[10.760895,59.962025],[10.76086,59.962079],[10.760848,59.962106],[10.760816,59.962177],[10.760792,59.962252],[10.760782,59.962284]]},"properties":{"id":"4983196-2","name":"Hansemyrveien"}},
{"type":"Feature","geometry":{"type":"LineString","coordinates":[[10.760782,59.962284],[10.760778,59.962324],[10.760782,59.962359],[10.760797,59.962446],[10.760805,59.962509],[10.760835,59.962754],[10.760841,59.962806],[10.760855,59.962946],[10.76086,59.962993],[10.760868,59.963075]]},"properties":{"id":"4983196-3","name":"Hansemyrveien"}},
{"type":"Feature","geometry":{"type":"LineString","coordinates":[[10.760868,59.963075],[10.760875,59.963145],[10.76089,59.963293],[10.760895,59.963344],[10.760897,59.963365],[10.760917,59.96356],[10.760929,59.963683],[10.760942,59.963774],[10.760949,59.963867]]},"properties":{"id":"4983196-4","name":"Hansemyrveien"}},
{"type":"Feature","geometry":{"type":"LineString","coordinates":[[10.760949,59.963867],[10.760949,59.963869],[10.760953,59.963911],[10.761024,59.96459],[10.761027,59.964615],[10.761031,59.964658]]},"properties":{"id":"4983196-5","name":"Hansemyrveien"}},
{"type":"Feature","geometry":{"type":"LineString","coordinates":[[10.727516,59.962892],[10.728055,59.963073],[10.728217,59.963117],[10.728303,59.963127],[10.728377,59.963136],[10.728539,59.963133]]},"properties":{"id":"4983198-0","name":""}},
{"type":"Feature","geometry":{"type":"LineString","coordinates":[[10.728539,59.963133],[10.728558,59.963133],[10.728742,59.96312],[10.729152,59.963056],[10.729487,59.962997],[10.729551,59.962985],[10.729647,59.962969]]},"properties":{"id":"4983198-1","name":""}},
{"type":"Feature","geometry":{"type":"LineString","coordinates":[[10.729647,59.962969],[10.729922,59.962964],[10.730336,59.962969]]},"properties":{"id":"4983198-2","name":""}},
{"type":"Feature","geometry":{"type":"LineString","coordinates":[[10.730336,59.962969],[10.730535,59.962971],[10.731002,59.962976],[10.731657,59.962985],[10.731899,59.962991]]},"properties":{"id":"4983198-3","name":""}},
{"type":"Feature","geometry":{"type":"LineString","coordinates":[[10.731899,59.962991],[10.73208,59.963005],[10.732224,59.963019]]},"properties":{"id":"4983198-4","name":""}},
{"type":"Feature","geometry":{"type":"LineString","coordinates":[[10.732224,59.963019],[10.732313,59.963045],[10.73249,59.963094],[10.73266,59.963122],[10.732814,59.963134]]},"properties":{"id":"4983198-5","name":""}},
{"type":"Feature","geometry":{"type":"LineString","coordinates":[[10.761634,59.960447],[10.761043,59.96065],[10.760819,59.960726],[10.760754,59.960749],[10.760482,59.960845]]},"properties":{"id":"4983200-0","name":"Langåsveien"}},
{"type":"Feature","geometry":{"type":"LineString","coordinates":[[10.760482,59.960845],[10.760305,59.960904],[10.760213,59.960935],[10.759916,59.961038]]},"properties":{"id":"4983200-1","name":"Langåsveien"}},
{"type":"Feature","geometry":{"type":"LineString","coordinates":[[10.759916,59.961038],[10.759654,59.961131],[10.759348,59.961234],[10.759171,59.961302]]},"properties":{"id":"4983200-2","name":"Langåsveien"}},
{"type":"Feature","geometry":{"type":"LineString","coordinates":[[10.759171,59.961302],[10.758586,59.961494],[10.758417,59.961552]]},"properties":{"id":"4983200-3","name":"Langåsveien"}},
{"type":"Feature","geometry":{"type":"LineString","coordinates":[[10.758417,59.961552],[10.758211,59.961622],[10.758142,59.961648],[10.757873,59.961737],[10.757654,59.961794]]},"properties":{"id":"4983200-4","name":"Langåsveien"}},
{"type":"Feature","geometry":{"type":"LineString","coordinates":[[10.757654,59.961794],[10.757536,59.961841],[10.757201,59.961976],[10.757171,59.961987],[10.756798,59.962128],[10.756734,59.962192]]},"properties":{"id":"4983200-5","name":"Langåsveien"}},
{"type":"Feature","geometry":{"type":"LineString","coordinates":[[10.763886,59.945631],[10.763972,59.945626],[10.764057,59.945616],[10.76409,59.945604],[10.764119,59.945586],[10.764135,59.945552],[10.764127,59.945534],[10.764097,59.945509],[10.764074,59.945501],[10.764029,59.945493],[10.763984,59.945493],[10.763929,59.945506],[10.763899,59.945522],[10.763885,59.945539],[10.76388,59.945559],[10.763882,59.945597],[10.763886,59.945631]]},"properties":{"id":"4983203-0","name":"Badebakken"}},
{"type":"Feature","geometry":{"type":"LineString","coordinates":[[10.745913,59.964197],[10.745646,59.964265],[10.745533,59.964341],[10.745481,59.9644],[10.745478,59.964523],[10.745455,59.964909],[10.745455,59.964956]]},"properties":{"id":"4983205-0","name":"Langmyrgrenda"}},
{"type":"Feature","geometry":{"type":"LineString","coordinates":[[10.747535,59.958744],[10.74763,59.958736],[10.747698,59.958731],[10.747816,59.958723],[10.748008,59.958704],[10.748207,59.958671],[10.7484,59.958627],[10.748523,59.958592],[10.748566,59.958577]]},"properties":{"id":"4983206-0","name":"Østhornveien"}},
{"type":"Feature","geometry":{"type":"LineString","coordinates":[[10.748566,59.958577],[10.748653,59.958547],[10.74889,59.958433],[10.749335,59.958189]]},"properties":{"id":"4983206-1","name":"Østhornveien"}},
{"type":"Feature","geometry":{"type":"LineString","coordinates":[[10.749335,59.958189],[10.749643,59.958004],[10.749896,59.957882],[10.75018,59.957791]]},"properties":{"id":"4983206-2","name":"Østhornveien"}},
{"type":"Feature","geometry":{"type":"LineString","coordinates":[[10.75018,59.957791],[10.750419,59.957722]]},"properties":{"id":"4983206-3","name":"Østhornveien"}},
{"type":"Feature","geometry":{"type":"LineString","coordinates":[[10.750419,59.957722],[10.750797,59.957659],[10.751053,59.957638]]},"properties":{"id":"4983206-4","name":"Østhornveien"}},
{"type":"Feature","geometry":{"type":"LineString","coordinates":[[10.765764,59.962698],[10.765652,59.962732],[10.765497,59.962798],[10.765388,59.962855]]},"properties":{"id":"4983208-0","name":"Skjoldveien"}},
{"type":"Feature","geometry":{"type":"LineString","coordinates":[[10.765388,59.962855],[10.765261,59.962931],[10.765175,59.962993],[10.76508,59.963073]]},"properties":{"id":"4983208-1","name":"Skjoldveien"}},
{"type":"Feature","geometry":{"type":"LineString","coordinates":[[10.76508,59.963073],[10.765015,59.963133],[10.764961,59.963192],[10.76491,59.963251],[10.764888,59.963281],[10.764863,59.963315],[10.764836,59.963355],[10.764809,59.963405],[10.764754,59.963506],[10.764741,59.963531]]},"properties":{"id":"4983208-2","name":"Skjoldveien"}},
{"type":"Feature","geometry":{"type":"LineString","coordinates":[[10.764741,59.963531],[10.76466,59.963719],[10.764631,59.963787],[10.764514,59.964071],[10.764487,59.964132],[10.764463,59.96418],[10.764435,59.964227],[10.764404,59.964278]]},"properties":{"id":"4983208-3","name":"Skjoldveien"}},
{"type":"Feature","geometry":{"type":"LineString","coordinates":[[10.764404,59.964278],[10.764314,59.964334],[10.763694,59.964622]]},"properties":{"id":"4983208-4","name":"Skjoldveien"}},
{"type":"Feature","geometry":{"type":"LineString","coordinates":[[10.763694,59.964622],[10.7636,59.964666],[10.763495,59.964715],[10.763414,59.964752],[10.762968,59.964959]]},"properties":{"id":"4983208-5","name":"Skjoldveien"}},
{"type":"Feature","geometry":{"type":"LineString","coordinates":[[10.758257,59.964636],[10.758015,59.964561],[10.757757,59.964482],[10.757458,59.964391]]},"properties":{"id":"4983208-11","name":"Skjoldveien"}},
{"type":"Feature","geometry":{"type":"LineString","coordinates":[[10.757458,59.964391],[10.75744,59.964385],[10.757191,59.964313],[10.756776,59.964206],[10.75663,59.964172]]},"properties":{"id":"4983208-12","name":"Skjoldveien"}},
{"type":"Feature","geometry":{"type":"LineString","coordinates":[[10.75663,59.964172],[10.756299,59.964097],[10.756239,59.964085],[10.756204,59.964078],[10.756152,59.964067],[10.756041,59.964053],[10.755954,59.964054]]},"properties":{"id":"4983208-13","name":"Skjoldveien"}},
{"type":"Feature","geometry":{"type":"LineString","coordinates":[[10.760782,59.962284],[10.760535,59.962313]]},"properties":{"id":"4983209-0","name":"Veita"}},
{"type":"Feature","geometry":{"type":"LineString","coordinates":[[10.760535,59.962313],[10.76029,59.962362],[10.760057,59.962409],[10.759933,59.962433],[10.75957,59.962504]]},"properties":{"id":"4983209-1","name":"Veita"}},
{"type":"Feature","geometry":{"type":"LineString","coordinates":[[10.75957,59.962504],[10.759354,59.962547],[10.759308,59.962555],[10.759206,59.962575],[10.759159,59.962585],[10.758765,59.96266],[10.758599,59.962687]]},"properties":{"id":"4983209-2","name":"Veita"}},
{"type":"Feature","geometry":{"type":"LineString","coordinates":[[10.757654,59.961794],[10.757789,59.961898],[10.758027,59.962074],[10.758064,59.962103],[10.758181,59.962192],[10.75821,59.962219]]},"properties":{"id":"4983211-0","name":"Åmotveien"}},
{"type":"Feature","geometry":{"type":"LineString","coordinates":[[10.75821,59.962219],[10.758227,59.962234],[10.75831,59.962311],[10.758407,59.96242],[10.758455,59.962482],[10.758534,59.962587],[10.758588,59.96267],[10.758599,59.962687]]},"properties":{"id":"4983211-1","name":"Åmotveien"}},
{"type":"Feature","geometry":{"type":"LineString","coordinates":[[10.758599,59.962687],[10.758646,59.962787],[10.758671,59.962856],[10.758688,59.962903],[10.758721,59.963004],[10.758722,59.96301],[10.758764,59.963135],[10.758783,59.963192],[10.75882,59.963303],[10.758839,59.963351],[10.758873,59.963448],[10.758878,59.963463]]},"properties":{"id":"4983211-2","name":"Åmotveien"}},
{"type":"Feature","geometry":{"type":"LineString","coordinates":[[10.758878,59.963463],[10.75889,59.963505],[10.7589,59.96355],[10.758906,59.963603],[10.758906,59.963672],[10.758892,59.96375],[10.758888,59.963773]]},"properties":{"id":"4983211-3","name":"Åmotveien"}},
{"type":"Feature","geometry":{"type":"LineString","coordinates":[[10.758888,59.963773],[10.758853,59.963901],[10.758841,59.963935],[10.758827,59.963967],[10.758804,59.964015],[10.758755,59.964085],[10.758672,59.964187],[10.758645,59.964216]]},"properties":{"id":"4983211-4","name":"Åmotveien"}},
{"type":"Feature","geometry":{"type":"LineString","coordinates":[[10.758645,59.964216],[10.758485,59.964396],[10.758459,59.964423],[10.758257,59.964636]]},"properties":{"id":"4983211-5","name":"Åmotveien"}},
{"type":"Feature","geometry":{"type":"LineString","coordinates":[[10.758257,59.964636],[10.758224,59.964668]]},"properties":{"id":"4983211-6","name":"Åmotveien"}},
{"type":"Feature","geometry":{"type":"LineString","coordinates":[[10.75796,59.95567],[10.758349,59.956086],[10.758359,59.956148],[10.75834,59.956249],[10.758296,59.956444]]},"properties":{"id":"4983215-0","name":"Heierstuveien"}},
{"type":"Feature","geometry":{"type":"LineString","coordinates":[[10.73836,59.958187],[10.738363,59.958249],[10.738346,59.958361],[10.738362,59.958451],[10.738392,59.958509],[10.738435,59.958558],[10.738496,59.958604],[10.738556,59.95864],[10.738644,59.958683],[10.738775,59.95874],[10.739001,59.958817]]},"properties":{"id":"4983216-0","name":"Krokusveien"}},
{"type":"Feature","geometry":{"type":"LineString","coordinates":[[10.739001,59.958817],[10.739051,59.958834],[10.739406,59.958956],[10.739587,59.959024],[10.739665,59.959057],[10.739704,59.959079],[10.739729,59.9591],[10.739745,59.959124],[10.739755,59.95915],[10.739745,59.95918],[10.739727,59.959212],[10.739696,59.959241],[10.739655,59.959268],[10.7396,59.95929],[10.739541,59.959306],[10.739476,59.959315],[10.739443,59.959317]]},"properties":{"id":"4983216-1","name":"Krokusveien"}},
{"type":"Feature","geometry":{"type":"LineString","coordinates":[[10.739443,59.959317],[10.739352,59.959323],[10.738228,59.959358],[10.737917,59.959365]]},"properties":{"id":"4983216-2","name":"Krokusveien"}},
{"type":"Feature","geometry":{"type":"LineString","coordinates":[[10.737917,59.959365],[10.737887,59.959438],[10.737836,59.95961],[10.737801,59.959778]]},"properties":{"id":"4983216-3","name":"Krokusveien"}},
{"type":"Feature","geometry":{"type":"LineString","coordinates":[[10.757012,59.958625],[10.757065,59.958673],[10.757121,59.958722],[10.757324,59.958967],[10.757385,59.959041]]},"properties":{"id":"4983217-0","name":"Korsvollbråtan"}},
{"type":"Feature","geometry":{"type":"LineString","coordinates":[[10.757385,59.959041],[10.75784,59.959526]]},"properties":{"id":"4983217-1","name":"Korsvollbråtan"}},
{"type":"Feature","geometry":{"type":"LineString","coordinates":[[10.75784,59.959526],[10.757949,59.959619],[10.758014,59.959668],[10.758123,59.959739]]},"properties":{"id":"4983217-2","name":"Korsvollbråtan"}},
{"type":"Feature","geometry":{"type":"LineString","coordinates":[[10.758123,59.959739],[10.758208,59.959795],[10.758364,59.959886],[10.758473,59.959941],[10.758621,59.960005],[10.758832,59.960088]]},"properties":{"id":"4983217-3","name":"Korsvollbråtan"}},
{"type":"Feature","geometry":{"type":"LineString","coordinates":[[10.758832,59.960088],[10.759134,59.960213],[10.759238,59.960264],[10.759306,59.960306],[10.759366,59.960359],[10.759489,59.960524]]},"properties":{"id":"4983217-4","name":"Korsvollbråtan"}},
{"type":"Feature","geometry":{"type":"LineString","coordinates":[[10.759489,59.960524],[10.759491,59.960526],[10.759593,59.960667],[10.759808,59.960965],[10.759916,59.961038]]},"properties":{"id":"4983217-5","name":"Korsvollbråtan"}},
{"type":"Feature","geometry":{"type":"LineString","coordinates":[[10.746155,59.963795],[10.746112,59.963829],[10.746083,59.963854],[10.745972,59.96399],[10.745913,59.964197]]},"properties":{"id":"4983218-0","name":"Langmyrgrenda"}},
{"type":"Feature","geometry":{"type":"LineString","coordinates":[[10.745913,59.964197],[10.746009,59.964315],[10.746138,59.964428],[10.746302,59.964575]]},"properties":{"id":"4983218-1","name":"Langmyrgrenda"}},
{"type":"Feature","geometry":{"type":"LineString","coordinates":[[10.743234,59.95926],[10.743278,59.959254],[10.743337,59.95926],[10.743383,59.959269],[10.743411,59.959286],[10.743433,59.959352],[10.743453,59.959399],[10.743486,59.959435],[10.743548,59.959483],[10.743647,59.959539],[10.74367,59.959545],[10.74374,59.959564]]},"properties":{"id":"4983220-0","name":"Borgestadveien"}},
{"type":"Feature","geometry":{"type":"LineString","coordinates":[[10.748176,59.961582],[10.748229,59.961576],[10.748413,59.961556],[10.749171,59.961415]]},"properties":{"id":"4983221-0","name":"Barliveien"}},
{"type":"Feature","geometry":{"type":"LineString","coordinates":[[10.749171,59.961415],[10.749225,59.961404],[10.750096,59.961164]]},"properties":{"id":"4983221-1","name":"Barliveien"}},
{"type":"Feature","geometry":{"type":"LineString","coordinates":[[10.750096,59.961164],[10.750525,59.96103],[10.750869,59.960924],[10.751423,59.960753]]},"properties":{"id":"4983221-2","name":"Barliveien"}},
{"type":"Feature","geometry":{"type":"LineString","coordinates":[[10.751423,59.960753],[10.751622,59.960692],[10.752062,59.960558],[10.75228,59.960487],[10.752428,59.960432],[10.752646,59.960339],[10.75272,59.960323]]},"properties":{"id":"4983221-3","name":"Barliveien"}},
{"type":"Feature","geometry":{"type":"LineString","coordinates":[[10.759023,59.956579],[10.759183,59.956511],[10.759544,59.956294],[10.759733,59.956164],[10.759856,59.956043]]},"properties":{"id":"4983222-0","name":"Bergrådveien"}},
{"type":"Feature","geometry":{"type":"LineString","coordinates":[[10.759856,59.956043],[10.759866,59.956034],[10.759928,59.95592],[10.75995,59.955784],[10.759914,59.955609],[10.759842,59.955409],[10.759825,59.95537]]},"properties":{"id":"4983222-1","name":"Bergrådveien"}},
{"type":"Feature","geometry":{"type":"LineString","coordinates":[[10.759825,59.95537],[10.759279,59.954923],[10.759087,59.954746]]},"properties":{"id":"4983222-2","name":"Bergrådveien"}},
{"type":"Feature","geometry":{"type":"LineString","coordinates":[[10.759087,59.954746],[10.75869,59.954381],[10.758492,59.954199],[10.758391,59.95411]]},"properties":{"id":"4983222-3","name":"Bergrådveien"}},
{"type":"Feature","geometry":{"type":"LineString","coordinates":[[10.758391,59.95411],[10.757735,59.953528],[10.757708,59.953512],[10.757662,59.953484]]},"properties":{"id":"4983222-4","name":"Bergrådveien"}},
{"type":"Feature","geometry":{"type":"LineString","coordinates":[[10.742124,59.962055],[10.743448,59.96209],[10.74351,59.962092]]},"properties":{"id":"4983225-0","name":"Ranunkelveien"}},
{"type":"Feature","geometry":{"type":"LineString","coordinates":[[10.74351,59.962092],[10.744496,59.962126],[10.744895,59.962145]]},"properties":{"id":"4983225-1","name":"Ranunkelveien"}},
{"type":"Feature","geometry":{"type":"LineString","coordinates":[[10.738823,59.961732],[10.738832,59.961688],[10.738837,59.961676],[10.738851,59.961644],[10.738881,59.961601],[10.738929,59.961552],[10.738991,59.96151],[10.739066,59.961467],[10.739636,59.961298],[10.740008,59.961198]]},"properties":{"id":"4983226-0","name":"Holsteinveien"}},
{"type":"Feature","geometry":{"type":"LineString","coordinates":[[10.740008,59.961198],[10.74031,59.961117],[10.740947,59.960941],[10.741478,59.96079],[10.741478,59.96079]]},"properties":{"id":"4983226-1","name":"Holsteinveien"}},
{"type":"Feature","geometry":{"type":"LineString","coordinates":[[10.741478,59.96079],[10.741839,59.960668],[10.742169,59.960536],[10.742527,59.960362],[10.742732,59.960236]]},"properties":{"id":"4983226-2","name":"Holsteinveien"}},
{"type":"Feature","geometry":{"type":"LineString","coordinates":[[10.742732,59.960236],[10.743054,59.960039],[10.74374,59.959564]]},"properties":{"id":"4983226-3","name":"Holsteinveien"}},
{"type":"Feature","geometry":{"type":"LineString","coordinates":[[10.74374,59.959564],[10.743948,59.959447],[10.744206,59.959324],[10.744453,59.959187],[10.744559,59.959141],[10.744737,59.959083],[10.744893,59.95905],[10.7449,59.959048]]},"properties":{"id":"4983226-4","name":"Holsteinveien"}},
{"type":"Feature","geometry":{"type":"LineString","coordinates":[[10.7449,59.959048],[10.745121,59.959002],[10.745398,59.958959],[10.745756,59.958925],[10.74601,59.958917],[10.746212,59.958935],[10.746401,59.958984]]},"properties":{"id":"4983226-5","name":"Holsteinveien"}},
{"type":"Feature","geometry":{"type":"LineString","coordinates":[[10.746401,59.958984],[10.746419,59.958988],[10.746566,59.95905],[10.746676,59.959127],[10.746806,59.959246],[10.746986,59.959386],[10.747111,59.959439],[10.747264,59.959482],[10.747487,59.959487]]},"properties":{"id":"4983226-6","name":"Holsteinveien"}},
{"type":"Feature","geometry":{"type":"LineString","coordinates":[[10.734172,59.958104],[10.734168,59.958157],[10.734165,59.958485],[10.734162,59.958744]]},"properties":{"id":"4983227-0","name":"Hamborgveien"}},
{"type":"Feature","geometry":{"type":"LineString","coordinates":[[10.734162,59.958744],[10.734203,59.958894],[10.734217,59.958932],[10.734258,59.959048],[10.734356,59.959227]]},"properties":{"id":"4983227-1","name":"Hamborgveien"}},
{"type":"Feature","geometry":{"type":"LineString","coordinates":[[10.734356,59.959227],[10.734406,59.959318],[10.734569,59.95953],[10.73463,59.959602],[10.734757,59.95972],[10.734942,59.959872],[10.735012,59.959919]]},"properties":{"id":"4983227-2","name":"Hamborgveien"}},
{"type":"Feature","geometry":{"type":"LineString","coordinates":[[10.735012,59.959919],[10.735076,59.959962],[10.735176,59.96001],[10.73526,59.960041],[10.735351,59.960066],[10.735478,59.960095],[10.735658,59.960119],[10.735765,59.960127],[10.735871,59.96013],[10.735967,59.960128],[10.736043,59.960122],[10.736148,59.960109],[10.736248,59.96009],[10.736389,59.960058],[10.73639,59.960058]]},"properties":{"id":"4983227-3","name":"Hamborgveien"}},
{"type":"Feature","geometry":{"type":"LineString","coordinates":[[10.73639,59.960058],[10.736581,59.960006],[10.7367,59.959974],[10.737167,59.959849],[10.737303,59.959817],[10.737419,59.959799],[10.737525,59.959789],[10.737659,59.95978],[10.737801,59.959778]]},"properties":{"id":"4983227-4","name":"Hamborgveien"}},
{"type":"Feature","geometry":{"type":"LineString","coordinates":[[10.737801,59.959778],[10.737971,59.959788],[10.738102,59.959804],[10.738217,59.959823],[10.738355,59.959852],[10.738487,59.959886],[10.738591,59.959922],[10.738631,59.959939]]},"properties":{"id":"4983227-5","name":"Hamborgveien"}},
{"type":"Feature","geometry":{"type":"LineString","coordinates":[[10.738631,59.959939],[10.738688,59.959964],[10.738778,59.960011],[10.738845,59.960051],[10.738906,59.960097],[10.738999,59.960185],[10.739136,59.960311]]},"properties":{"id":"4983227-6","name":"Hamborgveien"}},
{"type":"Feature","geometry":{"type":"LineString","coordinates":[[10.755791,59.955003],[10.756049,59.954921],[10.756438,59.954783],[10.757111,59.954546],[10.7572,59.954524]]},"properties":{"id":"4983228-0","name":"Mårveien"}},
{"type":"Feature","geometry":{"type":"LineString","coordinates":[[10.750881,59.956354],[10.75095,59.956435],[10.751029,59.956514],[10.75164,59.957069]]},"properties":{"id":"4983229-0","name":"Havnabakken"}},
{"type":"Feature","geometry":{"type":"LineString","coordinates":[[10.75164,59.957069],[10.75178,59.957196],[10.751832,59.957287],[10.751827,59.957349],[10.751798,59.95741],[10.751718,59.957463],[10.75161,59.957512],[10.751337,59.957579],[10.751211,59.957605],[10.751053,59.957638]]},"properties":{"id":"4983229-1","name":"Havnabakken"}},
{"type":"Feature","geometry":{"type":"LineString","coordinates":[[10.751053,59.957638],[10.75094,59.957691],[10.750883,59.957732]]},"properties":{"id":"4983229-2","name":"Havnabakken"}},
{"type":"Feature","geometry":{"type":"LineString","coordinates":[[10.750883,59.957732],[10.750876,59.95774],[10.750835,59.957793],[10.750777,59.95788],[10.750743,59.95792],[10.750726,59.957939]]},"properties":{"id":"4983229-3","name":"Havnabakken"}},
{"type":"Feature","geometry":{"type":"LineString","coordinates":[[10.750726,59.957939],[10.750824,59.958147]]},"properties":{"id":"4983229-4","name":"Havnabakken"}},
{"type":"Feature","geometry":{"type":"LineString","coordinates":[[10.750824,59.958147],[10.751023,59.958261],[10.751162,59.958312],[10.751306,59.958346],[10.751472,59.958362],[10.751631,59.958364],[10.751781,59.95836],[10.751927,59.958364],[10.75202,59.958383],[10.752037,59.958389]]},"properties":{"id":"4983229-5","name":"Havnabakken"}},
{"type":"Feature","geometry":{"type":"LineString","coordinates":[[10.752037,59.958389],[10.752096,59.958411],[10.752145,59.958443],[10.752185,59.958486],[10.752192,59.958513],[10.752196,59.958531],[10.752195,59.95861],[10.752182,59.958752],[10.752174,59.958879],[10.752177,59.958938],[10.752204,59.958997],[10.752246,59.959035],[10.752257,59.959043]]},"properties":{"id":"4983229-6","name":"Havnabakken"}},
{"type":"Feature","geometry":{"type":"LineString","coordinates":[[10.752257,59.959043],[10.752321,59.959088],[10.752432,59.959129],[10.752557,59.959154],[10.752677,59.959166],[10.752908,59.959185],[10.753019,59.959198],[10.75306,59.959203],[10.753188,59.959237],[10.753267,59.959266],[10.753332,59.959297],[10.75337,59.959323],[10.753407,59.959362]]},"properties":{"id":"4983229-7","name":"Havnabakken"}},
{"type":"Feature","geometry":{"type":"LineString","coordinates":[[10.753407,59.959362],[10.753432,59.959406],[10.753785,59.960015]]},"properties":{"id":"4983229-8","name":"Havnabakken"}},
{"type":"Feature","geometry":{"type":"LineString","coordinates":[[10.753785,59.960015],[10.753952,59.960302],[10.754015,59.960681]]},"properties":{"id":"4983229-9","name":"Havnabakken"}},
{"type":"Feature","geometry":{"type":"LineString","coordinates":[[10.754015,59.960681],[10.754127,59.961358]]},"properties":{"id":"4983229-10","name":"Havnabakken"}},
{"type":"Feature","geometry":{"type":"LineString","coordinates":[[10.759171,59.961302],[10.759644,59.961656],[10.759848,59.961809]]},"properties":{"id":"4983231-0","name":"Fjellstien"}},
{"type":"Feature","geometry":{"type":"LineString","coordinates":[[10.759848,59.961809],[10.759965,59.961898],[10.759981,59.96191],[10.760232,59.962089],[10.760263,59.962111],[10.760535,59.962313]]},"properties":{"id":"4983231-1","name":"Fjellstien"}},
{"type":"Feature","geometry":{"type":"LineString","coordinates":[[10.763076,59.96239],[10.763427,59.96242],[10.763836,59.962452],[10.763932,59.962454],[10.764076,59.962449],[10.764169,59.962442]]},"properties":{"id":"4983232-0","name":"Krossveien"}},
{"type":"Feature","geometry":{"type":"LineString","coordinates":[[10.764169,59.962442],[10.764271,59.962436],[10.764443,59.962416],[10.764578,59.962396],[10.764726,59.962364],[10.765052,59.962282],[10.765186,59.96224]]},"properties":{"id":"4983232-1","name":"Krossveien"}},
{"type":"Feature","geometry":{"type":"LineString","coordinates":[[10.765186,59.96224],[10.765311,59.962226],[10.765401,59.96222]]},"properties":{"id":"4983232-2","name":"Krossveien"}},
{"type":"Feature","geometry":{"type":"LineString","coordinates":[[10.749515,59.960602],[10.749552,59.960637],[10.749978,59.961059],[10.750096,59.961164]]},"properties":{"id":"4983233-0","name":"Bålveien"}},
{"type":"Feature","geometry":{"type":"LineString","coordinates":[[10.750096,59.961164],[10.750364,59.96139],[10.750646,59.961613],[10.750959,59.96182]]},"properties":{"id":"4983233-1","name":"Bålveien"}},
{"type":"Feature","geometry":{"type":"LineString","coordinates":[[10.759825,59.95537],[10.760255,59.955264]]},"properties":{"id":"4983234-0","name":""}},
{"type":"Feature","geometry":{"type":"LineString","coordinates":[[10.741683,59.961612],[10.741694,59.961673],[10.741693,59.961723],[10.74169,59.961784],[10.741704,59.961857]]},"properties":{"id":"4983238-0","name":"Peder Ankers vei"}},
{"type":"Feature","geometry":{"type":"LineString","coordinates":[[10.742124,59.962055],[10.741882,59.96231],[10.741702,59.962505]]},"properties":{"id":"4983239-0","name":"Minister Ditleffs vei"}},
{"type":"Feature","geometry":{"type":"LineString","coordinates":[[10.741702,59.962505],[10.741673,59.962537],[10.741394,59.962779],[10.741166,59.962921]]},"properties":{"id":"4983239-1","name":"Minister Ditleffs vei"}},
{"type":"Feature","geometry":{"type":"LineString","coordinates":[[10.741166,59.962921],[10.741015,59.963005]]},"properties":{"id":"4983239-2","name":"Minister Ditleffs vei"}},
{"type":"Feature","geometry":{"type":"LineString","coordinates":[[10.741015,59.963005],[10.740824,59.963062],[10.74054,59.963115],[10.740197,59.963153],[10.740053,59.963171]]},"properties":{"id":"4983239-3","name":"Minister Ditleffs vei"}},
{"type":"Feature","geometry":{"type":"LineString","coordinates":[[10.740053,59.963171],[10.739808,59.963182],[10.739269,59.963206],[10.738934,59.963223]]},"properties":{"id":"4983239-4","name":"Minister Ditleffs vei"}},
{"type":"Feature","geometry":{"type":"LineString","coordinates":[[10.738934,59.963223],[10.737816,59.963278]]},"properties":{"id":"4983239-5","name":"Minister Ditleffs vei"}},
{"type":"Feature","geometry":{"type":"LineString","coordinates":[[10.737816,59.963278],[10.737694,59.963282],[10.737104,59.963309],[10.736751,59.963321],[10.736592,59.963327]]},"properties":{"id":"4983239-6","name":"Minister Ditleffs vei"}},
{"type":"Feature","geometry":{"type":"LineString","coordinates":[[10.743939,59.957232],[10.743985,59.957261],[10.744038,59.957312],[10.744858,59.957886]]},"properties":{"id":"4983241-0","name":"Odd Hassels vei"}},
{"type":"Feature","geometry":{"type":"LineString","coordinates":[[10.75784,59.959526],[10.757026,59.959798]]},"properties":{"id":"4983242-0","name":"Maurstien"}},
{"type":"Feature","geometry":{"type":"LineString","coordinates":[[10.757026,59.959798],[10.756212,59.96007]]},"properties":{"id":"4983242-1","name":"Maurstien"}},
{"type":"Feature","geometry":{"type":"LineString","coordinates":[[10.757385,59.959041],[10.756653,59.959168],[10.755926,59.959357]]},"properties":{"id":"4983244-0","name":"Morenestien"}},
{"type":"Feature","geometry":{"type":"LineString","coordinates":[[10.739827,59.962681],[10.739997,59.962543],[10.740069,59.962487],[10.740064,59.962449],[10.740013,59.962426],[10.739919,59.962422],[10.739831,59.962428],[10.739731,59.962456],[10.739699,59.962504],[10.739699,59.962537],[10.739827,59.962681]]},"properties":{"id":"4983251-0","name":"Minister Ditleffs vei"}},
{"type":"Feature","geometry":{"type":"LineString","coordinates":[[10.739827,59.962681],[10.739857,59.962716],[10.740009,59.963033],[10.740057,59.963114],[10.740053,59.963171]]},"properties":{"id":"4983251-1","name":"Minister Ditleffs vei"}},
{"type":"Feature","geometry":{"type":"LineString","coordinates":[[10.740053,59.963171],[10.740061,59.963223],[10.740101,59.963496]]},"properties":{"id":"4983251-2","name":"Minister Ditleffs vei"}},
{"type":"Feature","geometry":{"type":"LineString","coordinates":[[10.740101,59.963496],[10.740161,59.9639]]},"properties":{"id":"4983251-3","name":"Minister Ditleffs vei"}},
{"type":"Feature","geometry":{"type":"LineString","coordinates":[[10.740161,59.9639],[10.740081,59.963956],[10.740081,59.963988]]},"properties":{"id":"4983251-4","name":"Minister Ditleffs vei"}},
{"type":"Feature","geometry":{"type":"LineString","coordinates":[[10.740081,59.963988],[10.740085,59.964191],[10.740046,59.964242],[10.739956,59.964256],[10.739856,59.964246],[10.739805,59.964219],[10.739783,59.964176],[10.739814,59.964129],[10.740081,59.963988]]},"properties":{"id":"4983251-5","name":"Minister Ditleffs vei"}},
{"type":"Feature","geometry":{"type":"LineString","coordinates":[[10.761203,59.954769],[10.761111,59.954809],[10.761076,59.954825],[10.761,59.954862],[10.760641,59.955054],[10.760255,59.955264]]},"properties":{"id":"4983252-0","name":"Korsvollbakken"}},
{"type":"Feature","geometry":{"type":"LineString","coordinates":[[10.760255,59.955264],[10.760351,59.955385],[10.760499,59.955563],[10.760847,59.955882],[10.760906,59.955934]]},"properties":{"id":"4983252-1","name":"Korsvollbakken"}},
{"type":"Feature","geometry":{"type":"LineString","coordinates":[[10.760906,59.955934],[10.761204,59.956195],[10.761475,59.95644],[10.76157,59.956567],[10.761591,59.956595]]},"properties":{"id":"4983252-2","name":"Korsvollbakken"}},
{"type":"Feature","geometry":{"type":"LineString","coordinates":[[10.761591,59.956595],[10.761638,59.956657],[10.761683,59.956937],[10.761733,59.957335]]},"properties":{"id":"4983252-3","name":"Korsvollbakken"}},
{"type":"Feature","geometry":{"type":"LineString","coordinates":[[10.761733,59.957335],[10.761738,59.957379],[10.761762,59.957567],[10.761791,59.957792],[10.761818,59.958008],[10.761822,59.95808]]},"properties":{"id":"4983252-4","name":"Korsvollbakken"}},
{"type":"Feature","geometry":{"type":"LineString","coordinates":[[10.755954,59.964054],[10.7559,59.964062],[10.75583,59.964083],[10.755779,59.964114],[10.755628,59.964289],[10.755235,59.964694]]},"properties":{"id":"5050959-0","name":"Øvre Langås vei"}},
{"type":"Feature","geometry":{"type":"LineString","coordinates":[[10.75663,59.964172],[10.756607,59.964214],[10.756596,59.964233],[10.756576,59.964299],[10.756552,59.964424],[10.756521,59.964624],[10.75649,59.964772]]},"properties":{"id":"5050962-0","name":"Brynjeveien"}},
{"type":"Feature","geometry":{"type":"LineString","coordinates":[[10.757361,59.956423],[10.758044,59.956438],[10.758296,59.956444]]},"properties":{"id":"5050964-0","name":"Heierstuveien"}},
{"type":"Feature","geometry":{"type":"LineString","coordinates":[[10.758296,59.956444],[10.759023,59.956579]]},"properties":{"id":"5050964-1","name":"Heierstuveien"}},
{"type":"Feature","geometry":{"type":"LineString","coordinates":[[10.759023,59.956579],[10.759293,59.956769],[10.759413,59.956864],[10.759589,59.957073],[10.759613,59.957108]]},"properties":{"id":"5050964-2","name":"Heierstuveien"}},
{"type":"Feature","geometry":{"type":"LineString","coordinates":[[10.759613,59.957108],[10.75984,59.957442],[10.760044,59.957677]]},"properties":{"id":"5050964-3","name":"Heierstuveien"}},
{"type":"Feature","geometry":{"type":"LineString","coordinates":[[10.760044,59.957677],[10.760319,59.957844],[10.76061,59.958015],[10.760635,59.958038],[10.760659,59.958065],[10.760675,59.958096],[10.760688,59.958135]]},"properties":{"id":"5050964-4","name":"Heierstuveien"}},
{"type":"Feature","geometry":{"type":"LineString","coordinates":[[10.745877,59.96122],[10.745896,59.961255],[10.746288,59.961966],[10.746334,59.96207]]},"properties":{"id":"5050966-0","name":"Jansbergveien"}},
{"type":"Feature","geometry":{"type":"LineString","coordinates":[[10.746334,59.96207],[10.746385,59.962182],[10.746509,59.962544],[10.746528,59.962837],[10.746512,59.962941]]},"properties":{"id":"5050966-1","name":"Jansbergveien"}},
{"type":"Feature","geometry":{"type":"LineString","coordinates":[[10.746512,59.962941],[10.746498,59.963033],[10.74648,59.963201],[10.746443,59.96334],[10.746397,59.963452],[10.746326,59.963585],[10.746246,59.963709],[10.746155,59.963795]]},"properties":{"id":"5050966-2","name":"Jansbergveien"}},
{"type":"Feature","geometry":{"type":"LineString","coordinates":[[10.750882,59.956137],[10.750773,59.956067]]},"properties":{"id":"5051231-0","name":"Havnabakken"}},
{"type":"Feature","geometry":{"type":"LineString","coordinates":[[10.75018,59.957791],[10.750318,59.95779],[10.750467,59.957815],[10.750594,59.957862],[10.750701,59.957924],[10.750726,59.957939]]},"properties":{"id":"5054141-0","name":"Havnabakken"}},
{"type":"Feature","geometry":{"type":"LineString","coordinates":[[10.733595,59.963547],[10.733782,59.96352],[10.733975,59.963488],[10.734053,59.963475]]},"properties":{"id":"5132361-0","name":""}},
{"type":"Feature","geometry":{"type":"LineString","coordinates":[[10.72258,59.956802],[10.722597,59.956874],[10.722617,59.957001],[10.722624,59.957089],[10.722556,59.95709]]},"properties":{"id":"5571691-0","name":""}},
{"type":"Feature","geometry":{"type":"LineString","coordinates":[[10.722556,59.95709],[10.722466,59.95709],[10.722396,59.957077],[10.722345,59.957056],[10.72231,59.957022],[10.722304,59.956982],[10.72231,59.956941],[10.722332,59.9569],[10.722384,59.956857],[10.722443,59.956817],[10.722514,59.956808]]},"properties":{"id":"5571691-1","name":""}},
{"type":"Feature","geometry":{"type":"LineString","coordinates":[[10.722514,59.956808],[10.72258,59.956802]]},"properties":{"id":"5571691-2","name":""}},
{"type":"Feature","geometry":{"type":"LineString","coordinates":[[10.722552,59.956951],[10.722551,59.957032],[10.722556,59.95709]]},"properties":{"id":"5571692-0","name":""}},
{"type":"Feature","geometry":{"type":"LineString","coordinates":[[10.722556,59.95709],[10.722571,59.95715],[10.722593,59.957206],[10.722615,59.957266],[10.722654,59.957327],[10.722707,59.957376],[10.722786,59.957428],[10.722839,59.957459],[10.722894,59.957497],[10.722935,59.95753],[10.722961,59.957555],[10.723001,59.957603],[10.723049,59.957668],[10.723078,59.957713],[10.723098,59.957755],[10.723108,59.957799],[10.723107,59.957834]]},"properties":{"id":"5571692-1","name":""}},
{"type":"Feature","geometry":{"type":"LineString","coordinates":[[10.723107,59.957834],[10.723098,59.957879],[10.723084,59.957926],[10.722841,59.958644],[10.722839,59.958653]]},"properties":{"id":"5571692-2","name":""}},
{"type":"Feature","geometry":{"type":"LineString","coordinates":[[10.722839,59.958653],[10.722812,59.958751],[10.722796,59.958874],[10.7228,59.95896],[10.722817,59.959287],[10.722826,59.959482]]},"properties":{"id":"5571692-3","name":""}},
{"type":"Feature","geometry":{"type":"LineString","coordinates":[[10.722826,59.959482],[10.722836,59.959594]]},"properties":{"id":"5571692-4","name":""}},
{"type":"Feature","geometry":{"type":"LineString","coordinates":[[10.729297,59.959498],[10.7294,59.959495],[10.729473,59.959478],[10.729535,59.959422],[10.729556,59.959263]]},"properties":{"id":"5571696-0","name":"John Brandts vei"}},
{"type":"Feature","geometry":{"type":"LineString","coordinates":[[10.729923,59.958251],[10.729889,59.958433],[10.729709,59.958539],[10.729448,59.958734],[10.729364,59.958836]]},"properties":{"id":"5571697-0","name":"John Brandts vei"}},
{"type":"Feature","geometry":{"type":"LineString","coordinates":[[10.729364,59.958836],[10.729325,59.958882],[10.729293,59.959046],[10.729297,59.959498]]},"properties":{"id":"5571697-1","name":"John Brandts vei"}},
{"type":"Feature","geometry":{"type":"LineString","coordinates":[[10.729297,59.959498],[10.729295,59.959589],[10.729284,59.959747],[10.729247,59.959816],[10.729174,59.959869],[10.729069,59.959912],[10.728947,59.959936]]},"properties":{"id":"5571697-2","name":"John Brandts vei"}},
{"type":"Feature","geometry":{"type":"LineString","coordinates":[[10.728947,59.959936],[10.727944,59.959989],[10.727764,59.960025],[10.72767,59.960084]]},"properties":{"id":"5571697-3","name":"John Brandts vei"}},
{"type":"Feature","geometry":{"type":"LineString","coordinates":[[10.72767,59.960084],[10.727642,59.960172],[10.727745,59.960407],[10.727782,59.960474]]},"properties":{"id":"5571697-4","name":"John Brandts vei"}},
{"type":"Feature","geometry":{"type":"LineString","coordinates":[[10.727782,59.960474],[10.72782,59.960538],[10.727844,59.960631],[10.727851,59.960729],[10.727842,59.960879],[10.727827,59.960992],[10.727795,59.961138],[10.727723,59.961292]]},"properties":{"id":"5571697-5","name":"John Brandts vei"}},
{"type":"Feature","geometry":{"type":"LineString","coordinates":[[10.725438,59.960431],[10.725343,59.960597]]},"properties":{"id":"5571699-0","name":""}},
{"type":"Feature","geometry":{"type":"LineString","coordinates":[[10.726473,59.960436],[10.726476,59.960353]]},"properties":{"id":"5571700-0","name":""}},
{"type":"Feature","geometry":{"type":"LineString","coordinates":[[10.726476,59.960353],[10.726592,59.960301],[10.726689,59.960251],[10.726786,59.960218],[10.726919,59.960199],[10.727101,59.960195],[10.72767,59.960084]]},"properties":{"id":"5571700-1","name":""}},
{"type":"Feature","geometry":{"type":"LineString","coordinates":[[10.727782,59.960474],[10.72788,59.960446],[10.728092,59.960404]]},"properties":{"id":"5571701-0","name":""}},
{"type":"Feature","geometry":{"type":"LineString","coordinates":[[10.728092,59.960404],[10.728596,59.960367],[10.728734,59.960345],[10.728795,59.960306],[10.728813,59.960253]]},"properties":{"id":"5571701-1","name":""}},
{"type":"Feature","geometry":{"type":"LineString","coordinates":[[10.728813,59.960253],[10.728768,59.960055],[10.72895,59.959961],[10.728947,59.959936]]},"properties":{"id":"5571701-2","name":""}},
{"type":"Feature","geometry":{"type":"LineString","coordinates":[[10.730193,59.958873],[10.730194,59.958965]]},"properties":{"id":"5571706-0","name":""}},
{"type":"Feature","geometry":{"type":"LineString","coordinates":[[10.76106,59.954611],[10.761143,59.954596],[10.761246,59.954578],[10.761338,59.954563],[10.761403,59.954566],[10.761471,59.954584],[10.761517,59.954607],[10.761536,59.954631],[10.761547,59.954661],[10.761553,59.954718],[10.76157,59.954761],[10.761603,59.954804],[10.761666,59.95486],[10.761725,59.954903]]},"properties":{"id":"6136495-0","name":"Gjerdrums vei"}},
{"type":"Feature","geometry":{"type":"LineString","coordinates":[[10.761725,59.954903],[10.761927,59.955049],[10.762029,59.955102],[10.762138,59.955152],[10.762509,59.955311]]},"properties":{"id":"6136495-1","name":"Gjerdrums vei"}},
{"type":"Feature","geometry":{"type":"LineString","coordinates":[[10.762509,59.955311],[10.762732,59.955417],[10.762885,59.955494],[10.763058,59.955575],[10.763171,59.95561],[10.763206,59.955618],[10.763236,59.955626],[10.763328,59.95564],[10.763466,59.955652],[10.763533,59.955651]]},"properties":{"id":"6136495-2","name":"Gjerdrums vei"}},
{"type":"Feature","geometry":{"type":"LineString","coordinates":[[10.763533,59.955651],[10.76359,59.955651],[10.764057,59.955638],[10.764198,59.955639],[10.764337,59.955653],[10.764422,59.955674],[10.764462,59.955691],[10.764496,59.955705],[10.764549,59.955739],[10.764627,59.955811],[10.764634,59.955821]]},"properties":{"id":"6136495-3","name":"Gjerdrums vei"}},
{"type":"Feature","geometry":{"type":"LineString","coordinates":[[10.764634,59.955821],[10.764779,59.956025]]},"properties":{"id":"6136495-4","name":"Gjerdrums vei"}},
{"type":"Feature","geometry":{"type":"LineString","coordinates":[[10.764779,59.956025],[10.764821,59.956079]]},"properties":{"id":"6136495-5","name":"Gjerdrums vei"}},
{"type":"Feature","geometry":{"type":"LineString","coordinates":[[10.764821,59.956079],[10.765068,59.956417],[10.765133,59.956488],[10.765164,59.956506],[10.765208,59.956531],[10.765272,59.956558],[10.765287,59.956564],[10.76536,59.956579],[10.765442,59.956587]]},"properties":{"id":"6136495-6","name":"Gjerdrums vei"}},
{"type":"Feature","geometry":{"type":"LineString","coordinates":[[10.765442,59.956587],[10.765518,59.956588],[10.765605,59.956582],[10.765717,59.95656],[10.765844,59.956523],[10.765963,59.956469],[10.766044,59.956406]]},"properties":{"id":"6136495-7","name":"Gjerdrums vei"}},
{"type":"Feature","geometry":{"type":"LineString","coordinates":[[10.766044,59.956406],[10.766101,59.956341],[10.766184,59.956222],[10.766307,59.956063]]},"properties":{"id":"6136495-8","name":"Gjerdrums vei"}},
{"type":"Feature","geometry":{"type":"LineString","coordinates":[[10.759992,59.94429],[10.760079,59.944778]]},"properties":{"id":"8127889-0","name":"Bergensgata"}},
{"type":"Feature","geometry":{"type":"LineString","coordinates":[[10.760079,59.944778],[10.760138,59.945113],[10.760154,59.945265]]},"properties":{"id":"8127889-1","name":"Bergensgata"}},
{"type":"Feature","geometry":{"type":"LineString","coordinates":[[10.760154,59.945265],[10.760164,59.94536]]},"properties":{"id":"8127889-2","name":"Bergensgata"}},
{"type":"Feature","geometry":{"type":"LineString","coordinates":[[10.760164,59.94536],[10.760186,59.945593],[10.76019,59.94561]]},"properties":{"id":"8127889-3","name":"Bergensgata"}},
{"type":"Feature","geometry":{"type":"LineString","coordinates":[[10.76019,59.94561],[10.760203,59.945675],[10.760215,59.945737],[10.760236,59.945813],[10.760269,59.945895]]},"properties":{"id":"8127889-4","name":"Bergensgata"}},
{"type":"Feature","geometry":{"type":"LineString","coordinates":[[10.758476,59.953218],[10.758629,59.953235],[10.758735,59.953241],[10.758843,59.953246],[10.759103,59.953273]]},"properties":{"id":"8134952-0","name":"Kaj Munks vei"}},
{"type":"Feature","geometry":{"type":"LineString","coordinates":[[10.72794,59.951537],[10.728136,59.951483],[10.728259,59.95144],[10.728371,59.951397],[10.728458,59.951353],[10.728548,59.951302],[10.728631,59.951248]]},"properties":{"id":"8136235-0","name":"Sognsveien"}},
{"type":"Feature","geometry":{"type":"LineString","coordinates":[[10.728631,59.951248],[10.728664,59.951227],[10.728915,59.951059],[10.729167,59.95088]]},"properties":{"id":"8136235-1","name":"Sognsveien"}},
{"type":"Feature","geometry":{"type":"LineString","coordinates":[[10.729167,59.95088],[10.729213,59.950848]]},"properties":{"id":"8136235-2","name":"Sognsveien"}},
{"type":"Feature","geometry":{"type":"LineString","coordinates":[[10.720046,59.956908],[10.720289,59.956934],[10.720588,59.956916],[10.720991,59.956772],[10.721297,59.956722]]},"properties":{"id":"8136388-6","name":"Sognsvannsveien"}},
{"type":"Feature","geometry":{"type":"LineString","coordinates":[[10.733068,59.963625],[10.732925,59.963655],[10.732815,59.9637],[10.732656,59.963799],[10.732454,59.963859],[10.732385,59.963889],[10.732296,59.963931]]},"properties":{"id":"8160539-0","name":""}},
{"type":"Feature","geometry":{"type":"LineString","coordinates":[[10.732296,59.963931],[10.732058,59.963965]]},"properties":{"id":"8160539-1","name":""}},
{"type":"Feature","geometry":{"type":"LineString","coordinates":[[10.736331,59.952004],[10.736087,59.952228],[10.735933,59.952353],[10.735893,59.952377]]},"properties":{"id":"8173291-0","name":""}},
{"type":"Feature","geometry":{"type":"LineString","coordinates":[[10.735893,59.952377],[10.735669,59.952514],[10.735614,59.952547]]},"properties":{"id":"8173291-1","name":""}},
{"type":"Feature","geometry":{"type":"LineString","coordinates":[[10.734265,59.951766],[10.734309,59.951729]]},"properties":{"id":"8173292-0","name":""}},
{"type":"Feature","geometry":{"type":"LineString","coordinates":[[10.734309,59.951729],[10.734548,59.95153]]},"properties":{"id":"8173292-1","name":""}},
{"type":"Feature","geometry":{"type":"LineString","coordinates":[[10.734548,59.95153],[10.734629,59.951462],[10.734959,59.951173]]},"properties":{"id":"8173292-2","name":""}},
{"type":"Feature","geometry":{"type":"LineString","coordinates":[[10.731545,59.942313],[10.731594,59.942275],[10.73226,59.941819],[10.732431,59.941701],[10.732483,59.941665],[10.732532,59.941631]]},"properties":{"id":"8233684-0","name":"Gustav Heibergs vei"}},
{"type":"Feature","geometry":{"type":"LineString","coordinates":[[10.765585,59.954284],[10.765559,59.954235],[10.765555,59.954197]]},"properties":{"id":"9364573-0","name":"Gjerdrums vei"}},
{"type":"Feature","geometry":{"type":"LineString","coordinates":[[10.765555,59.954197],[10.765559,59.954152],[10.765613,59.954066]]},"properties":{"id":"9364573-1","name":"Gjerdrums vei"}},
{"type":"Feature","geometry":{"type":"LineString","coordinates":[[10.765613,59.954066],[10.765626,59.954053],[10.765766,59.953903]]},"properties":{"id":"9364573-2","name":"Gjerdrums vei"}},
{"type":"Feature","geometry":{"type":"LineString","coordinates":[[10.765766,59.953903],[10.765813,59.953851],[10.76598,59.953689]]},"properties":{"id":"9364573-3","name":"Gjerdrums vei"}},
{"type":"Feature","geometry":{"type":"LineString","coordinates":[[10.76598,59.953689],[10.76608,59.953563],[10.766252,59.953309],[10.766314,59.953225]]},"properties":{"id":"9364573-4","name":"Gjerdrums vei"}},
{"type":"Feature","geometry":{"type":"LineString","coordinates":[[10.766314,59.953225],[10.766391,59.953131],[10.766484,59.95303],[10.766537,59.952983]]},"properties":{"id":"9364573-5","name":"Gjerdrums vei"}},
{"type":"Feature","geometry":{"type":"LineString","coordinates":[[10.766537,59.952983],[10.76659,59.952935],[10.766728,59.952827]]},"properties":{"id":"9364576-0","name":"Gjerdrums vei"}},
{"type":"Feature","geometry":{"type":"LineString","coordinates":[[10.765358,59.954706],[10.765404,59.954665],[10.765285,59.954493]]},"properties":{"id":"9364580-0","name":""}},
{"type":"Feature","geometry":{"type":"LineString","coordinates":[[10.729153,59.963515],[10.729168,59.963514]]},"properties":{"id":"22664212-0","name":""}},
{"type":"Feature","geometry":{"type":"LineString","coordinates":[[10.729168,59.963514],[10.729486,59.963491],[10.729637,59.963497],[10.72982,59.963504],[10.730054,59.963512],[10.730535,59.96351],[10.73063,59.963506]]},"properties":{"id":"22664212-1","name":""}},
{"type":"Feature","geometry":{"type":"LineString","coordinates":[[10.73063,59.963506],[10.730796,59.963501],[10.731095,59.96349],[10.731198,59.963491],[10.731273,59.963495],[10.731383,59.963506]]},"properties":{"id":"22664212-2","name":""}},
{"type":"Feature","geometry":{"type":"LineString","coordinates":[[10.731383,59.963506],[10.732016,59.963563]]},"properties":{"id":"22664212-3","name":""}},
{"type":"Feature","geometry":{"type":"LineString","coordinates":[[10.732016,59.963563],[10.732105,59.963536]]},"properties":{"id":"22664212-4","name":""}},
{"type":"Feature","geometry":{"type":"LineString","coordinates":[[10.732105,59.963536],[10.732478,59.963502],[10.732684,59.963545],[10.732777,59.963531],[10.733013,59.963496]]},"properties":{"id":"22664212-5","name":""}},
{"type":"Feature","geometry":{"type":"LineString","coordinates":[[10.733013,59.963496],[10.733272,59.963458],[10.733326,59.963503],[10.733406,59.963668],[10.733433,59.963723],[10.733452,59.963781]]},"properties":{"id":"22664212-6","name":""}},
{"type":"Feature","geometry":{"type":"LineString","coordinates":[[10.736824,59.962806],[10.736761,59.962795],[10.73669,59.962783],[10.736396,59.962755]]},"properties":{"id":"23103811-0","name":""}},
{"type":"Feature","geometry":{"type":"LineString","coordinates":[[10.736396,59.962755],[10.736229,59.962739],[10.736208,59.962707],[10.736207,59.962631],[10.736227,59.962518],[10.736231,59.962494],[10.736208,59.962455],[10.736135,59.962378]]},"properties":{"id":"23103811-1","name":""}},
{"type":"Feature","geometry":{"type":"LineString","coordinates":[[10.721355,59.947808],[10.721442,59.947759],[10.721467,59.947745],[10.721505,59.947691],[10.721508,59.947654],[10.721438,59.947603],[10.721183,59.94748],[10.720948,59.947368],[10.720891,59.947342]]},"properties":{"id":"25123647-0","name":""}},
{"type":"Feature","geometry":{"type":"LineString","coordinates":[[10.720891,59.947342],[10.720793,59.947315],[10.720704,59.947291],[10.720473,59.947253]]},"properties":{"id":"25123647-1","name":""}},
{"type":"Feature","geometry":{"type":"LineString","coordinates":[[10.747528,59.953844],[10.747567,59.953826],[10.748275,59.953507],[10.748423,59.95344],[10.748435,59.953437]]},"properties":{"id":"25564485-0","name":"Asalveien"}},
{"type":"Feature","geometry":{"type":"LineString","coordinates":[[10.748435,59.953437],[10.748499,59.953421],[10.748584,59.953414],[10.748682,59.953415],[10.748907,59.953425],[10.749559,59.953463],[10.749637,59.953471]]},"properties":{"id":"25564485-1","name":"Asalveien"}},
{"type":"Feature","geometry":{"type":"LineString","coordinates":[[10.749637,59.953471],[10.749705,59.953477]]},"properties":{"id":"25564485-2","name":"Asalveien"}},
{"type":"Feature","geometry":{"type":"LineString","coordinates":[[10.74915,59.946445],[10.749021,59.946461],[10.748503,59.946508],[10.748354,59.946498],[10.748204,59.946466],[10.747975,59.946366]]},"properties":{"id":"29704478-0","name":"Løvåsveien"}},
{"type":"Feature","geometry":{"type":"LineString","coordinates":[[10.747975,59.946366],[10.747012,59.945947]]},"properties":{"id":"29704478-1","name":"Løvåsveien"}},
{"type":"Feature","geometry":{"type":"LineString","coordinates":[[10.747012,59.945947],[10.746415,59.945687],[10.746095,59.945505]]},"properties":{"id":"29704478-2","name":"Løvåsveien"}},
{"type":"Feature","geometry":{"type":"LineString","coordinates":[[10.7196,59.948127],[10.71971,59.948145],[10.719867,59.948192],[10.720258,59.948265],[10.720859,59.948353],[10.721113,59.948402]]},"properties":{"id":"31141378-2","name":""}},
{"type":"Feature","geometry":{"type":"LineString","coordinates":[[10.721113,59.948402],[10.721553,59.948515],[10.721727,59.948601],[10.721863,59.948739]]},"properties":{"id":"31141378-3","name":""}},
{"type":"Feature","geometry":{"type":"LineString","coordinates":[[10.721863,59.948739],[10.722037,59.948916],[10.722207,59.949171],[10.722279,59.949217]]},"properties":{"id":"31141378-4","name":""}},
{"type":"Feature","geometry":{"type":"LineString","coordinates":[[10.722279,59.949217],[10.722363,59.949255]]},"properties":{"id":"31141378-5","name":""}},
{"type":"Feature","geometry":{"type":"LineString","coordinates":[[10.722363,59.949255],[10.722498,59.949327],[10.72275,59.949486],[10.722837,59.94964]]},"properties":{"id":"31141378-6","name":""}},
{"type":"Feature","geometry":{"type":"LineString","coordinates":[[10.722837,59.94964],[10.722879,59.949714],[10.722763,59.949795],[10.722553,59.949824],[10.72221,59.94986]]},"properties":{"id":"31141378-7","name":""}},
{"type":"Feature","geometry":{"type":"LineString","coordinates":[[10.759262,59.943967],[10.759018,59.943851],[10.759011,59.943848],[10.758497,59.943645],[10.758218,59.943531]]},"properties":{"id":"33651520-0","name":"Stavangergata"}},
{"type":"Feature","geometry":{"type":"LineString","coordinates":[[10.758218,59.943531],[10.757652,59.9433],[10.757468,59.943228],[10.757157,59.943105]]},"properties":{"id":"33651520-1","name":"Stavangergata"}},
{"type":"Feature","geometry":{"type":"LineString","coordinates":[[10.757157,59.943105],[10.756654,59.942908],[10.756088,59.942684]]},"properties":{"id":"33651520-2","name":"Stavangergata"}},
{"type":"Feature","geometry":{"type":"LineString","coordinates":[[10.756088,59.942684],[10.755322,59.942373],[10.755134,59.942298],[10.755025,59.942255],[10.754971,59.942234]]},"properties":{"id":"33651520-3","name":"Stavangergata"}},
{"type":"Feature","geometry":{"type":"LineString","coordinates":[[10.761958,59.949265],[10.761907,59.949343],[10.761888,59.949373],[10.76185,59.949431],[10.761847,59.949497],[10.761884,59.949604],[10.761906,59.949672]]},"properties":{"id":"34022402-0","name":""}},
{"type":"Feature","geometry":{"type":"LineString","coordinates":[[10.764475,59.94948],[10.764352,59.949488],[10.763385,59.949538]]},"properties":{"id":"34022403-0","name":""}},
{"type":"Feature","geometry":{"type":"LineString","coordinates":[[10.763385,59.949538],[10.762518,59.949584],[10.762462,59.949599],[10.762433,59.949621],[10.762424,59.949655],[10.762412,59.949674]]},"properties":{"id":"34022403-1","name":""}},
{"type":"Feature","geometry":{"type":"LineString","coordinates":[[10.766765,59.948932],[10.766677,59.948917],[10.766536,59.948895],[10.766325,59.948859],[10.766194,59.948819],[10.766152,59.948882]]},"properties":{"id":"34022404-0","name":""}},
{"type":"Feature","geometry":{"type":"LineString","coordinates":[[10.765201,59.949867],[10.76531,59.949876],[10.765437,59.949888],[10.765605,59.949904]]},"properties":{"id":"34022419-0","name":"Nydalsveien"}},
{"type":"Feature","geometry":{"type":"LineString","coordinates":[[10.765605,59.949904],[10.765843,59.949927],[10.765964,59.949941],[10.766071,59.949958]]},"properties":{"id":"34022419-1","name":"Nydalsveien"}},
{"type":"Feature","geometry":{"type":"LineString","coordinates":[[10.764921,59.950336],[10.764908,59.95053],[10.764869,59.950693],[10.764648,59.950974]]},"properties":{"id":"34343789-0","name":""}},
{"type":"Feature","geometry":{"type":"LineString","coordinates":[[10.764648,59.950974],[10.765431,59.951093]]},"properties":{"id":"34343790-0","name":""}},
{"type":"Feature","geometry":{"type":"LineString","coordinates":[[10.762978,59.945819],[10.762971,59.94579],[10.762933,59.945552],[10.762891,59.945285],[10.762803,59.945052],[10.762775,59.944979]]},"properties":{"id":"34343795-0","name":"Maridalsveien"}},
{"type":"Feature","geometry":{"type":"LineString","coordinates":[[10.762775,59.944979],[10.762714,59.944923],[10.762699,59.944889]]},"properties":{"id":"34343795-1","name":"Maridalsveien"}},
{"type":"Feature","geometry":{"type":"LineString","coordinates":[[10.762699,59.944889],[10.76268,59.944848],[10.762605,59.944506],[10.762573,59.944431],[10.762576,59.944375],[10.762621,59.944313],[10.762678,59.944268],[10.762763,59.944229],[10.762851,59.944197],[10.762965,59.944169]]},"properties":{"id":"34343795-2","name":"Maridalsveien"}},
{"type":"Feature","geometry":{"type":"LineString","coordinates":[[10.762775,59.944979],[10.763411,59.94492]]},"properties":{"id":"34348510-0","name":"Maridalsveien"}},
{"type":"Feature","geometry":{"type":"LineString","coordinates":[[10.763411,59.94492],[10.763295,59.944259],[10.763263,59.94422],[10.763221,59.944196],[10.763153,59.944178],[10.763055,59.944166],[10.762965,59.944169]]},"properties":{"id":"34348510-1","name":"Maridalsveien"}},
{"type":"Feature","geometry":{"type":"LineString","coordinates":[[10.722246,59.947863],[10.722122,59.94768],[10.722068,59.947597],[10.722036,59.947543],[10.72201,59.94748],[10.721983,59.947377],[10.72198,59.947341]]},"properties":{"id":"34423961-0","name":""}},
{"type":"Feature","geometry":{"type":"LineString","coordinates":[[10.72198,59.947341],[10.721971,59.947252],[10.721989,59.94713],[10.72203,59.947016],[10.722062,59.946939],[10.722103,59.946805]]},"properties":{"id":"34423961-1","name":""}},
{"type":"Feature","geometry":{"type":"LineString","coordinates":[[10.728808,59.964436],[10.728878,59.964461],[10.728905,59.964483],[10.728922,59.964515],[10.728981,59.964615]]},"properties":{"id":"44391777-0","name":""}},
{"type":"Feature","geometry":{"type":"LineString","coordinates":[[10.728981,59.964615],[10.729014,59.964672]]},"properties":{"id":"44391777-1","name":""}},
{"type":"Feature","geometry":{"type":"LineString","coordinates":[[10.759646,59.942544],[10.759536,59.942551],[10.759034,59.942578],[10.758678,59.942597],[10.75837,59.94261]]},"properties":{"id":"48833533-0","name":"Holmestrandgata"}},
{"type":"Feature","geometry":{"type":"LineString","coordinates":[[10.75837,59.94261],[10.758142,59.942494],[10.757985,59.94244],[10.757742,59.942318],[10.757583,59.942206],[10.757495,59.942126],[10.757371,59.94193]]},"properties":{"id":"48833534-0","name":"Holmestrandgata"}},
{"type":"Feature","geometry":{"type":"LineString","coordinates":[[10.722305,59.946885],[10.722221,59.946972],[10.722169,59.947043],[10.722126,59.947151],[10.722108,59.94726],[10.722126,59.947367],[10.722157,59.947471],[10.722174,59.947508]]},"properties":{"id":"51370055-0","name":""}},
{"type":"Feature","geometry":{"type":"LineString","coordinates":[[10.722174,59.947508],[10.722185,59.947532],[10.722222,59.947593],[10.722267,59.947667],[10.722381,59.947838],[10.722417,59.94789],[10.722462,59.947943],[10.722512,59.947985],[10.722568,59.948028],[10.722639,59.948105]]},"properties":{"id":"51370055-1","name":""}},
{"type":"Feature","geometry":{"type":"LineString","coordinates":[[10.721933,59.948071],[10.721861,59.948045],[10.721705,59.947971],[10.721355,59.947808]]},"properties":{"id":"51370057-0","name":"Klaus Torgårds vei"}},
{"type":"Feature","geometry":{"type":"LineString","coordinates":[[10.721355,59.947808],[10.720977,59.947626],[10.72084,59.947566],[10.720707,59.947514],[10.720563,59.947469],[10.720429,59.947433],[10.720325,59.947409],[10.720243,59.947392]]},"properties":{"id":"51370057-1","name":"Klaus Torgårds vei"}},
{"type":"Feature","geometry":{"type":"LineString","coordinates":[[10.722006,59.948086],[10.722127,59.948058],[10.722177,59.948039],[10.722211,59.948018],[10.722246,59.947982],[10.722255,59.947929],[10.722246,59.947863]]},"properties":{"id":"51370061-0","name":""}},
{"type":"Feature","geometry":{"type":"LineString","coordinates":[[10.721933,59.948071],[10.722006,59.948086]]},"properties":{"id":"51370062-0","name":"Klaus Torgårds vei"}},
{"type":"Feature","geometry":{"type":"LineString","coordinates":[[10.722006,59.948086],[10.722098,59.948106],[10.722182,59.948112],[10.722277,59.948119],[10.722389,59.948137]]},"properties":{"id":"51370062-1","name":"Klaus Torgårds vei"}},
{"type":"Feature","geometry":{"type":"LineString","coordinates":[[10.719916,59.955052],[10.720499,59.955287]]},"properties":{"id":"51370063-7","name":"Gaustadveien"}},
{"type":"Feature","geometry":{"type":"LineString","coordinates":[[10.720499,59.955287],[10.720573,59.955317],[10.720732,59.955383],[10.720753,59.955392],[10.720898,59.955455]]},"properties":{"id":"51370063-8","name":"Gaustadveien"}},
{"type":"Feature","geometry":{"type":"LineString","coordinates":[[10.720898,59.955455],[10.721109,59.955549]]},"properties":{"id":"51370063-9","name":"Gaustadveien"}},
{"type":"Feature","geometry":{"type":"LineString","coordinates":[[10.721109,59.955549],[10.721166,59.955576]]},"properties":{"id":"51370063-10","name":"Gaustadveien"}},
{"type":"Feature","geometry":{"type":"LineString","coordinates":[[10.721166,59.955576],[10.721203,59.955594],[10.721276,59.955629],[10.721404,59.955696],[10.721502,59.955752],[10.721607,59.955816],[10.721709,59.955886],[10.721783,59.95594],[10.721844,59.955993],[10.721864,59.956012]]},"properties":{"id":"51370063-11","name":"Gaustadveien"}},
{"type":"Feature","geometry":{"type":"LineString","coordinates":[[10.721864,59.956012],[10.721906,59.956052],[10.721948,59.956091]]},"properties":{"id":"51370063-12","name":"Gaustadveien"}},
{"type":"Feature","geometry":{"type":"LineString","coordinates":[[10.721948,59.956091],[10.722012,59.956155],[10.722065,59.956211],[10.722141,59.956293],[10.722196,59.956353],[10.722241,59.956408],[10.722296,59.956479],[10.72234,59.956536],[10.722376,59.956585],[10.722428,59.956653],[10.72246,59.956703],[10.722487,59.956751],[10.722514,59.956808]]},"properties":{"id":"51370063-13","name":"Gaustadveien"}},
{"type":"Feature","geometry":{"type":"LineString","coordinates":[[10.722514,59.956808],[10.722534,59.956874],[10.722552,59.956951]]},"properties":{"id":"51370063-14","name":"Gaustadveien"}},
{"type":"Feature","geometry":{"type":"LineString","coordinates":[[10.76027,59.946189],[10.760303,59.94617],[10.760343,59.946157],[10.760388,59.946148],[10.760436,59.946144],[10.760485,59.946147],[10.760531,59.946154]]},"properties":{"id":"51795400-0","name":""}},
{"type":"Feature","geometry":{"type":"LineString","coordinates":[[10.765072,59.948895],[10.76518,59.948897]]},"properties":{"id":"51795401-0","name":""}},
{"type":"Feature","geometry":{"type":"LineString","coordinates":[[10.76518,59.948897],[10.765299,59.948896],[10.765405,59.948883],[10.765471,59.948856],[10.765556,59.948802],[10.765613,59.948774],[10.765671,59.94876]]},"properties":{"id":"51795402-0","name":""}},
{"type":"Feature","geometry":{"type":"LineString","coordinates":[[10.765671,59.94876],[10.76578,59.948704]]},"properties":{"id":"51795402-1","name":""}},
{"type":"Feature","geometry":{"type":"LineString","coordinates":[[10.763827,59.959245],[10.763709,59.959243],[10.763564,59.959221]]},"properties":{"id":"57397095-0","name":"Skibakkeveien"}},
{"type":"Feature","geometry":{"type":"LineString","coordinates":[[10.763564,59.959221],[10.763227,59.959244],[10.762753,59.959297],[10.762479,59.959321],[10.762433,59.959326],[10.762408,59.959326]]},"properties":{"id":"57397095-1","name":"Skibakkeveien"}},
{"type":"Feature","geometry":{"type":"LineString","coordinates":[[10.762408,59.959326],[10.761938,59.959332],[10.761234,59.959349]]},"properties":{"id":"57397095-2","name":"Skibakkeveien"}},
{"type":"Feature","geometry":{"type":"LineString","coordinates":[[10.760188,59.960348],[10.761452,59.960057]]},"properties":{"id":"57397097-0","name":""}},
{"type":"Feature","geometry":{"type":"LineString","coordinates":[[10.758872,59.960072],[10.759262,59.959919],[10.759737,59.95974],[10.759929,59.959657],[10.760063,59.959596],[10.760083,59.959586]]},"properties":{"id":"57397109-0","name":"Hansegata"}},
{"type":"Feature","geometry":{"type":"LineString","coordinates":[[10.760083,59.959586],[10.76015,59.959552],[10.760248,59.95948],[10.760348,59.959405],[10.760456,59.959283],[10.760566,59.959172],[10.760627,59.959129],[10.760683,59.95911],[10.760814,59.959094],[10.761092,59.959066]]},"properties":{"id":"57397109-1","name":"Hansegata"}},
{"type":"Feature","geometry":{"type":"LineString","coordinates":[[10.764106,59.959946],[10.76339,59.960082],[10.762831,59.960161]]},"properties":{"id":"57399975-0","name":"Langåsveien"}},
{"type":"Feature","geometry":{"type":"LineString","coordinates":[[10.762831,59.960161],[10.762342,59.960231],[10.762059,59.960292],[10.761939,59.960325],[10.761842,59.960358],[10.761773,59.960398],[10.761716,59.960425],[10.761634,59.960447]]},"properties":{"id":"57399975-1","name":"Langåsveien"}},
{"type":"Feature","geometry":{"type":"LineString","coordinates":[[10.721157,59.960731],[10.721136,59.960758],[10.721121,59.960809]]},"properties":{"id":"58650432-0","name":""}},
{"type":"Feature","geometry":{"type":"LineString","coordinates":[[10.765585,59.954284],[10.765656,59.954291],[10.765703,59.9543],[10.765733,59.954312],[10.765748,59.954324],[10.765755,59.954339],[10.765754,59.954357],[10.765745,59.954371],[10.765702,59.954395],[10.765656,59.954407]]},"properties":{"id":"65799219-0","name":"Gjerdrums vei"}},
{"type":"Feature","geometry":{"type":"LineString","coordinates":[[10.765656,59.954407],[10.765606,59.954391],[10.76557,59.954369],[10.765553,59.954346]]},"properties":{"id":"65799219-1","name":"Gjerdrums vei"}},
{"type":"Feature","geometry":{"type":"LineString","coordinates":[[10.765553,59.954346],[10.765555,59.954326],[10.765568,59.954301],[10.765585,59.954284]]},"properties":{"id":"65799219-2","name":"Gjerdrums vei"}},
{"type":"Feature","geometry":{"type":"LineString","coordinates":[[10.766679,59.954172],[10.76666,59.953797],[10.766632,59.953738],[10.76657,59.95371],[10.766439,59.953698],[10.766282,59.953707],[10.766096,59.953712],[10.766055,59.953703],[10.76598,59.953689]]},"properties":{"id":"65799221-1","name":""}},
{"type":"Feature","geometry":{"type":"LineString","coordinates":[[10.7606,59.953379],[10.760484,59.953359],[10.760357,59.953343],[10.760229,59.953331],[10.759933,59.95329]]},"properties":{"id":"66030611-0","name":"Kaj Munks vei"}},
{"type":"Feature","geometry":{"type":"LineString","coordinates":[[10.760823,59.954135],[10.760841,59.954212],[10.760858,59.954281],[10.760896,59.954372],[10.760947,59.95446]]},"properties":{"id":"66097312-0","name":"Maridalsveien"}},
{"type":"Feature","geometry":{"type":"LineString","coordinates":[[10.760947,59.95446],[10.761004,59.954541],[10.76106,59.954611]]},"properties":{"id":"66097312-1","name":"Maridalsveien"}},
{"type":"Feature","geometry":{"type":"LineString","coordinates":[[10.76106,59.954611],[10.761128,59.95469],[10.761203,59.954769]]},"properties":{"id":"66097312-2","name":"Maridalsveien"}},
{"type":"Feature","geometry":{"type":"LineString","coordinates":[[10.761203,59.954769],[10.761363,59.954887],[10.761512,59.954989],[10.761694,59.955107],[10.7619,59.95523],[10.762141,59.955367],[10.762288,59.95545],[10.762315,59.955465]]},"properties":{"id":"66097312-3","name":"Maridalsveien"}},
{"type":"Feature","geometry":{"type":"LineString","coordinates":[[10.762315,59.955465],[10.762691,59.955672],[10.762869,59.955781],[10.76301,59.955883],[10.763111,59.955969],[10.763211,59.956063],[10.76331,59.95617],[10.763325,59.956192]]},"properties":{"id":"66097312-4","name":"Maridalsveien"}},
{"type":"Feature","geometry":{"type":"LineString","coordinates":[[10.763325,59.956192],[10.763391,59.956286],[10.763444,59.956389],[10.763492,59.956498],[10.763538,59.956614],[10.763574,59.956727],[10.763622,59.956871],[10.763643,59.956987],[10.763652,59.957067]]},"properties":{"id":"66097312-5","name":"Maridalsveien"}},
{"type":"Feature","geometry":{"type":"LineString","coordinates":[[10.763652,59.957067],[10.763658,59.95711],[10.76367,59.957263],[10.763679,59.957405],[10.763686,59.957959]]},"properties":{"id":"66097312-6","name":"Maridalsveien"}},
{"type":"Feature","geometry":{"type":"LineString","coordinates":[[10.766307,59.956063],[10.766444,59.955919]]},"properties":{"id":"66099562-0","name":"Gjerdrums vei"}},
{"type":"Feature","geometry":{"type":"LineString","coordinates":[[10.72704,59.952577],[10.726636,59.952642]]},"properties":{"id":"66335620-0","name":""}},
{"type":"Feature","geometry":{"type":"LineString","coordinates":[[10.71943,59.95086],[10.720563,59.950939]]},"properties":{"id":"66335639-3","name":""}},
{"type":"Feature","geometry":{"type":"LineString","coordinates":[[10.720563,59.950939],[10.720933,59.950973]]},"properties":{"id":"66335639-4","name":""}},
{"type":"Feature","geometry":{"type":"LineString","coordinates":[[10.726137,59.952263],[10.726636,59.952642]]},"properties":{"id":"66335647-0","name":""}},
{"type":"Feature","geometry":{"type":"LineString","coordinates":[[10.725416,59.954681],[10.725638,59.954571]]},"properties":{"id":"66338598-0","name":""}},
{"type":"Feature","geometry":{"type":"LineString","coordinates":[[10.725638,59.954571],[10.726602,59.954032]]},"properties":{"id":"66338598-1","name":""}},
{"type":"Feature","geometry":{"type":"LineString","coordinates":[[10.726602,59.954032],[10.727565,59.953492]]},"properties":{"id":"66338598-2","name":""}},
{"type":"Feature","geometry":{"type":"LineString","coordinates":[[10.727565,59.953492],[10.7276,59.953476],[10.727643,59.953456]]},"properties":{"id":"66338598-3","name":""}},
{"type":"Feature","geometry":{"type":"LineString","coordinates":[[10.727565,59.953492],[10.727544,59.953656],[10.727553,59.953808]]},"properties":{"id":"66338599-0","name":"Mittveien"}},
{"type":"Feature","geometry":{"type":"LineString","coordinates":[[10.727553,59.953808],[10.727242,59.95399]]},"properties":{"id":"66512421-0","name":"Vestveien"}},
{"type":"Feature","geometry":{"type":"LineString","coordinates":[[10.729759,59.956716],[10.730542,59.957144]]},"properties":{"id":"66512423-0","name":"Skogveien"}},
{"type":"Feature","geometry":{"type":"LineString","coordinates":[[10.730542,59.957144],[10.731325,59.957571]]},"properties":{"id":"66512423-1","name":"Skogveien"}},
{"type":"Feature","geometry":{"type":"LineString","coordinates":[[10.726535,59.958207],[10.726698,59.957607]]},"properties":{"id":"66512425-0","name":"Vestre dal"}},
{"type":"Feature","geometry":{"type":"LineString","coordinates":[[10.726698,59.957607],[10.726861,59.957008]]},"properties":{"id":"66512425-1","name":"Vestre dal"}},
{"type":"Feature","geometry":{"type":"LineString","coordinates":[[10.726861,59.957008],[10.727068,59.956241]]},"properties":{"id":"66512425-2","name":"Vestre dal"}},
{"type":"Feature","geometry":{"type":"LineString","coordinates":[[10.727068,59.956241],[10.727275,59.955474]]},"properties":{"id":"66512425-3","name":"Vestre dal"}},
{"type":"Feature","geometry":{"type":"LineString","coordinates":[[10.725261,59.956777],[10.72564,59.956836]]},"properties":{"id":"66512427-0","name":"Bueveien"}},
{"type":"Feature","geometry":{"type":"LineString","coordinates":[[10.72564,59.956836],[10.726271,59.956941]]},"properties":{"id":"66512427-1","name":"Bueveien"}},
{"type":"Feature","geometry":{"type":"LineString","coordinates":[[10.726271,59.956941],[10.726409,59.956959]]},"properties":{"id":"66512427-2","name":"Bueveien"}},
{"type":"Feature","geometry":{"type":"LineString","coordinates":[[10.726409,59.956959],[10.726861,59.957008]]},"properties":{"id":"66512427-3","name":"Bueveien"}},
{"type":"Feature","geometry":{"type":"LineString","coordinates":[[10.726861,59.957008],[10.727252,59.95697],[10.727615,59.956969],[10.727729,59.956971]]},"properties":{"id":"66512427-4","name":"Bueveien"}},
{"type":"Feature","geometry":{"type":"LineString","coordinates":[[10.727729,59.956971],[10.728122,59.956952],[10.72856,59.956912]]},"properties":{"id":"66512427-5","name":"Bueveien"}},
{"type":"Feature","geometry":{"type":"LineString","coordinates":[[10.72856,59.956912],[10.728915,59.956872],[10.72926,59.956824]]},"properties":{"id":"66512427-6","name":"Bueveien"}},
{"type":"Feature","geometry":{"type":"LineString","coordinates":[[10.72926,59.956824],[10.729509,59.956771]]},"properties":{"id":"66512427-7","name":"Bueveien"}},
{"type":"Feature","geometry":{"type":"LineString","coordinates":[[10.727738,59.957463],[10.727667,59.957513],[10.727611,59.958093],[10.727773,59.958103]]},"properties":{"id":"66575351-0","name":"Mittveien"}},
{"type":"Feature","geometry":{"type":"LineString","coordinates":[[10.72926,59.956824],[10.72948,59.957397]]},"properties":{"id":"66575359-0","name":"Riveveien"}},
{"type":"Feature","geometry":{"type":"LineString","coordinates":[[10.72948,59.957397],[10.729701,59.957971]]},"properties":{"id":"66575359-1","name":"Riveveien"}},
{"type":"Feature","geometry":{"type":"LineString","coordinates":[[10.731073,59.957699],[10.731482,59.957898],[10.731913,59.95787]]},"properties":{"id":"66575361-0","name":"Vinkelveien"}},
{"type":"Feature","geometry":{"type":"LineString","coordinates":[[10.731913,59.95787],[10.732312,59.957845]]},"properties":{"id":"66575361-1","name":"Vinkelveien"}},
{"type":"Feature","geometry":{"type":"LineString","coordinates":[[10.730394,59.957914],[10.729701,59.957971]]},"properties":{"id":"66575364-0","name":"Promenadeveien"}},
{"type":"Feature","geometry":{"type":"LineString","coordinates":[[10.729701,59.957971],[10.728932,59.958034]]},"properties":{"id":"66575364-1","name":"Promenadeveien"}},
{"type":"Feature","geometry":{"type":"LineString","coordinates":[[10.728932,59.958034],[10.728482,59.958075],[10.728274,59.958092],[10.727907,59.958095]]},"properties":{"id":"66575364-2","name":"Promenadeveien"}},
{"type":"Feature","geometry":{"type":"LineString","coordinates":[[10.730623,59.957887],[10.730907,59.958174]]},"properties":{"id":"66575370-0","name":"Plenveien"}},
{"type":"Feature","geometry":{"type":"LineString","coordinates":[[10.730736,59.957845],[10.730329,59.957486],[10.73025,59.957483]]},"properties":{"id":"66575372-0","name":"Plenveien"}},
{"type":"Feature","geometry":{"type":"LineString","coordinates":[[10.73025,59.957483],[10.729509,59.956771]]},"properties":{"id":"66575372-1","name":"Plenveien"}},
{"type":"Feature","geometry":{"type":"LineString","coordinates":[[10.728291,59.959493],[10.728709,59.95938]]},"properties":{"id":"66575377-0","name":"Åsveien"}},
{"type":"Feature","geometry":{"type":"LineString","coordinates":[[10.728709,59.95938],[10.728964,59.959306]]},"properties":{"id":"66575377-1","name":"Åsveien"}},
{"type":"Feature","geometry":{"type":"LineString","coordinates":[[10.73025,59.957483],[10.730198,59.95752],[10.730463,59.957878]]},"properties":{"id":"66575380-0","name":"Plenveien"}},
{"type":"Feature","geometry":{"type":"LineString","coordinates":[[10.727553,59.953808],[10.727815,59.953947]]},"properties":{"id":"66594406-0","name":"Plommeveien"}},
{"type":"Feature","geometry":{"type":"LineString","coordinates":[[10.736708,59.949449],[10.736756,59.949488]]},"properties":{"id":"66832474-0","name":""}},
{"type":"Feature","geometry":{"type":"LineString","coordinates":[[10.736756,59.949488],[10.736928,59.949602],[10.737377,59.949871]]},"properties":{"id":"66832474-1","name":""}},
{"type":"Feature","geometry":{"type":"LineString","coordinates":[[10.737377,59.949871],[10.737588,59.949988]]},"properties":{"id":"66832474-2","name":""}},
{"type":"Feature","geometry":{"type":"LineString","coordinates":[[10.737588,59.949988],[10.737849,59.950098],[10.73822,59.950253],[10.738584,59.950396]]},"properties":{"id":"66832474-3","name":""}},
{"type":"Feature","geometry":{"type":"LineString","coordinates":[[10.738584,59.950396],[10.738815,59.950486],[10.739267,59.950637],[10.739448,59.950691],[10.739519,59.950722],[10.73964,59.950793]]},"properties":{"id":"66832474-4","name":""}},
{"type":"Feature","geometry":{"type":"LineString","coordinates":[[10.734012,59.948279],[10.733222,59.948147],[10.732991,59.948085]]},"properties":{"id":"66832523-0","name":""}},
{"type":"Feature","geometry":{"type":"LineString","coordinates":[[10.720933,59.950973],[10.72102,59.951036],[10.72104,59.951072],[10.721039,59.951124],[10.721023,59.951188]]},"properties":{"id":"66951988-0","name":""}},
{"type":"Feature","geometry":{"type":"LineString","coordinates":[[10.721023,59.951188],[10.720985,59.951337]]},"properties":{"id":"66951988-1","name":""}},
{"type":"Feature","geometry":{"type":"LineString","coordinates":[[10.720985,59.951337],[10.720973,59.951384],[10.720934,59.951514]]},"properties":{"id":"66951988-2","name":""}},
{"type":"Feature","geometry":{"type":"LineString","coordinates":[[10.720934,59.951514],[10.720925,59.951543],[10.72083,59.95163],[10.72057,59.951783],[10.7205,59.951824],[10.719882,59.952173]]},"properties":{"id":"66951988-3","name":""}},
{"type":"Feature","geometry":{"type":"LineString","coordinates":[[10.719882,59.952173],[10.720299,59.952307],[10.720411,59.952316]]},"properties":{"id":"66951988-4","name":""}},
{"type":"Feature","geometry":{"type":"LineString","coordinates":[[10.720411,59.952316],[10.720578,59.952308],[10.72065,59.952308],[10.720761,59.952313],[10.720869,59.95233],[10.720924,59.952351],[10.720952,59.952381],[10.720946,59.952413]]},"properties":{"id":"66951988-5","name":""}},
{"type":"Feature","geometry":{"type":"LineString","coordinates":[[10.727596,59.954787],[10.727563,59.95483],[10.727593,59.95539]]},"properties":{"id":"66958065-0","name":"Mittveien"}},
{"type":"Feature","geometry":{"type":"LineString","coordinates":[[10.727593,59.95539],[10.727621,59.95593]]},"properties":{"id":"66958065-1","name":"Mittveien"}},
{"type":"Feature","geometry":{"type":"LineString","coordinates":[[10.727621,59.95593],[10.727646,59.956411],[10.727693,59.956466]]},"properties":{"id":"66958065-2","name":"Mittveien"}},
{"type":"Feature","geometry":{"type":"LineString","coordinates":[[10.727557,59.953984],[10.727553,59.953808]]},"properties":{"id":"66958070-0","name":"Mittveien"}},
{"type":"Feature","geometry":{"type":"LineString","coordinates":[[10.728542,59.954659],[10.728002,59.95467],[10.727951,59.95466]]},"properties":{"id":"66958071-0","name":"Vannveien"}},
{"type":"Feature","geometry":{"type":"LineString","coordinates":[[10.727951,59.95466],[10.727596,59.954787]]},"properties":{"id":"66958071-1","name":"Vannveien"}},
{"type":"Feature","geometry":{"type":"LineString","coordinates":[[10.72795,59.958905],[10.728084,59.95887],[10.728215,59.958812],[10.728605,59.958573]]},"properties":{"id":"66958073-0","name":""}},
{"type":"Feature","geometry":{"type":"LineString","coordinates":[[10.726616,59.954675],[10.72721,59.95469],[10.72733,59.954711],[10.727596,59.954787]]},"properties":{"id":"66958079-0","name":"Vannveien"}},
{"type":"Feature","geometry":{"type":"LineString","coordinates":[[10.728578,59.95509],[10.728087,59.955459]]},"properties":{"id":"66965731-0","name":"Østre dal"}},
{"type":"Feature","geometry":{"type":"LineString","coordinates":[[10.728087,59.955459],[10.728249,59.955968]]},"properties":{"id":"66965731-1","name":"Østre dal"}},
{"type":"Feature","geometry":{"type":"LineString","coordinates":[[10.728249,59.955968],[10.728412,59.956477]]},"properties":{"id":"66965731-2","name":"Østre dal"}},
{"type":"Feature","geometry":{"type":"LineString","coordinates":[[10.728412,59.956477],[10.72856,59.956912]]},"properties":{"id":"66965731-3","name":"Østre dal"}},
{"type":"Feature","geometry":{"type":"LineString","coordinates":[[10.72856,59.956912],[10.728746,59.957473]]},"properties":{"id":"66965731-4","name":"Østre dal"}},
{"type":"Feature","geometry":{"type":"LineString","coordinates":[[10.728746,59.957473],[10.728932,59.958034]]},"properties":{"id":"66965731-5","name":"Østre dal"}},
{"type":"Feature","geometry":{"type":"LineString","coordinates":[[10.728551,59.954302],[10.728542,59.954659]]},"properties":{"id":"66965732-0","name":"Østveien"}},
{"type":"Feature","geometry":{"type":"LineString","coordinates":[[10.728542,59.954659],[10.728578,59.95509]]},"properties":{"id":"66965732-1","name":"Østveien"}},
{"type":"Feature","geometry":{"type":"LineString","coordinates":[[10.728578,59.95509],[10.729037,59.955499]]},"properties":{"id":"66965732-2","name":"Østveien"}},
{"type":"Feature","geometry":{"type":"LineString","coordinates":[[10.729037,59.955499],[10.729496,59.955908]]},"properties":{"id":"66965732-3","name":"Østveien"}},
{"type":"Feature","geometry":{"type":"LineString","coordinates":[[10.726546,59.954346],[10.726271,59.954491]]},"properties":{"id":"66965733-0","name":"Vestveien"}},
{"type":"Feature","geometry":{"type":"LineString","coordinates":[[10.727275,59.955474],[10.727593,59.95539]]},"properties":{"id":"66965734-0","name":"Solsvingen"}},
{"type":"Feature","geometry":{"type":"LineString","coordinates":[[10.727593,59.95539],[10.727675,59.955389]]},"properties":{"id":"66965734-1","name":"Solsvingen"}},
{"type":"Feature","geometry":{"type":"LineString","coordinates":[[10.727675,59.955389],[10.728087,59.955459]]},"properties":{"id":"66965734-2","name":"Solsvingen"}},
{"type":"Feature","geometry":{"type":"LineString","coordinates":[[10.730247,59.955787],[10.729496,59.955908]]},"properties":{"id":"66965736-0","name":""}},
{"type":"Feature","geometry":{"type":"LineString","coordinates":[[10.729496,59.955908],[10.729376,59.956067],[10.729323,59.956204],[10.729261,59.956274],[10.729196,59.956301]]},"properties":{"id":"66968056-0","name":"Krokveien"}},
{"type":"Feature","geometry":{"type":"LineString","coordinates":[[10.729196,59.956301],[10.729125,59.956327],[10.728471,59.956451],[10.728412,59.956477]]},"properties":{"id":"66968056-1","name":"Krokveien"}},
{"type":"Feature","geometry":{"type":"LineString","coordinates":[[10.726414,59.959584],[10.726465,59.959588],[10.727713,59.959601]]},"properties":{"id":"66968057-0","name":"Snarveien"}},
{"type":"Feature","geometry":{"type":"LineString","coordinates":[[10.723697,59.959541],[10.724072,59.959603],[10.724237,59.95963],[10.724491,59.959679],[10.724606,59.959729],[10.724715,59.959788]]},"properties":{"id":"66968061-0","name":""}},
{"type":"Feature","geometry":{"type":"LineString","coordinates":[[10.72518,59.958417],[10.724025,59.958497],[10.724025,59.958691]]},"properties":{"id":"66968064-0","name":"Vestkroken"}},
{"type":"Feature","geometry":{"type":"LineString","coordinates":[[10.724025,59.958691],[10.724023,59.959336],[10.72426,59.959394]]},"properties":{"id":"66968064-1","name":"Vestkroken"}},
{"type":"Feature","geometry":{"type":"LineString","coordinates":[[10.726375,59.959544],[10.727078,59.959194]]},"properties":{"id":"66968067-0","name":"Stjerneveien"}},
{"type":"Feature","geometry":{"type":"LineString","coordinates":[[10.727078,59.959194],[10.727781,59.958843]]},"properties":{"id":"66968067-1","name":"Stjerneveien"}},
{"type":"Feature","geometry":{"type":"LineString","coordinates":[[10.72518,59.958417],[10.725916,59.958885]]},"properties":{"id":"66968078-0","name":"Bergveien"}},
{"type":"Feature","geometry":{"type":"LineString","coordinates":[[10.728087,59.955459],[10.728143,59.955501],[10.728642,59.95588]]},"properties":{"id":"66968080-0","name":"Pliktveien"}},
{"type":"Feature","geometry":{"type":"LineString","coordinates":[[10.728642,59.95588],[10.729196,59.956301]]},"properties":{"id":"66968080-1","name":"Pliktveien"}},
{"type":"Feature","geometry":{"type":"LineString","coordinates":[[10.72641,59.959569],[10.726396,59.959555],[10.726375,59.959544]]},"properties":{"id":"66968085-0","name":""}},
{"type":"Feature","geometry":{"type":"LineString","coordinates":[[10.726375,59.959544],[10.726347,59.959536],[10.726316,59.959533],[10.726285,59.959535],[10.726256,59.959541],[10.726232,59.959552],[10.726216,59.959565],[10.726208,59.959581],[10.72621,59.959594],[10.726217,59.959606]]},"properties":{"id":"66968085-1","name":""}},
{"type":"Feature","geometry":{"type":"LineString","coordinates":[[10.726217,59.959606],[10.726235,59.959619],[10.72626,59.959629],[10.72629,59.959635],[10.726322,59.959636],[10.726353,59.959632],[10.726378,59.959624],[10.726398,59.959613],[10.72641,59.959599],[10.726414,59.959584]]},"properties":{"id":"66968085-2","name":""}},
{"type":"Feature","geometry":{"type":"LineString","coordinates":[[10.726414,59.959584],[10.72641,59.959569]]},"properties":{"id":"66968085-3","name":""}},
{"type":"Feature","geometry":{"type":"LineString","coordinates":[[10.728709,59.95938],[10.728588,59.959245],[10.728454,59.959128],[10.72795,59.958905]]},"properties":{"id":"66968091-0","name":"Åsveien"}},
{"type":"Feature","geometry":{"type":"LineString","coordinates":[[10.72795,59.958905],[10.727781,59.958843]]},"properties":{"id":"66968091-1","name":"Åsveien"}},
{"type":"Feature","geometry":{"type":"LineString","coordinates":[[10.727275,59.955474],[10.727227,59.955427],[10.727104,59.955375],[10.7269,59.955316],[10.726724,59.95528],[10.726582,59.955268]]},"properties":{"id":"66985360-0","name":"Solsvingen"}},
{"type":"Feature","geometry":{"type":"LineString","coordinates":[[10.727951,59.95466],[10.727949,59.954021]]},"properties":{"id":"66990186-0","name":""}},
{"type":"Feature","geometry":{"type":"LineString","coordinates":[[10.725404,59.952307],[10.724967,59.95244],[10.72422,59.952668],[10.724157,59.952675],[10.723961,59.952662]]},"properties":{"id":"67213277-0","name":"Liljebakken"}},
{"type":"Feature","geometry":{"type":"LineString","coordinates":[[10.723961,59.952662],[10.723653,59.952638]]},"properties":{"id":"67213277-1","name":"Liljebakken"}},
{"type":"Feature","geometry":{"type":"LineString","coordinates":[[10.723653,59.952638],[10.723286,59.952603]]},"properties":{"id":"67213277-2","name":"Liljebakken"}},
{"type":"Feature","geometry":{"type":"LineString","coordinates":[[10.726636,59.952642],[10.726495,59.952663],[10.726397,59.952685]]},"properties":{"id":"67213278-0","name":"Honnørplassen"}},
{"type":"Feature","geometry":{"type":"LineString","coordinates":[[10.726397,59.952685],[10.726254,59.952714],[10.726245,59.952715],[10.726138,59.952729]]},"properties":{"id":"67213278-1","name":"Honnørplassen"}},
{"type":"Feature","geometry":{"type":"LineString","coordinates":[[10.726138,59.952729],[10.725994,59.952707],[10.725805,59.952637]]},"properties":{"id":"67213278-2","name":"Honnørplassen"}},
{"type":"Feature","geometry":{"type":"LineString","coordinates":[[10.725805,59.952637],[10.725685,59.952593]]},"properties":{"id":"67213278-3","name":"Honnørplassen"}},
{"type":"Feature","geometry":{"type":"LineString","coordinates":[[10.725096,59.953461],[10.726135,59.952783]]},"properties":{"id":"67213280-0","name":"Peonveien"}},
{"type":"Feature","geometry":{"type":"LineString","coordinates":[[10.724012,59.953259],[10.723841,59.953234],[10.723738,59.953185],[10.723554,59.953094],[10.723368,59.952991],[10.723254,59.952899],[10.723225,59.952843],[10.723215,59.952783],[10.723248,59.952675]]},"properties":{"id":"67213284-0","name":"Syrinalléen"}},
{"type":"Feature","geometry":{"type":"LineString","coordinates":[[10.723248,59.952675],[10.723286,59.952603]]},"properties":{"id":"67213284-1","name":"Syrinalléen"}},
{"type":"Feature","geometry":{"type":"LineString","coordinates":[[10.723286,59.952603],[10.723328,59.952528]]},"properties":{"id":"67213284-2","name":"Syrinalléen"}},
{"type":"Feature","geometry":{"type":"LineString","coordinates":[[10.723328,59.952528],[10.723383,59.952438],[10.723487,59.952332],[10.72355,59.952266],[10.723628,59.952191],[10.72364,59.952134],[10.723637,59.952086],[10.723621,59.952028]]},"properties":{"id":"67213284-3","name":"Syrinalléen"}},
{"type":"Feature","geometry":{"type":"LineString","coordinates":[[10.7244,59.951545],[10.724484,59.951608]]},"properties":{"id":"67213288-0","name":"Roseveien"}},
{"type":"Feature","geometry":{"type":"LineString","coordinates":[[10.724484,59.951608],[10.724642,59.951726],[10.724736,59.951794],[10.724903,59.951922]]},"properties":{"id":"67213288-1","name":"Roseveien"}},
{"type":"Feature","geometry":{"type":"LineString","coordinates":[[10.724903,59.951922],[10.725404,59.952307]]},"properties":{"id":"67213288-2","name":"Roseveien"}},
{"type":"Feature","geometry":{"type":"LineString","coordinates":[[10.725404,59.952307],[10.725591,59.952479],[10.725705,59.952565],[10.725685,59.952593]]},"properties":{"id":"67213288-3","name":"Roseveien"}},
{"type":"Feature","geometry":{"type":"LineString","coordinates":[[10.726921,59.953492],[10.725977,59.954015]]},"properties":{"id":"67213289-0","name":"Kaprifolveien"}},
{"type":"Feature","geometry":{"type":"LineString","coordinates":[[10.725977,59.954015],[10.725488,59.954288]]},"properties":{"id":"67213289-1","name":"Kaprifolveien"}},
{"type":"Feature","geometry":{"type":"LineString","coordinates":[[10.725488,59.954288],[10.725254,59.954419]]},"properties":{"id":"67213289-2","name":"Kaprifolveien"}},
{"type":"Feature","geometry":{"type":"LineString","coordinates":[[10.725685,59.952593],[10.72493,59.952964],[10.724904,59.952976]]},"properties":{"id":"67213291-0","name":""}},
{"type":"Feature","geometry":{"type":"LineString","coordinates":[[10.725465,59.958087],[10.72518,59.958417]]},"properties":{"id":"67413121-0","name":"Poppelveien"}},
{"type":"Feature","geometry":{"type":"LineString","coordinates":[[10.72518,59.958417],[10.724756,59.958912]]},"properties":{"id":"67413121-1","name":"Poppelveien"}},
{"type":"Feature","geometry":{"type":"LineString","coordinates":[[10.724756,59.958912],[10.724332,59.959406]]},"properties":{"id":"67413121-2","name":"Poppelveien"}},
{"type":"Feature","geometry":{"type":"LineString","coordinates":[[10.725416,59.954681],[10.725408,59.954724],[10.725479,59.954807],[10.725552,59.95494]]},"properties":{"id":"67413123-0","name":"Gaustadveien"}},
{"type":"Feature","geometry":{"type":"LineString","coordinates":[[10.725552,59.95494],[10.725462,59.955019],[10.725414,59.955051],[10.725367,59.955068],[10.725294,59.955068],[10.725222,59.955056],[10.725116,59.955031],[10.725028,59.955],[10.724965,59.954999],[10.724919,59.955008],[10.724832,59.955074],[10.724743,59.955198]]},"properties":{"id":"67413123-1","name":"Gaustadveien"}},
{"type":"Feature","geometry":{"type":"LineString","coordinates":[[10.724743,59.955198],[10.724659,59.955316],[10.724633,59.955388],[10.724618,59.9555],[10.724613,59.955604],[10.724604,59.955673],[10.724592,59.955708],[10.724578,59.955738],[10.724543,59.955799]]},"properties":{"id":"67413123-2","name":"Gaustadveien"}},
{"type":"Feature","geometry":{"type":"LineString","coordinates":[[10.724543,59.955799],[10.724533,59.955818],[10.724477,59.955838],[10.724395,59.955856],[10.724225,59.955882],[10.724138,59.955877],[10.723951,59.955857],[10.723776,59.955839],[10.723603,59.955814],[10.7234,59.955781]]},"properties":{"id":"67413123-3","name":"Gaustadveien"}},
{"type":"Feature","geometry":{"type":"LineString","coordinates":[[10.7234,59.955781],[10.723354,59.955836],[10.723149,59.956165],[10.723082,59.956222]]},"properties":{"id":"67413123-4","name":"Gaustadveien"}},
{"type":"Feature","geometry":{"type":"LineString","coordinates":[[10.723082,59.956222],[10.72301,59.956282],[10.722671,59.956488],[10.722575,59.956533],[10.722519,59.956554],[10.722463,59.95657]]},"properties":{"id":"67413123-5","name":"Gaustadveien"}},
{"type":"Feature","geometry":{"type":"LineString","coordinates":[[10.7234,59.955781],[10.72345,59.955712],[10.723844,59.955151]]},"properties":{"id":"67413127-0","name":"Gaustadveien"}},
{"type":"Feature","geometry":{"type":"LineString","coordinates":[[10.723844,59.955151],[10.72396,59.954987],[10.724157,59.954801],[10.724318,59.954654],[10.724237,59.954596],[10.72418,59.954562]]},"properties":{"id":"67413127-1","name":"Gaustadveien"}},
{"type":"Feature","geometry":{"type":"LineString","coordinates":[[10.725552,59.95494],[10.725605,59.95497],[10.725649,59.955003],[10.725733,59.95513],[10.725768,59.955195],[10.725752,59.955249],[10.725627,59.955457],[10.725572,59.955568]]},"properties":{"id":"67421248-0","name":"Fjordgløttveien"}},
{"type":"Feature","geometry":{"type":"LineString","coordinates":[[10.725572,59.955568],[10.725522,59.955669],[10.725521,59.955796],[10.725559,59.95589],[10.725731,59.956104],[10.72581,59.956205]]},"properties":{"id":"67421248-1","name":"Fjordgløttveien"}},
{"type":"Feature","geometry":{"type":"LineString","coordinates":[[10.72581,59.956205],[10.725895,59.956313],[10.725893,59.956535],[10.725879,59.956578],[10.725773,59.956694],[10.725705,59.956774],[10.72564,59.956836]]},"properties":{"id":"67421248-2","name":"Fjordgløttveien"}},
{"type":"Feature","geometry":{"type":"LineString","coordinates":[[10.72564,59.956836],[10.725478,59.957045],[10.725146,59.95742]]},"properties":{"id":"67421248-3","name":"Fjordgløttveien"}},
{"type":"Feature","geometry":{"type":"LineString","coordinates":[[10.725146,59.95742],[10.72507,59.957505],[10.72473,59.957903],[10.724632,59.958]]},"properties":{"id":"67421248-4","name":"Fjordgløttveien"}},
{"type":"Feature","geometry":{"type":"LineString","coordinates":[[10.759295,59.944018],[10.759108,59.944114],[10.758805,59.944283],[10.758707,59.94434]]},"properties":{"id":"67551897-0","name":""}},
{"type":"Feature","geometry":{"type":"LineString","coordinates":[[10.722533,59.955487],[10.722903,59.955617]]},"properties":{"id":"67712561-0","name":""}},
{"type":"Feature","geometry":{"type":"LineString","coordinates":[[10.722903,59.955617],[10.722931,59.955627],[10.723203,59.95573],[10.723328,59.955765],[10.7234,59.955781]]},"properties":{"id":"67712561-1","name":""}},
{"type":"Feature","geometry":{"type":"LineString","coordinates":[[10.719624,59.953448],[10.720657,59.954175]]},"properties":{"id":"67712565-2","name":""}},
{"type":"Feature","geometry":{"type":"LineString","coordinates":[[10.72291,59.954456],[10.722777,59.954543],[10.722666,59.954616],[10.722593,59.954691],[10.722574,59.954758],[10.72263,59.954861],[10.722685,59.95495]]},"properties":{"id":"67712571-0","name":"Gaustadveien"}},
{"type":"Feature","geometry":{"type":"LineString","coordinates":[[10.722685,59.95495],[10.72269,59.954958],[10.722704,59.954986],[10.722727,59.955032],[10.722735,59.955112],[10.722533,59.955487]]},"properties":{"id":"67712571-1","name":"Gaustadveien"}},
{"type":"Feature","geometry":{"type":"LineString","coordinates":[[10.722533,59.955487],[10.72229,59.955853],[10.722214,59.955973],[10.722184,59.955999],[10.722143,59.956023],[10.722084,59.956048],[10.722033,59.956066],[10.722008,59.956073],[10.721948,59.956091]]},"properties":{"id":"67712571-2","name":"Gaustadveien"}},
{"type":"Feature","geometry":{"type":"LineString","coordinates":[[10.741704,59.961857],[10.741632,59.961829],[10.741568,59.961796],[10.741505,59.961749],[10.741457,59.961695],[10.741428,59.961628]]},"properties":{"id":"68051191-0","name":"Peder Ankers vei"}},
{"type":"Feature","geometry":{"type":"LineString","coordinates":[[10.741704,59.961857],[10.741776,59.961893],[10.741975,59.961985],[10.742124,59.962055]]},"properties":{"id":"68051193-0","name":"Peder Ankers vei"}},
{"type":"Feature","geometry":{"type":"LineString","coordinates":[[10.742124,59.962055],[10.743446,59.962649]]},"properties":{"id":"68051193-1","name":"Peder Ankers vei"}},
{"type":"Feature","geometry":{"type":"LineString","coordinates":[[10.743446,59.962649],[10.744376,59.963067],[10.744769,59.963242]]},"properties":{"id":"68051193-2","name":"Peder Ankers vei"}},
{"type":"Feature","geometry":{"type":"LineString","coordinates":[[10.744769,59.963242],[10.745478,59.963559],[10.745973,59.963741],[10.746155,59.963795]]},"properties":{"id":"68051193-3","name":"Peder Ankers vei"}},
{"type":"Feature","geometry":{"type":"LineString","coordinates":[[10.746155,59.963795],[10.746368,59.963862],[10.746722,59.963951],[10.747375,59.964073]]},"properties":{"id":"68051193-4","name":"Peder Ankers vei"}},
{"type":"Feature","geometry":{"type":"LineString","coordinates":[[10.747375,59.964073],[10.747829,59.964131],[10.748118,59.964154],[10.748611,59.964189],[10.74906,59.964185]]},"properties":{"id":"68051193-5","name":"Peder Ankers vei"}},
{"type":"Feature","geometry":{"type":"LineString","coordinates":[[10.74906,59.964185],[10.749388,59.964183],[10.749629,59.964175]]},"properties":{"id":"68051193-6","name":"Peder Ankers vei"}},
{"type":"Feature","geometry":{"type":"LineString","coordinates":[[10.749629,59.964175],[10.749887,59.964178],[10.750237,59.964198],[10.750754,59.964239]]},"properties":{"id":"68051193-7","name":"Peder Ankers vei"}},
{"type":"Feature","geometry":{"type":"LineString","coordinates":[[10.750754,59.964239],[10.750926,59.964253],[10.751444,59.964334],[10.751834,59.964409]]},"properties":{"id":"68051193-8","name":"Peder Ankers vei"}},
{"type":"Feature","geometry":{"type":"LineString","coordinates":[[10.751834,59.964409],[10.752069,59.964461],[10.752298,59.964522],[10.752504,59.964582],[10.75269,59.964649],[10.752877,59.964723]]},"properties":{"id":"68051193-9","name":"Peder Ankers vei"}},
{"type":"Feature","geometry":{"type":"LineString","coordinates":[[10.722922,59.96021],[10.722777,59.960033]]},"properties":{"id":"68057382-0","name":""}},
{"type":"Feature","geometry":{"type":"LineString","coordinates":[[10.766468,59.952609],[10.766532,59.952615],[10.766602,59.952612],[10.766663,59.952588],[10.766761,59.952538],[10.766927,59.952444],[10.76711,59.952299]]},"properties":{"id":"71336670-0","name":""}},
{"type":"Feature","geometry":{"type":"LineString","coordinates":[[10.727819,59.959116],[10.727812,59.958936],[10.727781,59.958843]]},"properties":{"id":"71338675-0","name":"Mittveien"}},
{"type":"Feature","geometry":{"type":"LineString","coordinates":[[10.727781,59.958843],[10.727781,59.958443]]},"properties":{"id":"71338675-1","name":"Mittveien"}},
{"type":"Feature","geometry":{"type":"LineString","coordinates":[[10.727781,59.958443],[10.727777,59.958331]]},"properties":{"id":"71338675-2","name":"Mittveien"}},
{"type":"Feature","geometry":{"type":"LineString","coordinates":[[10.727777,59.958331],[10.727773,59.958103]]},"properties":{"id":"71338675-3","name":"Mittveien"}},
{"type":"Feature","geometry":{"type":"LineString","coordinates":[[10.727773,59.958103],[10.727907,59.958095]]},"properties":{"id":"71338675-4","name":"Mittveien"}},
{"type":"Feature","geometry":{"type":"LineString","coordinates":[[10.727907,59.958095],[10.727806,59.95751],[10.727738,59.957463]]},"properties":{"id":"71338675-5","name":"Mittveien"}},
{"type":"Feature","geometry":{"type":"LineString","coordinates":[[10.727738,59.957463],[10.727729,59.956971]]},"properties":{"id":"71338675-6","name":"Mittveien"}},
{"type":"Feature","geometry":{"type":"LineString","coordinates":[[10.727729,59.956971],[10.727693,59.956466]]},"properties":{"id":"71338675-7","name":"Mittveien"}},
{"type":"Feature","geometry":{"type":"LineString","coordinates":[[10.727693,59.956466],[10.72773,59.956407],[10.727704,59.955929]]},"properties":{"id":"71338675-8","name":"Mittveien"}},
{"type":"Feature","geometry":{"type":"LineString","coordinates":[[10.727704,59.955929],[10.727675,59.955389]]},"properties":{"id":"71338675-9","name":"Mittveien"}},
{"type":"Feature","geometry":{"type":"LineString","coordinates":[[10.727675,59.955389],[10.727641,59.95483],[10.727596,59.954787]]},"properties":{"id":"71338675-10","name":"Mittveien"}},
{"type":"Feature","geometry":{"type":"LineString","coordinates":[[10.727596,59.954787],[10.727599,59.954762],[10.727602,59.95474]]},"properties":{"id":"71338675-11","name":"Mittveien"}},
{"type":"Feature","geometry":{"type":"LineString","coordinates":[[10.72937,59.953953],[10.72918,59.953983],[10.72904,59.953974],[10.72895,59.953919],[10.72883,59.953669],[10.728732,59.953594]]},"properties":{"id":"72710151-0","name":"Rolf E. Stenersens allé"}},
{"type":"Feature","geometry":{"type":"LineString","coordinates":[[10.728732,59.953594],[10.72846,59.953386],[10.728217,59.953199],[10.728091,59.953102]]},"properties":{"id":"72710151-1","name":"Rolf E. Stenersens allé"}},
{"type":"Feature","geometry":{"type":"LineString","coordinates":[[10.728091,59.953102],[10.727935,59.953088],[10.727918,59.953064],[10.727761,59.952846]]},"properties":{"id":"72710151-2","name":"Rolf E. Stenersens allé"}},
{"type":"Feature","geometry":{"type":"LineString","coordinates":[[10.72866,59.952374],[10.728661,59.952475],[10.728696,59.95256],[10.728756,59.952656],[10.728832,59.952756],[10.728858,59.952813]]},"properties":{"id":"72711202-0","name":"Rolf E. Stenersens allé"}},
{"type":"Feature","geometry":{"type":"LineString","coordinates":[[10.728858,59.952813],[10.729127,59.953052]]},"properties":{"id":"72711202-1","name":"Rolf E. Stenersens allé"}},
{"type":"Feature","geometry":{"type":"LineString","coordinates":[[10.731288,59.949318],[10.73146,59.949145],[10.731817,59.948783],[10.73202,59.948595]]},"properties":{"id":"72745421-0","name":"Sognsveien"}},
{"type":"Feature","geometry":{"type":"LineString","coordinates":[[10.756615,59.947584],[10.756731,59.947616],[10.756883,59.947669],[10.757076,59.947744]]},"properties":{"id":"75768370-0","name":"Einar Høigårds vei"}},
{"type":"Feature","geometry":{"type":"LineString","coordinates":[[10.757076,59.947744],[10.757328,59.947827],[10.757724,59.94795],[10.757941,59.948012]]},"properties":{"id":"75768370-1","name":"Einar Høigårds vei"}},
{"type":"Feature","geometry":{"type":"LineString","coordinates":[[10.757941,59.948012],[10.758399,59.948144],[10.758687,59.948227],[10.758774,59.948262]]},"properties":{"id":"75768370-2","name":"Einar Høigårds vei"}},
{"type":"Feature","geometry":{"type":"LineString","coordinates":[[10.758774,59.948262],[10.758922,59.948322],[10.759389,59.948529],[10.759443,59.948539],[10.759489,59.948546],[10.759541,59.94855]]},"properties":{"id":"75768370-3","name":"Einar Høigårds vei"}},
{"type":"Feature","geometry":{"type":"LineString","coordinates":[[10.73782,59.963834],[10.737896,59.963835],[10.737954,59.963835],[10.738527,59.963865]]},"properties":{"id":"76780296-0","name":""}},
{"type":"Feature","geometry":{"type":"LineString","coordinates":[[10.738527,59.963865],[10.739461,59.963925],[10.739524,59.963933]]},"properties":{"id":"76780296-1","name":""}},
{"type":"Feature","geometry":{"type":"LineString","coordinates":[[10.739524,59.963933],[10.73972,59.963953],[10.739922,59.96394],[10.740161,59.9639]]},"properties":{"id":"76780296-2","name":""}},
{"type":"Feature","geometry":{"type":"LineString","coordinates":[[10.733116,59.959605],[10.733044,59.959614],[10.732991,59.95962],[10.732841,59.959639],[10.732647,59.959626],[10.73227,59.95955],[10.731843,59.95947]]},"properties":{"id":"78363278-0","name":"Flesåsveien"}},
{"type":"Feature","geometry":{"type":"LineString","coordinates":[[10.731843,59.95947],[10.731787,59.95946],[10.73151,59.959426],[10.731363,59.959423],[10.731163,59.95945],[10.73095,59.959492],[10.730801,59.959534],[10.730642,59.959605],[10.730626,59.959616]]},"properties":{"id":"78363278-1","name":"Flesåsveien"}},
{"type":"Feature","geometry":{"type":"LineString","coordinates":[[10.730626,59.959616],[10.730544,59.959672],[10.730415,59.959765],[10.730344,59.959858],[10.7303,59.959974],[10.730274,59.960159],[10.730281,59.960245]]},"properties":{"id":"78363278-2","name":"Flesåsveien"}},
{"type":"Feature","geometry":{"type":"LineString","coordinates":[[10.730281,59.960245],[10.730296,59.960349],[10.73039,59.960537]]},"properties":{"id":"78363278-3","name":"Flesåsveien"}},
{"type":"Feature","geometry":{"type":"LineString","coordinates":[[10.73039,59.960537],[10.731382,59.961236]]},"properties":{"id":"78363278-4","name":"Flesåsveien"}},
{"type":"Feature","geometry":{"type":"LineString","coordinates":[[10.76543,59.946505],[10.765452,59.946571],[10.765429,59.946618],[10.765429,59.946654],[10.76555,59.946936]]},"properties":{"id":"85436048-0","name":""}},
{"type":"Feature","geometry":{"type":"LineString","coordinates":[[10.730197,59.961414],[10.729993,59.961434],[10.729791,59.961444],[10.729593,59.961435],[10.729511,59.961401]]},"properties":{"id":"88031229-0","name":""}},
{"type":"Feature","geometry":{"type":"LineString","coordinates":[[10.728616,59.960841],[10.728815,59.960984],[10.728913,59.961024],[10.729661,59.961023]]},"properties":{"id":"88031241-0","name":""}},
{"type":"Feature","geometry":{"type":"LineString","coordinates":[[10.764675,59.941155],[10.764725,59.941182],[10.764758,59.941266],[10.764761,59.941318],[10.764732,59.94135],[10.764676,59.941374],[10.764572,59.941406],[10.764522,59.941425],[10.76432,59.941594]]},"properties":{"id":"101333927-0","name":"Riflegata"}},
{"type":"Feature","geometry":{"type":"LineString","coordinates":[[10.732798,59.947041],[10.732793,59.947151],[10.732784,59.947241]]},"properties":{"id":"102154931-0","name":"Sognsveien"}},
{"type":"Feature","geometry":{"type":"LineString","coordinates":[[10.732602,59.947661],[10.732649,59.947581],[10.732674,59.947536],[10.732734,59.947458]]},"properties":{"id":"102154933-0","name":"Sognsveien"}},
{"type":"Feature","geometry":{"type":"LineString","coordinates":[[10.750486,59.944396],[10.750413,59.944436],[10.749933,59.944697],[10.749886,59.944723]]},"properties":{"id":"104110118-0","name":""}},
{"type":"Feature","geometry":{"type":"LineString","coordinates":[[10.746095,59.945505],[10.747424,59.945393]]},"properties":{"id":"104236677-0","name":"P. A. Munchs vei"}},
{"type":"Feature","geometry":{"type":"LineString","coordinates":[[10.747424,59.945393],[10.748602,59.945294],[10.748748,59.945269]]},"properties":{"id":"104236677-1","name":"P. A. Munchs vei"}},
{"type":"Feature","geometry":{"type":"LineString","coordinates":[[10.748748,59.945269],[10.748903,59.94526],[10.748982,59.945256],[10.749513,59.945204]]},"properties":{"id":"104236677-2","name":"P. A. Munchs vei"}},
{"type":"Feature","geometry":{"type":"LineString","coordinates":[[10.759786,59.943177],[10.759606,59.943186],[10.759183,59.943205],[10.759057,59.943228],[10.758929,59.943257],[10.758856,59.943284],[10.758805,59.943311],[10.75878,59.943323],[10.758537,59.943489],[10.758455,59.943542]]},"properties":{"id":"113606492-0","name":"Stavangergata"}},
{"type":"Feature","geometry":{"type":"LineString","coordinates":[[10.760213,59.946565],[10.760193,59.946517],[10.76018,59.946466],[10.760188,59.94644],[10.760216,59.94635],[10.760242,59.946281]]},"properties":{"id":"113606505-0","name":"Maridalsveien"}},
{"type":"Feature","geometry":{"type":"LineString","coordinates":[[10.760092,59.947554],[10.760053,59.947621],[10.759945,59.947804],[10.759883,59.947909],[10.759765,59.948109]]},"properties":{"id":"113606511-0","name":"Maridalsveien"}},
{"type":"Feature","geometry":{"type":"LineString","coordinates":[[10.759765,59.948109],[10.759616,59.948362],[10.759587,59.948425],[10.759563,59.948483],[10.759541,59.94855]]},"properties":{"id":"113606511-1","name":"Maridalsveien"}},
{"type":"Feature","geometry":{"type":"LineString","coordinates":[[10.759541,59.94855],[10.759532,59.948613],[10.759532,59.948691],[10.759544,59.948757]]},"properties":{"id":"113606511-2","name":"Maridalsveien"}},
{"type":"Feature","geometry":{"type":"LineString","coordinates":[[10.759544,59.948757],[10.759574,59.948828],[10.759609,59.948893],[10.759688,59.94899],[10.759756,59.949061],[10.759877,59.949169]]},"properties":{"id":"113606511-3","name":"Maridalsveien"}},
{"type":"Feature","geometry":{"type":"LineString","coordinates":[[10.759877,59.949169],[10.76051,59.94971],[10.760515,59.949715]]},"properties":{"id":"113606511-4","name":"Maridalsveien"}},
{"type":"Feature","geometry":{"type":"LineString","coordinates":[[10.760515,59.949715],[10.760601,59.949792],[10.7607,59.949892],[10.76078,59.949992],[10.760841,59.950092],[10.760871,59.950172],[10.760896,59.950245],[10.760913,59.95031]]},"properties":{"id":"113606511-5","name":"Maridalsveien"}},
{"type":"Feature","geometry":{"type":"LineString","coordinates":[[10.760913,59.95031],[10.760928,59.950403],[10.760932,59.950474]]},"properties":{"id":"113606511-6","name":"Maridalsveien"}},
{"type":"Feature","geometry":{"type":"LineString","coordinates":[[10.760932,59.950474],[10.760933,59.950613],[10.760942,59.950848],[10.760955,59.951112],[10.760958,59.95124]]},"properties":{"id":"113606511-7","name":"Maridalsveien"}},
{"type":"Feature","geometry":{"type":"LineString","coordinates":[[10.760958,59.95124],[10.760972,59.951562]]},"properties":{"id":"113606511-8","name":"Maridalsveien"}},
{"type":"Feature","geometry":{"type":"LineString","coordinates":[[10.762965,59.944169],[10.762939,59.944155],[10.762903,59.944145],[10.762839,59.944142],[10.762769,59.944145],[10.762641,59.94417],[10.762517,59.944197],[10.762387,59.944232],[10.761989,59.944349]]},"properties":{"id":"113611167-0","name":""}},
{"type":"Feature","geometry":{"type":"LineString","coordinates":[[10.761989,59.944349],[10.761828,59.944276],[10.761774,59.94425]]},"properties":{"id":"113611167-1","name":""}},
{"type":"Feature","geometry":{"type":"LineString","coordinates":[[10.762242,59.945918],[10.762232,59.946],[10.76223,59.946035],[10.762222,59.946127],[10.762201,59.946189],[10.762137,59.946264]]},"properties":{"id":"113612829-0","name":""}},
{"type":"Feature","geometry":{"type":"LineString","coordinates":[[10.763802,59.947271],[10.763715,59.947283],[10.763671,59.947288],[10.763611,59.947289],[10.763549,59.947278],[10.76351,59.947261],[10.763473,59.947236],[10.763428,59.947199],[10.763378,59.94716],[10.763313,59.947124],[10.763236,59.947095],[10.763161,59.947078],[10.763056,59.947063],[10.762943,59.947054],[10.762802,59.947045]]},"properties":{"id":"113999821-0","name":"Nydalsveien"}},
{"type":"Feature","geometry":{"type":"LineString","coordinates":[[10.762802,59.947045],[10.762757,59.947042],[10.762586,59.947024],[10.762475,59.947016],[10.762239,59.94697],[10.762115,59.946943],[10.761987,59.946911],[10.761801,59.946866],[10.761692,59.946835]]},"properties":{"id":"113999821-1","name":"Nydalsveien"}},
{"type":"Feature","geometry":{"type":"LineString","coordinates":[[10.729711,59.941188],[10.729692,59.94128],[10.729655,59.941545],[10.729647,59.941641],[10.729639,59.941749],[10.729641,59.941901],[10.729647,59.941995],[10.729648,59.942]]},"properties":{"id":"114654334-0","name":"Sognsveien"}},
{"type":"Feature","geometry":{"type":"LineString","coordinates":[[10.729648,59.942],[10.729666,59.942116],[10.729693,59.942218],[10.729731,59.942329],[10.729777,59.942422],[10.729828,59.942517],[10.729905,59.942625],[10.729996,59.94274],[10.730034,59.942785]]},"properties":{"id":"114654334-1","name":"Sognsveien"}},
{"type":"Feature","geometry":{"type":"LineString","coordinates":[[10.730034,59.942785],[10.730128,59.942897],[10.730302,59.943093],[10.730689,59.943529]]},"properties":{"id":"114654334-2","name":"Sognsveien"}},
{"type":"Feature","geometry":{"type":"LineString","coordinates":[[10.730689,59.943529],[10.730711,59.943555],[10.730784,59.943635],[10.731357,59.94427]]},"properties":{"id":"114654334-3","name":"Sognsveien"}},
{"type":"Feature","geometry":{"type":"LineString","coordinates":[[10.731357,59.94427],[10.731414,59.944333]]},"properties":{"id":"114654334-4","name":"Sognsveien"}},
{"type":"Feature","geometry":{"type":"LineString","coordinates":[[10.731414,59.944333],[10.731519,59.944454],[10.731696,59.94467],[10.73184,59.944856],[10.731884,59.94492]]},"properties":{"id":"114654334-5","name":"Sognsveien"}},
{"type":"Feature","geometry":{"type":"LineString","coordinates":[[10.731884,59.94492],[10.731973,59.945047],[10.732079,59.945209],[10.732161,59.945348],[10.732259,59.945525]]},"properties":{"id":"114654334-6","name":"Sognsveien"}},
{"type":"Feature","geometry":{"type":"LineString","coordinates":[[10.732259,59.945525],[10.732323,59.945644]]},"properties":{"id":"114654334-7","name":"Sognsveien"}},
{"type":"Feature","geometry":{"type":"LineString","coordinates":[[10.732323,59.945644],[10.73238,59.94574],[10.732409,59.945812],[10.732426,59.945851],[10.732466,59.945944],[10.732517,59.946068],[10.732575,59.946206],[10.732602,59.94628],[10.73262,59.946331]]},"properties":{"id":"114654334-8","name":"Sognsveien"}},
{"type":"Feature","geometry":{"type":"LineString","coordinates":[[10.73262,59.946331],[10.732625,59.946345],[10.732657,59.946434],[10.732692,59.946545],[10.732727,59.946658],[10.732729,59.946667],[10.732749,59.946748],[10.732755,59.946773],[10.732779,59.946911],[10.732788,59.946956],[10.732797,59.947029]]},"properties":{"id":"114654334-9","name":"Sognsveien"}},
{"type":"Feature","geometry":{"type":"LineString","coordinates":[[10.732797,59.947029],[10.732798,59.947041]]},"properties":{"id":"114654334-10","name":"Sognsveien"}},
{"type":"Feature","geometry":{"type":"LineString","coordinates":[[10.738586,59.941195],[10.739161,59.941465],[10.739263,59.941486],[10.739329,59.941487],[10.73942,59.941475],[10.739601,59.941388]]},"properties":{"id":"115663088-1","name":""}},
{"type":"Feature","geometry":{"type":"LineString","coordinates":[[10.74004,59.941593],[10.740625,59.941867],[10.740939,59.942014]]},"properties":{"id":"115663091-0","name":""}},
{"type":"Feature","geometry":{"type":"LineString","coordinates":[[10.740939,59.942014],[10.741267,59.942168],[10.741347,59.942179],[10.741408,59.942182],[10.741507,59.942159],[10.741896,59.941981]]},"properties":{"id":"115663091-1","name":""}},
{"type":"Feature","geometry":{"type":"LineString","coordinates":[[10.741896,59.941981],[10.741907,59.941976],[10.742538,59.941649],[10.742695,59.941607],[10.742792,59.941564]]},"properties":{"id":"115663091-2","name":""}},
{"type":"Feature","geometry":{"type":"LineString","coordinates":[[10.742792,59.941564],[10.74282,59.941476],[10.742745,59.94138],[10.742689,59.941362],[10.742609,59.941352],[10.742412,59.941376]]},"properties":{"id":"115663091-3","name":""}},
{"type":"Feature","geometry":{"type":"LineString","coordinates":[[10.742412,59.941376],[10.742327,59.941341],[10.741921,59.941151]]},"properties":{"id":"115663091-4","name":""}},
{"type":"Feature","geometry":{"type":"LineString","coordinates":[[10.731265,59.942214],[10.731471,59.942084],[10.731655,59.942072],[10.732064,59.941789],[10.732005,59.941753]]},"properties":{"id":"115675284-0","name":""}},
{"type":"Feature","geometry":{"type":"LineString","coordinates":[[10.730569,59.941983],[10.730591,59.942037],[10.730633,59.942141],[10.731022,59.942729]]},"properties":{"id":"115675886-0","name":"Askeladdveien"}},
{"type":"Feature","geometry":{"type":"LineString","coordinates":[[10.731022,59.942729],[10.731204,59.943004],[10.731621,59.943447]]},"properties":{"id":"115675886-1","name":"Askeladdveien"}},
{"type":"Feature","geometry":{"type":"LineString","coordinates":[[10.731621,59.943447],[10.731639,59.943466],[10.732231,59.94396],[10.732414,59.944118]]},"properties":{"id":"115675886-2","name":"Askeladdveien"}},
{"type":"Feature","geometry":{"type":"LineString","coordinates":[[10.737205,59.942028],[10.736843,59.941661],[10.736773,59.941604],[10.736665,59.941542],[10.736482,59.941462]]},"properties":{"id":"115675888-0","name":""}},
{"type":"Feature","geometry":{"type":"LineString","coordinates":[[10.725822,59.944985],[10.726532,59.945179],[10.726592,59.945187],[10.727121,59.945188]]},"properties":{"id":"115892427-0","name":"Vestgrensa"}},
{"type":"Feature","geometry":{"type":"LineString","coordinates":[[10.727121,59.945188],[10.727201,59.945188],[10.727701,59.945287],[10.728002,59.945382],[10.728202,59.94543],[10.728374,59.945485]]},"properties":{"id":"115892427-1","name":"Vestgrensa"}},
{"type":"Feature","geometry":{"type":"LineString","coordinates":[[10.728374,59.945485],[10.728756,59.945606],[10.728967,59.945683],[10.72909,59.945724],[10.729369,59.945813],[10.729474,59.945825],[10.729559,59.945852]]},"properties":{"id":"115892427-2","name":"Vestgrensa"}},
{"type":"Feature","geometry":{"type":"LineString","coordinates":[[10.729559,59.945852],[10.730205,59.946065],[10.73025,59.946093],[10.730287,59.946133],[10.730317,59.946174],[10.730346,59.946207],[10.730378,59.946228],[10.730572,59.94631]]},"properties":{"id":"115892427-3","name":"Vestgrensa"}},
{"type":"Feature","geometry":{"type":"LineString","coordinates":[[10.732784,59.947241],[10.732762,59.947347],[10.732734,59.947458]]},"properties":{"id":"116229065-0","name":"Sognsveien"}},
{"type":"Feature","geometry":{"type":"LineString","coordinates":[[10.724179,59.945843],[10.723838,59.945835],[10.723674,59.945831]]},"properties":{"id":"116231139-0","name":"Trimveien"}},
{"type":"Feature","geometry":{"type":"LineString","coordinates":[[10.723674,59.945831],[10.723478,59.94583],[10.723203,59.94582]]},"properties":{"id":"116231139-1","name":"Trimveien"}},
{"type":"Feature","geometry":{"type":"LineString","coordinates":[[10.746251,59.948021],[10.746229,59.947994],[10.745982,59.947686],[10.745705,59.94725],[10.745632,59.947186]]},"properties":{"id":"116412727-0","name":""}},
{"type":"Feature","geometry":{"type":"LineString","coordinates":[[10.745632,59.947186],[10.744785,59.946439],[10.744752,59.946409]]},"properties":{"id":"116412727-1","name":""}},
{"type":"Feature","geometry":{"type":"LineString","coordinates":[[10.744528,59.947343],[10.744505,59.947384],[10.744441,59.947424],[10.744422,59.947443],[10.744892,59.947388],[10.744923,59.947451],[10.744943,59.947448],[10.744993,59.947439],[10.745006,59.947419]]},"properties":{"id":"116412730-0","name":""}},
{"type":"Feature","geometry":{"type":"LineString","coordinates":[[10.745006,59.947419],[10.745028,59.947386],[10.745135,59.947373],[10.745074,59.947271],[10.744913,59.947288],[10.744627,59.94733],[10.744528,59.947343]]},"properties":{"id":"116412730-1","name":""}},
{"type":"Feature","geometry":{"type":"LineString","coordinates":[[10.743739,59.946967],[10.743639,59.946986],[10.743161,59.947058]]},"properties":{"id":"116412748-0","name":""}},
{"type":"Feature","geometry":{"type":"LineString","coordinates":[[10.744589,59.945623],[10.74452,59.945638],[10.744433,59.945658],[10.744015,59.945714],[10.743609,59.945715]]},"properties":{"id":"116439929-0","name":""}},
{"type":"Feature","geometry":{"type":"LineString","coordinates":[[10.760958,59.95124],[10.760785,59.951274],[10.759925,59.951439]]},"properties":{"id":"116866856-0","name":"Nygård terrasse"}},
{"type":"Feature","geometry":{"type":"LineString","coordinates":[[10.759925,59.951439],[10.759233,59.951578]]},"properties":{"id":"116866856-1","name":"Nygård terrasse"}},
{"type":"Feature","geometry":{"type":"LineString","coordinates":[[10.759233,59.951578],[10.758509,59.951724]]},"properties":{"id":"116866856-2","name":"Nygård terrasse"}},
{"type":"Feature","geometry":{"type":"LineString","coordinates":[[10.758509,59.951724],[10.758262,59.951772],[10.757766,59.951872]]},"properties":{"id":"116866856-3","name":"Nygård terrasse"}},
{"type":"Feature","geometry":{"type":"LineString","coordinates":[[10.752019,59.951445],[10.752066,59.95143],[10.752873,59.951165]]},"properties":{"id":"116874420-0","name":""}},
{"type":"Feature","geometry":{"type":"LineString","coordinates":[[10.752873,59.951165],[10.753375,59.951],[10.753464,59.950958],[10.75348,59.950906],[10.753383,59.950822]]},"properties":{"id":"116874420-1","name":""}},
{"type":"Feature","geometry":{"type":"LineString","coordinates":[[10.750639,59.950549],[10.750606,59.950563],[10.750303,59.950655]]},"properties":{"id":"116882586-0","name":"Nordbergveien"}},
{"type":"Feature","geometry":{"type":"LineString","coordinates":[[10.750303,59.950655],[10.750238,59.950674],[10.749883,59.950786],[10.749582,59.950859],[10.749366,59.950894]]},"properties":{"id":"116882586-1","name":"Nordbergveien"}},
{"type":"Feature","geometry":{"type":"LineString","coordinates":[[10.76311,59.941928],[10.763139,59.941918],[10.763393,59.941892],[10.763528,59.941878],[10.763612,59.941862]]},"properties":{"id":"116958969-0","name":""}},
{"type":"Feature","geometry":{"type":"LineString","coordinates":[[10.744249,59.942028],[10.744301,59.942018],[10.745632,59.941765]]},"properties":{"id":"117182464-0","name":""}},
{"type":"Feature","geometry":{"type":"LineString","coordinates":[[10.725805,59.952637],[10.725989,59.952582],[10.726048,59.952572],[10.726281,59.952559],[10.726397,59.952685]]},"properties":{"id":"117841318-0","name":"Honnørplassen"}},
{"type":"Feature","geometry":{"type":"LineString","coordinates":[[10.724484,59.951608],[10.723718,59.951856]]},"properties":{"id":"117841323-0","name":"Lupinveien"}},
{"type":"Feature","geometry":{"type":"LineString","coordinates":[[10.726135,59.952783],[10.726921,59.953492]]},"properties":{"id":"117841325-0","name":"Irisveien"}},
{"type":"Feature","geometry":{"type":"LineString","coordinates":[[10.725488,59.954288],[10.724829,59.953876]]},"properties":{"id":"117841326-0","name":"Fiolveien"}},
{"type":"Feature","geometry":{"type":"LineString","coordinates":[[10.724829,59.953876],[10.724442,59.953634],[10.724331,59.953549],[10.724292,59.953506],[10.724287,59.953469],[10.724323,59.953442]]},"properties":{"id":"117841326-1","name":"Fiolveien"}},
{"type":"Feature","geometry":{"type":"LineString","coordinates":[[10.724323,59.953442],[10.724295,59.953392],[10.724073,59.953276],[10.724012,59.953259]]},"properties":{"id":"117841328-0","name":"Solpynten"}},
{"type":"Feature","geometry":{"type":"LineString","coordinates":[[10.724012,59.953259],[10.723949,59.953197],[10.723908,59.953128],[10.723887,59.95305],[10.723886,59.952979],[10.723893,59.952883],[10.723961,59.952662]]},"properties":{"id":"117841330-0","name":"Jasminveien"}},
{"type":"Feature","geometry":{"type":"LineString","coordinates":[[10.723961,59.952662],[10.724111,59.952299],[10.724119,59.952217],[10.724105,59.952187]]},"properties":{"id":"117841330-1","name":"Jasminveien"}},
{"type":"Feature","geometry":{"type":"LineString","coordinates":[[10.724105,59.952187],[10.724903,59.951922]]},"properties":{"id":"117841331-0","name":"Tusenfryden"}},
{"type":"Feature","geometry":{"type":"LineString","coordinates":[[10.725977,59.954015],[10.725096,59.953461]]},"properties":{"id":"117841332-0","name":"Valmuestien"}},
{"type":"Feature","geometry":{"type":"LineString","coordinates":[[10.726138,59.952729],[10.726135,59.952783]]},"properties":{"id":"117841333-0","name":"Honnørplassen"}},
{"type":"Feature","geometry":{"type":"LineString","coordinates":[[10.723718,59.951856],[10.724105,59.952187]]},"properties":{"id":"117841336-0","name":"Jasminveien"}},
{"type":"Feature","geometry":{"type":"LineString","coordinates":[[10.731815,59.9574],[10.731834,59.957491],[10.73181,59.957539]]},"properties":{"id":"117845786-0","name":"Skogveien"}},
{"type":"Feature","geometry":{"type":"LineString","coordinates":[[10.73181,59.957539],[10.731821,59.957575],[10.731913,59.95787]]},"properties":{"id":"117845786-1","name":"Skogveien"}},
{"type":"Feature","geometry":{"type":"LineString","coordinates":[[10.724386,59.959432],[10.724651,59.959451],[10.72472,59.95943],[10.725034,59.95929],[10.725191,59.959217]]},"properties":{"id":"117858098-0","name":"Skråningen"}},
{"type":"Feature","geometry":{"type":"LineString","coordinates":[[10.725191,59.959217],[10.725916,59.958885]]},"properties":{"id":"117858098-1","name":"Skråningen"}},
{"type":"Feature","geometry":{"type":"LineString","coordinates":[[10.725916,59.958885],[10.726205,59.958766],[10.726254,59.95875]]},"properties":{"id":"117858098-2","name":"Skråningen"}},
{"type":"Feature","geometry":{"type":"LineString","coordinates":[[10.726254,59.95875],[10.726331,59.958754],[10.726409,59.958792],[10.726667,59.95892]]},"properties":{"id":"117858098-3","name":"Skråningen"}},
{"type":"Feature","geometry":{"type":"LineString","coordinates":[[10.729273,59.952519],[10.729355,59.952455],[10.729469,59.952307],[10.729494,59.952274],[10.729732,59.952123],[10.729937,59.951888]]},"properties":{"id":"117861974-0","name":""}},
{"type":"Feature","geometry":{"type":"LineString","coordinates":[[10.729937,59.951888],[10.729988,59.951814],[10.72998,59.951633],[10.730561,59.951192]]},"properties":{"id":"117861974-1","name":""}},
{"type":"Feature","geometry":{"type":"LineString","coordinates":[[10.734977,59.952194],[10.735024,59.952165],[10.735063,59.952141]]},"properties":{"id":"117872435-0","name":""}},
{"type":"Feature","geometry":{"type":"LineString","coordinates":[[10.735063,59.952141],[10.735101,59.952117],[10.735261,59.951971]]},"properties":{"id":"117872435-1","name":""}},
{"type":"Feature","geometry":{"type":"LineString","coordinates":[[10.735261,59.951971],[10.735681,59.951586]]},"properties":{"id":"117872435-2","name":""}},
{"type":"Feature","geometry":{"type":"LineString","coordinates":[[10.748637,59.95287],[10.748717,59.952908],[10.748732,59.952939],[10.748603,59.953114],[10.748552,59.953128],[10.748491,59.953122],[10.748268,59.953002],[10.748218,59.952943],[10.748181,59.952897]]},"properties":{"id":"117876170-0","name":""}},
{"type":"Feature","geometry":{"type":"LineString","coordinates":[[10.745639,59.956612],[10.745688,59.956669],[10.745734,59.95672],[10.745847,59.95696],[10.745831,59.957029],[10.74577,59.957071]]},"properties":{"id":"117958545-0","name":""}},
{"type":"Feature","geometry":{"type":"LineString","coordinates":[[10.74577,59.957071],[10.745768,59.957073],[10.745684,59.957102],[10.74558,59.957119],[10.745453,59.957123],[10.745333,59.957113],[10.745189,59.95707],[10.745048,59.956959],[10.745015,59.956925]]},"properties":{"id":"117958545-1","name":""}},
{"type":"Feature","geometry":{"type":"LineString","coordinates":[[10.746419,59.957702],[10.745774,59.957882]]},"properties":{"id":"117958551-0","name":"Kongleveien"}},
{"type":"Feature","geometry":{"type":"LineString","coordinates":[[10.74904,59.956746],[10.749387,59.956816]]},"properties":{"id":"117962175-0","name":""}},
{"type":"Feature","geometry":{"type":"LineString","coordinates":[[10.75067,59.957765],[10.750883,59.957732]]},"properties":{"id":"117962853-0","name":""}},
{"type":"Feature","geometry":{"type":"LineString","coordinates":[[10.750419,59.957722],[10.750386,59.957674],[10.750236,59.95748],[10.749934,59.957195]]},"properties":{"id":"117962881-0","name":"Østhornveien"}},
{"type":"Feature","geometry":{"type":"LineString","coordinates":[[10.731674,59.955489],[10.731622,59.955517],[10.73158,59.955539],[10.731545,59.955575],[10.731534,59.955617],[10.731543,59.955654],[10.731596,59.955725],[10.731781,59.955872],[10.731967,59.95603],[10.73197,59.956034]]},"properties":{"id":"117964087-0","name":""}},
{"type":"Feature","geometry":{"type":"LineString","coordinates":[[10.73197,59.956034],[10.732122,59.95621],[10.732277,59.956381],[10.732339,59.956472],[10.732392,59.956555],[10.732418,59.956616]]},"properties":{"id":"117964087-1","name":""}},
{"type":"Feature","geometry":{"type":"LineString","coordinates":[[10.732418,59.956616],[10.732458,59.956708],[10.732506,59.956886],[10.73256,59.957073],[10.732586,59.957235]]},"properties":{"id":"117964087-2","name":""}},
{"type":"Feature","geometry":{"type":"LineString","coordinates":[[10.74423,59.950481],[10.744222,59.950515],[10.744151,59.950821]]},"properties":{"id":"118104666-0","name":"Humleveien"}},
{"type":"Feature","geometry":{"type":"LineString","coordinates":[[10.743777,59.95255],[10.743923,59.952556],[10.745247,59.95266]]},"properties":{"id":"118137270-0","name":"Rektorhaugen"}},
{"type":"Feature","geometry":{"type":"LineString","coordinates":[[10.745247,59.95266],[10.745289,59.952663],[10.746207,59.952736],[10.746714,59.952779]]},"properties":{"id":"118137270-1","name":"Rektorhaugen"}},
{"type":"Feature","geometry":{"type":"LineString","coordinates":[[10.746714,59.952779],[10.747834,59.952874],[10.748181,59.952897]]},"properties":{"id":"118137270-2","name":"Rektorhaugen"}},
{"type":"Feature","geometry":{"type":"LineString","coordinates":[[10.748181,59.952897],[10.748405,59.952909],[10.748637,59.95287]]},"properties":{"id":"118137270-3","name":"Rektorhaugen"}},
{"type":"Feature","geometry":{"type":"LineString","coordinates":[[10.748637,59.95287],[10.748822,59.95279],[10.748965,59.952681]]},"properties":{"id":"118137270-4","name":"Rektorhaugen"}},
{"type":"Feature","geometry":{"type":"LineString","coordinates":[[10.741144,59.952441],[10.741229,59.952451],[10.74246,59.952496]]},"properties":{"id":"118137271-0","name":"Rektorhaugen"}},
{"type":"Feature","geometry":{"type":"LineString","coordinates":[[10.74246,59.952496],[10.743691,59.952542],[10.743777,59.95255]]},"properties":{"id":"118137271-1","name":"Rektorhaugen"}},
{"type":"Feature","geometry":{"type":"LineString","coordinates":[[10.736497,59.955367],[10.736702,59.955097],[10.736743,59.955054],[10.7368,59.955012],[10.737183,59.954843]]},"properties":{"id":"118137761-0","name":"Almeveien"}},
{"type":"Feature","geometry":{"type":"LineString","coordinates":[[10.737183,59.954843],[10.737369,59.954959],[10.73744,59.955012],[10.737481,59.955063],[10.737506,59.955132],[10.737517,59.955226],[10.73752,59.955268]]},"properties":{"id":"118137763-0","name":"Borgestadveien"}},
{"type":"Feature","geometry":{"type":"LineString","coordinates":[[10.73752,59.955268],[10.737525,59.955333],[10.737539,59.955385],[10.737566,59.955442],[10.737619,59.955516],[10.737799,59.955715]]},"properties":{"id":"118137763-1","name":"Borgestadveien"}},
{"type":"Feature","geometry":{"type":"LineString","coordinates":[[10.737799,59.955715],[10.738014,59.955962],[10.738187,59.956154],[10.738438,59.956434]]},"properties":{"id":"118137763-2","name":"Borgestadveien"}},
{"type":"Feature","geometry":{"type":"LineString","coordinates":[[10.738438,59.956434],[10.738634,59.956667],[10.738748,59.956779],[10.738857,59.956879],[10.739062,59.957046],[10.739195,59.957147]]},"properties":{"id":"118137763-3","name":"Borgestadveien"}},
{"type":"Feature","geometry":{"type":"LineString","coordinates":[[10.739195,59.957147],[10.739264,59.957214],[10.739334,59.957306],[10.739374,59.957392],[10.739425,59.957605],[10.739459,59.957697],[10.73947,59.957711]]},"properties":{"id":"118137763-4","name":"Borgestadveien"}},
{"type":"Feature","geometry":{"type":"LineString","coordinates":[[10.73947,59.957711],[10.739533,59.957788],[10.73961,59.957865],[10.739719,59.957949],[10.739911,59.958065],[10.739975,59.958106],[10.74004,59.958162],[10.740065,59.958208]]},"properties":{"id":"118137763-5","name":"Borgestadveien"}},
{"type":"Feature","geometry":{"type":"LineString","coordinates":[[10.752891,59.95231],[10.753173,59.952558]]},"properties":{"id":"118139126-0","name":"Tåsenveien"}},
{"type":"Feature","geometry":{"type":"LineString","coordinates":[[10.752627,59.953834],[10.752674,59.953961],[10.752767,59.954067],[10.752865,59.954143],[10.752999,59.95422],[10.753104,59.954268],[10.753141,59.954285],[10.753437,59.954372],[10.753773,59.954444]]},"properties":{"id":"118139127-0","name":"Tåsenveien"}},
{"type":"Feature","geometry":{"type":"LineString","coordinates":[[10.753773,59.954444],[10.754279,59.954594],[10.754646,59.954703],[10.75475,59.954734],[10.754855,59.954763]]},"properties":{"id":"118139127-1","name":"Tåsenveien"}},
{"type":"Feature","geometry":{"type":"LineString","coordinates":[[10.754855,59.954763],[10.755023,59.95481],[10.755337,59.954892],[10.755455,59.954921]]},"properties":{"id":"118139127-2","name":"Tåsenveien"}},
{"type":"Feature","geometry":{"type":"LineString","coordinates":[[10.755455,59.954921],[10.755791,59.955003]]},"properties":{"id":"118139127-3","name":"Tåsenveien"}},
{"type":"Feature","geometry":{"type":"LineString","coordinates":[[10.755791,59.955003],[10.755919,59.955058],[10.756008,59.955138],[10.756073,59.955222],[10.756116,59.955348],[10.756165,59.955482],[10.756283,59.955651],[10.756367,59.955764]]},"properties":{"id":"118139127-4","name":"Tåsenveien"}},
{"type":"Feature","geometry":{"type":"LineString","coordinates":[[10.756367,59.955764],[10.756409,59.95582],[10.756903,59.956135],[10.757225,59.956313],[10.757361,59.956423]]},"properties":{"id":"118139127-5","name":"Tåsenveien"}},
{"type":"Feature","geometry":{"type":"LineString","coordinates":[[10.757361,59.956423],[10.7574,59.956627],[10.757441,59.956932],[10.757501,59.95705]]},"properties":{"id":"118139127-6","name":"Tåsenveien"}},
{"type":"Feature","geometry":{"type":"LineString","coordinates":[[10.757501,59.95705],[10.757537,59.957122],[10.757891,59.957485],[10.758065,59.957614]]},"properties":{"id":"118139127-7","name":"Tåsenveien"}},
{"type":"Feature","geometry":{"type":"LineString","coordinates":[[10.758065,59.957614],[10.758269,59.957725],[10.758761,59.957947],[10.759076,59.958093],[10.759273,59.95819],[10.759365,59.958229]]},"properties":{"id":"118139127-8","name":"Tåsenveien"}},
{"type":"Feature","geometry":{"type":"LineString","coordinates":[[10.759365,59.958229],[10.759476,59.958272],[10.759755,59.958414],[10.76021,59.958638]]},"properties":{"id":"118139127-9","name":"Tåsenveien"}},
{"type":"Feature","geometry":{"type":"LineString","coordinates":[[10.76021,59.958638],[10.760562,59.958774],[10.761042,59.958909]]},"properties":{"id":"118139127-10","name":"Tåsenveien"}},
{"type":"Feature","geometry":{"type":"LineString","coordinates":[[10.761042,59.958909],[10.761092,59.959066]]},"properties":{"id":"118139127-11","name":"Tåsenveien"}},
{"type":"Feature","geometry":{"type":"LineString","coordinates":[[10.761092,59.959066],[10.761234,59.959349]]},"properties":{"id":"118139127-12","name":"Tåsenveien"}},
{"type":"Feature","geometry":{"type":"LineString","coordinates":[[10.761234,59.959349],[10.761304,59.959597],[10.761452,59.960057]]},"properties":{"id":"118139127-13","name":"Tåsenveien"}},
{"type":"Feature","geometry":{"type":"LineString","coordinates":[[10.761452,59.960057],[10.761497,59.960215],[10.761534,59.96031],[10.761542,59.96033],[10.76158,59.960394],[10.761602,59.960423],[10.761634,59.960447]]},"properties":{"id":"118139127-14","name":"Tåsenveien"}},
{"type":"Feature","geometry":{"type":"LineString","coordinates":[[10.752743,59.953475],[10.752666,59.953596],[10.752661,59.95361],[10.752622,59.953724],[10.752627,59.953834]]},"properties":{"id":"118139128-0","name":"Tåsenveien"}},
{"type":"Feature","geometry":{"type":"LineString","coordinates":[[10.751607,59.951094],[10.751708,59.951179],[10.751791,59.951259],[10.752019,59.951445]]},"properties":{"id":"118139129-0","name":"Tåsenveien"}},
{"type":"Feature","geometry":{"type":"LineString","coordinates":[[10.752019,59.951445],[10.752514,59.951928],[10.752524,59.951936],[10.752586,59.95198],[10.752703,59.95202]]},"properties":{"id":"118139129-1","name":"Tåsenveien"}},
{"type":"Feature","geometry":{"type":"LineString","coordinates":[[10.752703,59.95202],[10.752689,59.952044],[10.752707,59.952078],[10.752711,59.952118],[10.752763,59.952173],[10.752891,59.95231]]},"properties":{"id":"118139129-2","name":"Tåsenveien"}},
{"type":"Feature","geometry":{"type":"LineString","coordinates":[[10.765656,59.954407],[10.765693,59.954469],[10.765724,59.954523],[10.766069,59.955012]]},"properties":{"id":"118142424-0","name":"Gjerdrums vei"}},
{"type":"Feature","geometry":{"type":"LineString","coordinates":[[10.766069,59.955012],[10.766194,59.95519]]},"properties":{"id":"118142424-1","name":"Gjerdrums vei"}},
{"type":"Feature","geometry":{"type":"LineString","coordinates":[[10.766194,59.95519],[10.766233,59.955245],[10.76644,59.955531],[10.766463,59.955589]]},"properties":{"id":"118142424-2","name":"Gjerdrums vei"}},
{"type":"Feature","geometry":{"type":"LineString","coordinates":[[10.766463,59.955589],[10.766478,59.955626],[10.766497,59.955722],[10.766488,59.955802]]},"properties":{"id":"118142424-3","name":"Gjerdrums vei"}},
{"type":"Feature","geometry":{"type":"LineString","coordinates":[[10.764102,59.954169],[10.764157,59.954226],[10.764489,59.954339]]},"properties":{"id":"118142438-0","name":"Gjerdrums vei"}},
{"type":"Feature","geometry":{"type":"LineString","coordinates":[[10.764489,59.954339],[10.76453,59.954353],[10.764712,59.954416],[10.764805,59.954438],[10.764888,59.954446],[10.764996,59.954436],[10.765152,59.954405]]},"properties":{"id":"118142438-1","name":"Gjerdrums vei"}},
{"type":"Feature","geometry":{"type":"LineString","coordinates":[[10.765152,59.954405],[10.76522,59.954391]]},"properties":{"id":"118142438-2","name":"Gjerdrums vei"}},
{"type":"Feature","geometry":{"type":"LineString","coordinates":[[10.76522,59.954391],[10.765448,59.954355],[10.765553,59.954346]]},"properties":{"id":"118142438-3","name":"Gjerdrums vei"}},
{"type":"Feature","geometry":{"type":"LineString","coordinates":[[10.764228,59.959459],[10.76423,59.959467],[10.764286,59.959636],[10.764337,59.959754]]},"properties":{"id":"118373032-0","name":"Maridalsveien"}},
{"type":"Feature","geometry":{"type":"LineString","coordinates":[[10.760224,59.946857],[10.760033,59.946861],[10.75945,59.946872],[10.759019,59.946878],[10.758827,59.946868],[10.758587,59.946821]]},"properties":{"id":"118391409-0","name":"Biskop Heuchs vei"}},
{"type":"Feature","geometry":{"type":"LineString","coordinates":[[10.760213,59.946565],[10.760213,59.946639],[10.760224,59.946857]]},"properties":{"id":"118391410-0","name":"Maridalsveien"}},
{"type":"Feature","geometry":{"type":"LineString","coordinates":[[10.760224,59.946857],[10.760233,59.946992],[10.760234,59.947097],[10.760231,59.947165]]},"properties":{"id":"118391410-1","name":"Maridalsveien"}},
{"type":"Feature","geometry":{"type":"LineString","coordinates":[[10.760231,59.947165],[10.760217,59.947252],[10.760193,59.947339],[10.760158,59.947419],[10.760119,59.947505]]},"properties":{"id":"118391410-2","name":"Maridalsveien"}},
{"type":"Feature","geometry":{"type":"LineString","coordinates":[[10.760119,59.947505],[10.760092,59.947554]]},"properties":{"id":"118391410-3","name":"Maridalsveien"}},
{"type":"Feature","geometry":{"type":"LineString","coordinates":[[10.749518,59.947403],[10.749396,59.947416],[10.748964,59.94746],[10.748542,59.947507],[10.747898,59.947557]]},"properties":{"id":"118640873-0","name":"Østhellinga"}},
{"type":"Feature","geometry":{"type":"LineString","coordinates":[[10.76121,59.94854],[10.760564,59.948599],[10.760679,59.94902]]},"properties":{"id":"118642278-0","name":""}},
{"type":"Feature","geometry":{"type":"LineString","coordinates":[[10.760231,59.947165],[10.760328,59.947169],[10.761074,59.9472]]},"properties":{"id":"118644072-0","name":""}},
{"type":"Feature","geometry":{"type":"LineString","coordinates":[[10.760119,59.947505],[10.760225,59.947517],[10.760664,59.947565],[10.761093,59.947605],[10.761516,59.947621],[10.761706,59.947626]]},"properties":{"id":"118644101-0","name":""}},
{"type":"Feature","geometry":{"type":"LineString","coordinates":[[10.760947,59.95446],[10.760721,59.954493],[10.760665,59.954501],[10.760527,59.954514],[10.760421,59.954515],[10.760326,59.954503],[10.760053,59.954455],[10.759987,59.954441],[10.759913,59.954425],[10.759633,59.954316],[10.759508,59.954261]]},"properties":{"id":"118741654-0","name":"Øvre Stabburvei"}},
{"type":"Feature","geometry":{"type":"LineString","coordinates":[[10.759508,59.954261],[10.759492,59.954253],[10.759386,59.954188],[10.759261,59.954067],[10.759191,59.953999],[10.758811,59.953631],[10.758814,59.953551]]},"properties":{"id":"118741654-1","name":"Øvre Stabburvei"}},
{"type":"Feature","geometry":{"type":"LineString","coordinates":[[10.743777,59.95255],[10.74375,59.952681]]},"properties":{"id":"118758541-0","name":"Lersolveien"}},
{"type":"Feature","geometry":{"type":"LineString","coordinates":[[10.748066,59.954139],[10.748165,59.954173],[10.748273,59.954199],[10.748407,59.954224],[10.748711,59.954253],[10.749193,59.954297],[10.749319,59.954306]]},"properties":{"id":"118758543-0","name":"Nils Bays vei"}},
{"type":"Feature","geometry":{"type":"LineString","coordinates":[[10.744452,59.95303],[10.74459,59.953038],[10.744966,59.953063],[10.745351,59.953098],[10.745628,59.953142]]},"properties":{"id":"118758546-0","name":"Nils Bays vei"}},
{"type":"Feature","geometry":{"type":"LineString","coordinates":[[10.745628,59.953142],[10.745892,59.953185],[10.7465,59.95334],[10.746686,59.953417]]},"properties":{"id":"118758546-1","name":"Nils Bays vei"}},
{"type":"Feature","geometry":{"type":"LineString","coordinates":[[10.746686,59.953417],[10.746894,59.953502],[10.747228,59.953682],[10.747528,59.953844]]},"properties":{"id":"118758546-2","name":"Nils Bays vei"}},
{"type":"Feature","geometry":{"type":"LineString","coordinates":[[10.747528,59.953844],[10.747959,59.954091],[10.748066,59.954139]]},"properties":{"id":"118758546-3","name":"Nils Bays vei"}},
{"type":"Feature","geometry":{"type":"LineString","coordinates":[[10.745357,59.95677],[10.745639,59.956612]]},"properties":{"id":"118758548-0","name":"Nordbergveien"}},
{"type":"Feature","geometry":{"type":"LineString","coordinates":[[10.745639,59.956612],[10.746059,59.956387],[10.746445,59.956181]]},"properties":{"id":"118758548-1","name":"Nordbergveien"}},
{"type":"Feature","geometry":{"type":"LineString","coordinates":[[10.746445,59.956181],[10.746531,59.956127],[10.746562,59.95611],[10.74743,59.95564]]},"properties":{"id":"118758548-2","name":"Nordbergveien"}},
{"type":"Feature","geometry":{"type":"LineString","coordinates":[[10.74743,59.95564],[10.747505,59.9556],[10.748413,59.955098]]},"properties":{"id":"118758548-3","name":"Nordbergveien"}},
{"type":"Feature","geometry":{"type":"LineString","coordinates":[[10.748413,59.955098],[10.748607,59.954986],[10.748753,59.954894],[10.748838,59.954833],[10.748883,59.954801],[10.748965,59.95473]]},"properties":{"id":"118758548-4","name":"Nordbergveien"}},
{"type":"Feature","geometry":{"type":"LineString","coordinates":[[10.748965,59.95473],[10.749041,59.954666],[10.749062,59.954647],[10.749212,59.95448],[10.749319,59.954306]]},"properties":{"id":"118758548-5","name":"Nordbergveien"}},
{"type":"Feature","geometry":{"type":"LineString","coordinates":[[10.743657,59.953667],[10.743699,59.953684],[10.743765,59.95372],[10.744324,59.954154]]},"properties":{"id":"118758550-0","name":"Lersolveien"}},
{"type":"Feature","geometry":{"type":"LineString","coordinates":[[10.744324,59.954154],[10.744331,59.954159],[10.744664,59.954414],[10.744941,59.954659]]},"properties":{"id":"118758550-1","name":"Lersolveien"}},
{"type":"Feature","geometry":{"type":"LineString","coordinates":[[10.744941,59.954659],[10.745207,59.954914],[10.745265,59.954979],[10.745308,59.955041],[10.745327,59.955127],[10.745324,59.955194],[10.745294,59.955357]]},"properties":{"id":"118758550-2","name":"Lersolveien"}},
{"type":"Feature","geometry":{"type":"LineString","coordinates":[[10.748066,59.954139],[10.747976,59.954261],[10.747937,59.954315],[10.747896,59.954363],[10.747838,59.954411],[10.747772,59.954449],[10.747676,59.95448],[10.74732,59.954557],[10.747235,59.954577]]},"properties":{"id":"118758552-0","name":"Tirilveien"}},
{"type":"Feature","geometry":{"type":"LineString","coordinates":[[10.747235,59.954577],[10.747152,59.954597],[10.747068,59.954624],[10.746995,59.954659],[10.746936,59.954698],[10.746834,59.9548],[10.746751,59.95488],[10.746657,59.954956],[10.746561,59.955014],[10.746451,59.955067],[10.746444,59.95507]]},"properties":{"id":"118758552-1","name":"Tirilveien"}},
{"type":"Feature","geometry":{"type":"LineString","coordinates":[[10.746444,59.95507],[10.746301,59.955116],[10.746028,59.955194],[10.74578,59.955258],[10.745528,59.955315],[10.745294,59.955357]]},"properties":{"id":"118758552-2","name":"Tirilveien"}},
{"type":"Feature","geometry":{"type":"LineString","coordinates":[[10.745294,59.955357],[10.745182,59.955376],[10.744641,59.955462],[10.744241,59.955543],[10.744018,59.955595]]},"properties":{"id":"118758552-3","name":"Tirilveien"}},
{"type":"Feature","geometry":{"type":"LineString","coordinates":[[10.744018,59.955595],[10.74384,59.955637],[10.743579,59.955714],[10.743188,59.955841],[10.742901,59.955958],[10.742882,59.955967]]},"properties":{"id":"118758552-4","name":"Tirilveien"}},
{"type":"Feature","geometry":{"type":"LineString","coordinates":[[10.742882,59.955967],[10.742617,59.956099],[10.742351,59.956251],[10.741999,59.956485]]},"properties":{"id":"118758552-5","name":"Tirilveien"}},
{"type":"Feature","geometry":{"type":"LineString","coordinates":[[10.740991,59.942974],[10.741095,59.942932],[10.741249,59.942864],[10.741292,59.942827]]},"properties":{"id":"119234907-0","name":"Jutulveien"}},
{"type":"Feature","geometry":{"type":"LineString","coordinates":[[10.741292,59.942827],[10.741309,59.942812],[10.741319,59.942804],[10.741588,59.942494],[10.74172,59.942355],[10.741841,59.942268],[10.741917,59.942222],[10.742073,59.94217],[10.742213,59.942128]]},"properties":{"id":"119234907-1","name":"Jutulveien"}},
{"type":"Feature","geometry":{"type":"LineString","coordinates":[[10.725597,59.960393],[10.725682,59.96035],[10.725893,59.960324],[10.726292,59.960348],[10.726476,59.960353]]},"properties":{"id":"119243588-0","name":""}},
{"type":"Feature","geometry":{"type":"LineString","coordinates":[[10.727782,59.960474],[10.72766,59.960531],[10.727544,59.960554],[10.727426,59.960565],[10.727287,59.960563],[10.727032,59.960536],[10.726684,59.960488],[10.726559,59.960456],[10.726473,59.960436]]},"properties":{"id":"119243591-0","name":"John Brandts vei"}},
{"type":"Feature","geometry":{"type":"LineString","coordinates":[[10.726473,59.960436],[10.725981,59.960434],[10.725597,59.960393]]},"properties":{"id":"119243591-1","name":"John Brandts vei"}},
{"type":"Feature","geometry":{"type":"LineString","coordinates":[[10.725597,59.960393],[10.725438,59.960431]]},"properties":{"id":"119243591-2","name":"John Brandts vei"}},
{"type":"Feature","geometry":{"type":"LineString","coordinates":[[10.725438,59.960431],[10.725302,59.960435],[10.725191,59.960411]]},"properties":{"id":"119243591-3","name":"John Brandts vei"}},
{"type":"Feature","geometry":{"type":"LineString","coordinates":[[10.728605,59.958573],[10.728666,59.958591],[10.72874,59.958596],[10.729177,59.958575]]},"properties":{"id":"119243599-0","name":""}},
{"type":"Feature","geometry":{"type":"LineString","coordinates":[[10.728092,59.960404],[10.728173,59.960326],[10.728813,59.960253]]},"properties":{"id":"119243601-0","name":""}},
{"type":"Feature","geometry":{"type":"LineString","coordinates":[[10.756138,59.948279],[10.756248,59.948319],[10.756336,59.948355]]},"properties":{"id":"119258853-0","name":"Hauges vei"}},
{"type":"Feature","geometry":{"type":"LineString","coordinates":[[10.756336,59.948355],[10.756844,59.948549]]},"properties":{"id":"119258861-0","name":"Hauges vei"}},
{"type":"Feature","geometry":{"type":"LineString","coordinates":[[10.756844,59.948549],[10.757171,59.948674]]},"properties":{"id":"119258861-1","name":"Hauges vei"}},
{"type":"Feature","geometry":{"type":"LineString","coordinates":[[10.757171,59.948674],[10.757592,59.948836]]},"properties":{"id":"119258861-2","name":"Hauges vei"}},
{"type":"Feature","geometry":{"type":"LineString","coordinates":[[10.757592,59.948836],[10.758325,59.949116],[10.758452,59.949171]]},"properties":{"id":"119258861-3","name":"Hauges vei"}},
{"type":"Feature","geometry":{"type":"LineString","coordinates":[[10.758452,59.949171],[10.758502,59.949227],[10.758629,59.94939],[10.759052,59.949933]]},"properties":{"id":"119258861-4","name":"Hauges vei"}},
{"type":"Feature","geometry":{"type":"LineString","coordinates":[[10.759052,59.949933],[10.759624,59.950667],[10.759647,59.950696]]},"properties":{"id":"119258861-5","name":"Hauges vei"}},
{"type":"Feature","geometry":{"type":"LineString","coordinates":[[10.756662,59.948075],[10.756874,59.947906]]},"properties":{"id":"119258871-0","name":"Einar Høigårds vei"}},
{"type":"Feature","geometry":{"type":"LineString","coordinates":[[10.756874,59.947906],[10.757076,59.947744]]},"properties":{"id":"119258871-1","name":"Einar Høigårds vei"}},
{"type":"Feature","geometry":{"type":"LineString","coordinates":[[10.734364,59.941327],[10.735044,59.941334],[10.735188,59.941349],[10.735316,59.941376]]},"properties":{"id":"119259631-5","name":"Ullevålsalléen"}},
{"type":"Feature","geometry":{"type":"LineString","coordinates":[[10.735316,59.941376],[10.735808,59.941538]]},"properties":{"id":"119259631-6","name":"Ullevålsalléen"}},
{"type":"Feature","geometry":{"type":"LineString","coordinates":[[10.735808,59.941538],[10.736255,59.941685]]},"properties":{"id":"119259631-7","name":"Ullevålsalléen"}},
{"type":"Feature","geometry":{"type":"LineString","coordinates":[[10.736255,59.941685],[10.737205,59.942028]]},"properties":{"id":"119259631-8","name":"Ullevålsalléen"}},
{"type":"Feature","geometry":{"type":"LineString","coordinates":[[10.737205,59.942028],[10.737478,59.942129]]},"properties":{"id":"119259631-9","name":"Ullevålsalléen"}},
{"type":"Feature","geometry":{"type":"LineString","coordinates":[[10.737478,59.942129],[10.738328,59.942443],[10.738346,59.94245]]},"properties":{"id":"119259631-10","name":"Ullevålsalléen"}},
{"type":"Feature","geometry":{"type":"LineString","coordinates":[[10.738346,59.94245],[10.738602,59.942553],[10.738717,59.942622],[10.738806,59.942681],[10.73886,59.942718],[10.739013,59.942865]]},"properties":{"id":"119259631-11","name":"Ullevålsalléen"}},
{"type":"Feature","geometry":{"type":"LineString","coordinates":[[10.766994,59.961748],[10.766672,59.961278],[10.766629,59.961183],[10.766591,59.961099]]},"properties":{"id":"119516501-3","name":"Brekkelia"}},
{"type":"Feature","geometry":{"type":"LineString","coordinates":[[10.766591,59.961099],[10.766718,59.961149],[10.7669,59.961236]]},"properties":{"id":"119516501-4","name":"Brekkelia"}},
{"type":"Feature","geometry":{"type":"LineString","coordinates":[[10.732702,59.947942],[10.732639,59.948033],[10.732526,59.948157],[10.732406,59.948262],[10.732273,59.948391],[10.732156,59.948497],[10.73202,59.948595]]},"properties":{"id":"119575084-0","name":"Sognsveien"}},
{"type":"Feature","geometry":{"type":"LineString","coordinates":[[10.732159,59.947743],[10.732116,59.94782],[10.732095,59.947875],[10.732075,59.94795],[10.732074,59.94802],[10.732074,59.948085],[10.732023,59.948159],[10.731898,59.948292],[10.731842,59.948348],[10.731826,59.948345]]},"properties":{"id":"119575088-0","name":""}},
{"type":"Feature","geometry":{"type":"LineString","coordinates":[[10.731826,59.948345],[10.731681,59.948323],[10.731535,59.948312],[10.730592,59.948172]]},"properties":{"id":"119575088-1","name":""}},
{"type":"Feature","geometry":{"type":"LineString","coordinates":[[10.731027,59.949743],[10.730807,59.949679],[10.730698,59.949648]]},"properties":{"id":"119575107-0","name":""}},
{"type":"Feature","geometry":{"type":"LineString","coordinates":[[10.732863,59.947867],[10.732943,59.94795],[10.732966,59.947964],[10.733036,59.948004],[10.733006,59.94805]]},"properties":{"id":"119575112-0","name":""}},
{"type":"Feature","geometry":{"type":"LineString","coordinates":[[10.729167,59.95088],[10.72911,59.950862],[10.729076,59.95085],[10.729019,59.95083],[10.729124,59.950742]]},"properties":{"id":"119575117-0","name":""}},
{"type":"Feature","geometry":{"type":"LineString","coordinates":[[10.729124,59.950742],[10.72935,59.950582],[10.729641,59.950317],[10.729747,59.95022],[10.729781,59.95017],[10.729757,59.950129],[10.729653,59.950087],[10.729602,59.950073]]},"properties":{"id":"119575117-1","name":""}},
{"type":"Feature","geometry":{"type":"LineString","coordinates":[[10.766152,59.953203],[10.766204,59.953209],[10.766314,59.953225]]},"properties":{"id":"120201064-0","name":""}},
{"type":"Feature","geometry":{"type":"LineString","coordinates":[[10.730336,59.962969],[10.730171,59.962793],[10.730082,59.962725],[10.729919,59.962702],[10.729799,59.962706],[10.729677,59.962722],[10.729471,59.962786],[10.729443,59.962827],[10.729452,59.962864],[10.729519,59.96291],[10.729569,59.962934],[10.729647,59.962969]]},"properties":{"id":"122258572-0","name":""}},
{"type":"Feature","geometry":{"type":"LineString","coordinates":[[10.721827,59.963158],[10.72181,59.963225],[10.721803,59.963279],[10.721796,59.963427],[10.721789,59.963692],[10.72179,59.963952],[10.721789,59.963997]]},"properties":{"id":"127239944-0","name":"Sognsvannsveien"}},
{"type":"Feature","geometry":{"type":"LineString","coordinates":[[10.721789,59.963997],[10.721785,59.964303],[10.72177,59.964721],[10.721764,59.964836]]},"properties":{"id":"127239944-1","name":"Sognsvannsveien"}},
{"type":"Feature","geometry":{"type":"LineString","coordinates":[[10.725621,59.945232],[10.725629,59.945286],[10.725664,59.945334],[10.725728,59.945378],[10.725761,59.94539],[10.725867,59.945426],[10.725917,59.945475],[10.725921,59.945634],[10.725893,59.945787],[10.725851,59.945919]]},"properties":{"id":"130420850-0","name":""}},
{"type":"Feature","geometry":{"type":"LineString","coordinates":[[10.725851,59.945919],[10.725795,59.9461],[10.725751,59.946334],[10.725708,59.946584],[10.725685,59.94666]]},"properties":{"id":"130420850-1","name":""}},
{"type":"Feature","geometry":{"type":"LineString","coordinates":[[10.721938,59.942875],[10.721886,59.942885],[10.72185,59.942889],[10.721813,59.942892],[10.721763,59.942884],[10.72173,59.942869],[10.721707,59.942852],[10.721675,59.942818],[10.721452,59.94269],[10.721322,59.942611]]},"properties":{"id":"130426886-0","name":"Henrik Mohns plass"}},
{"type":"Feature","geometry":{"type":"LineString","coordinates":[[10.721322,59.942611],[10.720923,59.942368],[10.720903,59.942347],[10.720907,59.942323],[10.720936,59.942299],[10.720957,59.94229],[10.721005,59.942271]]},"properties":{"id":"130426886-1","name":"Henrik Mohns plass"}},
{"type":"Feature","geometry":{"type":"LineString","coordinates":[[10.721322,59.942611],[10.720825,59.942805],[10.720745,59.942836],[10.720622,59.942883],[10.720453,59.942869],[10.720357,59.942859],[10.72026,59.94286],[10.720151,59.942896],[10.720076,59.942901],[10.72,59.942877],[10.719845,59.942787]]},"properties":{"id":"130426894-0","name":""}},
{"type":"Feature","geometry":{"type":"LineString","coordinates":[[10.750882,59.956137],[10.750927,59.956164],[10.750932,59.956191],[10.750896,59.956312],[10.750881,59.956354]]},"properties":{"id":"130738286-0","name":"Havnabakken"}},
{"type":"Feature","geometry":{"type":"LineString","coordinates":[[10.763056,59.943197],[10.763161,59.94319],[10.763592,59.943164]]},"properties":{"id":"131487480-0","name":""}},
{"type":"Feature","geometry":{"type":"LineString","coordinates":[[10.73202,59.948595],[10.732099,59.948486],[10.732219,59.948369],[10.732333,59.948256],[10.732424,59.948134],[10.732462,59.948093],[10.732507,59.94801],[10.732514,59.947922]]},"properties":{"id":"133355765-0","name":"Sognsveien"}},
{"type":"Feature","geometry":{"type":"LineString","coordinates":[[10.722475,59.943269],[10.722486,59.943294],[10.722513,59.943315],[10.722735,59.943417],[10.722994,59.943525],[10.72314,59.943579],[10.723277,59.943628],[10.723448,59.943677],[10.723559,59.943708]]},"properties":{"id":"134084777-0","name":"Tyrihansveien"}},
{"type":"Feature","geometry":{"type":"LineString","coordinates":[[10.723559,59.943708],[10.723653,59.943734],[10.723911,59.9438],[10.724823,59.944025]]},"properties":{"id":"134084777-1","name":"Tyrihansveien"}},
{"type":"Feature","geometry":{"type":"LineString","coordinates":[[10.732983,59.944091],[10.733114,59.944154],[10.733292,59.944269]]},"properties":{"id":"134084826-0","name":"Bergsalléen"}},
{"type":"Feature","geometry":{"type":"LineString","coordinates":[[10.733292,59.944269],[10.73378,59.944598],[10.733907,59.9447]]},"properties":{"id":"134084827-0","name":"Bergsalléen"}},
{"type":"Feature","geometry":{"type":"LineString","coordinates":[[10.733907,59.9447],[10.734472,59.945148]]},"properties":{"id":"134084827-1","name":"Bergsalléen"}},
{"type":"Feature","geometry":{"type":"LineString","coordinates":[[10.734472,59.945148],[10.734853,59.945458],[10.735222,59.945724]]},"properties":{"id":"134084827-2","name":"Bergsalléen"}},
{"type":"Feature","geometry":{"type":"LineString","coordinates":[[10.735222,59.945724],[10.735372,59.945833],[10.735828,59.946175],[10.735989,59.946295]]},"properties":{"id":"134084827-3","name":"Bergsalléen"}},
{"type":"Feature","geometry":{"type":"LineString","coordinates":[[10.735989,59.946295],[10.736035,59.946329],[10.736361,59.946572],[10.736512,59.946683],[10.736757,59.946866]]},"properties":{"id":"134084827-4","name":"Bergsalléen"}},
{"type":"Feature","geometry":{"type":"LineString","coordinates":[[10.736757,59.946866],[10.736889,59.946964],[10.737528,59.947436]]},"properties":{"id":"134084827-5","name":"Bergsalléen"}},
{"type":"Feature","geometry":{"type":"LineString","coordinates":[[10.742545,59.94986],[10.74163,59.94975]]},"properties":{"id":"135333737-0","name":""}},
{"type":"Feature","geometry":{"type":"LineString","coordinates":[[10.74163,59.94975],[10.741619,59.949749],[10.74177,59.949289]]},"properties":{"id":"135333737-1","name":""}},
{"type":"Feature","geometry":{"type":"LineString","coordinates":[[10.742365,59.950285],[10.742246,59.95033],[10.741968,59.950391],[10.741871,59.950356],[10.741724,59.950301],[10.741635,59.950162],[10.741787,59.949852]]},"properties":{"id":"135333738-0","name":""}},
{"type":"Feature","geometry":{"type":"LineString","coordinates":[[10.73778,59.947662],[10.737647,59.947703],[10.737255,59.947812]]},"properties":{"id":"135339564-0","name":""}},
{"type":"Feature","geometry":{"type":"LineString","coordinates":[[10.749116,59.944476],[10.748893,59.944506],[10.748758,59.944518],[10.748667,59.944515],[10.748484,59.944451]]},"properties":{"id":"135343990-0","name":"Biskop Heuchs vei"}},
{"type":"Feature","geometry":{"type":"LineString","coordinates":[[10.7404,59.951545],[10.740487,59.951567],[10.7406,59.951594],[10.740744,59.951622],[10.740902,59.951648],[10.741204,59.951683],[10.741283,59.95169]]},"properties":{"id":"135343995-0","name":"Kaj Munks vei"}},
{"type":"Feature","geometry":{"type":"LineString","coordinates":[[10.741283,59.95169],[10.74162,59.951722],[10.742526,59.951801],[10.742932,59.951833]]},"properties":{"id":"135343995-1","name":"Kaj Munks vei"}},
{"type":"Feature","geometry":{"type":"LineString","coordinates":[[10.742932,59.951833],[10.743359,59.951867],[10.743574,59.951888],[10.74439,59.951952],[10.744584,59.951968]]},"properties":{"id":"135343995-2","name":"Kaj Munks vei"}},
{"type":"Feature","geometry":{"type":"LineString","coordinates":[[10.744584,59.951968],[10.745356,59.952031],[10.746235,59.952105]]},"properties":{"id":"135343995-3","name":"Kaj Munks vei"}},
{"type":"Feature","geometry":{"type":"LineString","coordinates":[[10.746235,59.952105],[10.747867,59.952241],[10.747886,59.952243]]},"properties":{"id":"135343995-4","name":"Kaj Munks vei"}},
{"type":"Feature","geometry":{"type":"LineString","coordinates":[[10.747886,59.952243],[10.748691,59.952322],[10.74952,59.952423]]},"properties":{"id":"135343995-5","name":"Kaj Munks vei"}},
{"type":"Feature","geometry":{"type":"LineString","coordinates":[[10.751094,59.952717],[10.751367,59.952781],[10.751614,59.952836],[10.751804,59.952883],[10.751983,59.952918],[10.752136,59.952944],[10.752311,59.952971],[10.752414,59.952984]]},"properties":{"id":"135343997-0","name":"Kaj Munks vei"}},
{"type":"Feature","geometry":{"type":"LineString","coordinates":[[10.752414,59.952984],[10.752501,59.952996],[10.75284,59.953026],[10.75312,59.953051],[10.753623,59.953089],[10.753822,59.953104]]},"properties":{"id":"135343997-1","name":"Kaj Munks vei"}},
{"type":"Feature","geometry":{"type":"LineString","coordinates":[[10.753822,59.953104],[10.754039,59.95312],[10.754416,59.953141],[10.755218,59.953181],[10.755241,59.953181]]},"properties":{"id":"135343997-2","name":"Kaj Munks vei"}},
{"type":"Feature","geometry":{"type":"LineString","coordinates":[[10.755241,59.953181],[10.756473,59.953232],[10.756665,59.953237]]},"properties":{"id":"135343997-3","name":"Kaj Munks vei"}},
{"type":"Feature","geometry":{"type":"LineString","coordinates":[[10.756665,59.953237],[10.757187,59.95325],[10.757483,59.953258]]},"properties":{"id":"135343997-4","name":"Kaj Munks vei"}},
{"type":"Feature","geometry":{"type":"LineString","coordinates":[[10.72275,59.948261],[10.722816,59.948328],[10.722869,59.948397],[10.722905,59.948464]]},"properties":{"id":"135343999-0","name":"Klaus Torgårds vei"}},
{"type":"Feature","geometry":{"type":"LineString","coordinates":[[10.751095,59.951469],[10.751132,59.951386],[10.751139,59.951361],[10.751156,59.951274],[10.75115,59.95119],[10.751119,59.951102],[10.751085,59.951009]]},"properties":{"id":"135344005-0","name":"Nordbergveien"}},
{"type":"Feature","geometry":{"type":"LineString","coordinates":[[10.750433,59.952644],[10.750335,59.952702],[10.750269,59.95275],[10.750223,59.952795],[10.750199,59.952816],[10.750101,59.952857]]},"properties":{"id":"135344007-0","name":"Nordbergveien"}},
{"type":"Feature","geometry":{"type":"LineString","coordinates":[[10.748748,59.945269],[10.748688,59.945178],[10.74847,59.944575],[10.748484,59.944451]]},"properties":{"id":"135344010-0","name":"Tåsenveien"}},
{"type":"Feature","geometry":{"type":"LineString","coordinates":[[10.751085,59.951009],[10.750997,59.950785],[10.750967,59.950717],[10.750936,59.950659],[10.750889,59.950578],[10.75073,59.950313],[10.75064,59.950186]]},"properties":{"id":"135344011-0","name":"Tåsenveien"}},
{"type":"Feature","geometry":{"type":"LineString","coordinates":[[10.75064,59.950186],[10.750606,59.950134],[10.75057,59.950077],[10.750521,59.949979],[10.750491,59.949906],[10.750435,59.949764],[10.750378,59.949623],[10.750312,59.949445]]},"properties":{"id":"135344011-1","name":"Tåsenveien"}},
{"type":"Feature","geometry":{"type":"LineString","coordinates":[[10.750312,59.949445],[10.750219,59.949191],[10.750126,59.948947],[10.750108,59.948898],[10.750032,59.948697]]},"properties":{"id":"135344011-2","name":"Tåsenveien"}},
{"type":"Feature","geometry":{"type":"LineString","coordinates":[[10.750032,59.948697],[10.749969,59.948538]]},"properties":{"id":"135344011-3","name":"Tåsenveien"}},
{"type":"Feature","geometry":{"type":"LineString","coordinates":[[10.749969,59.948538],[10.74987,59.948295],[10.749745,59.947974],[10.749716,59.947902]]},"properties":{"id":"135344011-4","name":"Tåsenveien"}},
{"type":"Feature","geometry":{"type":"LineString","coordinates":[[10.749716,59.947902],[10.749587,59.947577],[10.749518,59.947403]]},"properties":{"id":"135344011-5","name":"Tåsenveien"}},
{"type":"Feature","geometry":{"type":"LineString","coordinates":[[10.749518,59.947403],[10.74949,59.947332],[10.74944,59.947196],[10.749335,59.946924]]},"properties":{"id":"135344011-6","name":"Tåsenveien"}},
{"type":"Feature","geometry":{"type":"LineString","coordinates":[[10.749335,59.946924],[10.74915,59.946445]]},"properties":{"id":"135344011-7","name":"Tåsenveien"}},
{"type":"Feature","geometry":{"type":"LineString","coordinates":[[10.74915,59.946445],[10.749121,59.946368],[10.748931,59.945858]]},"properties":{"id":"135344011-8","name":"Tåsenveien"}},
{"type":"Feature","geometry":{"type":"LineString","coordinates":[[10.748931,59.945858],[10.748917,59.945819],[10.748766,59.94543],[10.748749,59.945355],[10.748748,59.945269]]},"properties":{"id":"135344011-9","name":"Tåsenveien"}},
{"type":"Feature","geometry":{"type":"LineString","coordinates":[[10.748484,59.944451],[10.748583,59.944563],[10.748798,59.945168],[10.748748,59.945269]]},"properties":{"id":"135344014-0","name":"Tåsenveien"}},
{"type":"Feature","geometry":{"type":"LineString","coordinates":[[10.749834,59.941307],[10.749804,59.94136],[10.749766,59.941422],[10.749635,59.941617],[10.749418,59.941931]]},"properties":{"id":"135344015-0","name":"Uelands gate"}},
{"type":"Feature","geometry":{"type":"LineString","coordinates":[[10.749418,59.941931],[10.749141,59.942333],[10.74899,59.942553]]},"properties":{"id":"135344015-1","name":"Uelands gate"}},
{"type":"Feature","geometry":{"type":"LineString","coordinates":[[10.74899,59.942553],[10.748563,59.943175]]},"properties":{"id":"135344015-2","name":"Uelands gate"}},
{"type":"Feature","geometry":{"type":"LineString","coordinates":[[10.723647,59.948683],[10.723638,59.948696],[10.723643,59.948706],[10.723682,59.948727],[10.723728,59.94874],[10.723777,59.948741],[10.72383,59.948732],[10.723867,59.948706],[10.723929,59.948631],[10.72394,59.948584],[10.723936,59.948564],[10.723909,59.948541],[10.7238,59.94849]]},"properties":{"id":"135344017-0","name":""}},
{"type":"Feature","geometry":{"type":"LineString","coordinates":[[10.7238,59.94849],[10.723626,59.948411],[10.723545,59.94837]]},"properties":{"id":"135344017-1","name":""}},
{"type":"Feature","geometry":{"type":"LineString","coordinates":[[10.723545,59.94837],[10.723401,59.948311],[10.723367,59.948229]]},"properties":{"id":"135344017-2","name":""}},
{"type":"Feature","geometry":{"type":"LineString","coordinates":[[10.748441,59.944334],[10.748394,59.944217],[10.748358,59.944129],[10.748344,59.944087],[10.748341,59.944078],[10.748324,59.944028],[10.748314,59.943989],[10.748306,59.943942],[10.748302,59.943899],[10.7483,59.943854]]},"properties":{"id":"135344028-0","name":"Uelands gate"}},
{"type":"Feature","geometry":{"type":"LineString","coordinates":[[10.723545,59.94837],[10.724016,59.948134],[10.724233,59.948119],[10.724496,59.948131]]},"properties":{"id":"135344069-0","name":""}},
{"type":"Feature","geometry":{"type":"LineString","coordinates":[[10.720373,59.947089],[10.720473,59.947253]]},"properties":{"id":"135344081-0","name":""}},
{"type":"Feature","geometry":{"type":"LineString","coordinates":[[10.725355,59.948161],[10.724496,59.948131]]},"properties":{"id":"135344082-0","name":""}},
{"type":"Feature","geometry":{"type":"LineString","coordinates":[[10.720544,59.947151],[10.720917,59.947213],[10.720945,59.947267],[10.720891,59.947342]]},"properties":{"id":"135344104-0","name":""}},
{"type":"Feature","geometry":{"type":"LineString","coordinates":[[10.739645,59.950979],[10.739663,59.950934],[10.739665,59.950902],[10.739666,59.950889]]},"properties":{"id":"135344105-0","name":""}},
{"type":"Feature","geometry":{"type":"LineString","coordinates":[[10.722905,59.948464],[10.722778,59.94842],[10.722668,59.948368],[10.722555,59.948318]]},"properties":{"id":"140953256-0","name":"Klaus Torgårds vei"}},
{"type":"Feature","geometry":{"type":"LineString","coordinates":[[10.763715,59.95826],[10.763744,59.958344],[10.76379,59.958447],[10.763955,59.958785]]},"properties":{"id":"140953257-0","name":"Maridalsveien"}},
{"type":"Feature","geometry":{"type":"LineString","coordinates":[[10.763955,59.958785],[10.763987,59.958851],[10.764089,59.959068],[10.764142,59.959202],[10.764174,59.959313]]},"properties":{"id":"140953257-1","name":"Maridalsveien"}},
{"type":"Feature","geometry":{"type":"LineString","coordinates":[[10.746798,59.958344],[10.747067,59.958489],[10.747218,59.958571],[10.747371,59.958656],[10.747452,59.958706],[10.747535,59.958744]]},"properties":{"id":"147089172-0","name":"Nilserudkleiva"}},
{"type":"Feature","geometry":{"type":"LineString","coordinates":[[10.747535,59.958744],[10.747509,59.958858],[10.747494,59.958946],[10.747475,59.959022],[10.747421,59.95911],[10.747362,59.959187],[10.747345,59.959261],[10.747346,59.959325],[10.7474,59.959416],[10.747487,59.959487]]},"properties":{"id":"147089172-1","name":"Nilserudkleiva"}},
{"type":"Feature","geometry":{"type":"LineString","coordinates":[[10.747487,59.959487],[10.747595,59.959539],[10.747856,59.95964],[10.748112,59.959739]]},"properties":{"id":"147089172-2","name":"Nilserudkleiva"}},
{"type":"Feature","geometry":{"type":"LineString","coordinates":[[10.748112,59.959739],[10.748087,59.959805],[10.748092,59.959908],[10.748057,59.960004],[10.747977,59.960143],[10.747865,59.96033]]},"properties":{"id":"147089172-3","name":"Nilserudkleiva"}},
{"type":"Feature","geometry":{"type":"LineString","coordinates":[[10.747865,59.96033],[10.747857,59.960342],[10.7478,59.960445],[10.747771,59.960532],[10.747769,59.9606],[10.747783,59.960672],[10.747809,59.960738],[10.747856,59.960828],[10.747915,59.960922]]},"properties":{"id":"147089172-4","name":"Nilserudkleiva"}},
{"type":"Feature","geometry":{"type":"LineString","coordinates":[[10.747915,59.960922],[10.747946,59.960972],[10.747985,59.961046],[10.748176,59.961582]]},"properties":{"id":"147089172-5","name":"Nilserudkleiva"}},
{"type":"Feature","geometry":{"type":"LineString","coordinates":[[10.748176,59.961582],[10.748258,59.962049]]},"properties":{"id":"147089172-6","name":"Nilserudkleiva"}},
{"type":"Feature","geometry":{"type":"LineString","coordinates":[[10.748258,59.962049],[10.748292,59.962242],[10.748286,59.962517]]},"properties":{"id":"147089172-7","name":"Nilserudkleiva"}},
{"type":"Feature","geometry":{"type":"LineString","coordinates":[[10.748286,59.962517],[10.748159,59.963053],[10.748021,59.963256],[10.747961,59.963314]]},"properties":{"id":"147089172-8","name":"Nilserudkleiva"}},
{"type":"Feature","geometry":{"type":"LineString","coordinates":[[10.747961,59.963314],[10.747687,59.963577],[10.747523,59.963758],[10.747375,59.964073]]},"properties":{"id":"147089172-9","name":"Nilserudkleiva"}},
{"type":"Feature","geometry":{"type":"LineString","coordinates":[[10.7451,59.961311],[10.745085,59.961271],[10.744848,59.960675],[10.744846,59.960561]]},"properties":{"id":"147089177-0","name":""}},
{"type":"Feature","geometry":{"type":"LineString","coordinates":[[10.754767,59.951651],[10.754894,59.951736],[10.755324,59.952019],[10.755542,59.952163]]},"properties":{"id":"147687354-0","name":"Bergrådveien"}},
{"type":"Feature","geometry":{"type":"LineString","coordinates":[[10.755542,59.952163],[10.755912,59.952407],[10.756321,59.952674]]},"properties":{"id":"147687354-1","name":"Bergrådveien"}},
{"type":"Feature","geometry":{"type":"LineString","coordinates":[[10.756321,59.952674],[10.756676,59.952906],[10.756791,59.953011],[10.756829,59.953033],[10.756876,59.953042],[10.757227,59.953047]]},"properties":{"id":"147687354-2","name":"Bergrådveien"}},
{"type":"Feature","geometry":{"type":"LineString","coordinates":[[10.754863,59.942048],[10.755004,59.942055],[10.755122,59.942048]]},"properties":{"id":"147978320-0","name":"Sarpsborggata"}},
{"type":"Feature","geometry":{"type":"LineString","coordinates":[[10.755122,59.942048],[10.755007,59.942104]]},"properties":{"id":"147978320-1","name":"Sarpsborggata"}},
{"type":"Feature","geometry":{"type":"LineString","coordinates":[[10.755007,59.942104],[10.754854,59.942189]]},"properties":{"id":"147978320-2","name":"Sarpsborggata"}},
{"type":"Feature","geometry":{"type":"LineString","coordinates":[[10.746628,59.958254],[10.746798,59.958344]]},"properties":{"id":"147986613-0","name":"Nilserudkleiva"}},
{"type":"Feature","geometry":{"type":"LineString","coordinates":[[10.74625,59.958017],[10.746334,59.958087],[10.746628,59.958254]]},"properties":{"id":"147986614-0","name":"Nilserudkleiva"}},
{"type":"Feature","geometry":{"type":"LineString","coordinates":[[10.732812,59.958066],[10.732985,59.958072],[10.733341,59.958084],[10.733651,59.958092],[10.734009,59.958101],[10.734172,59.958104]]},"properties":{"id":"147986615-0","name":"Nordbergveien"}},
{"type":"Feature","geometry":{"type":"LineString","coordinates":[[10.734172,59.958104],[10.734188,59.958104],[10.734621,59.958112],[10.734706,59.958113],[10.735086,59.95812],[10.7353,59.958124],[10.735457,59.958127],[10.735559,59.958129],[10.735568,59.958129]]},"properties":{"id":"147986615-1","name":"Nordbergveien"}},
{"type":"Feature","geometry":{"type":"LineString","coordinates":[[10.735568,59.958129],[10.735637,59.958131],[10.735732,59.958132],[10.735968,59.958137],[10.736127,59.958139],[10.736214,59.958141],[10.736964,59.958157]]},"properties":{"id":"147986615-2","name":"Nordbergveien"}},
{"type":"Feature","geometry":{"type":"LineString","coordinates":[[10.736964,59.958157],[10.737005,59.958158],[10.737195,59.958162],[10.73836,59.958187]]},"properties":{"id":"147986615-3","name":"Nordbergveien"}},
{"type":"Feature","geometry":{"type":"LineString","coordinates":[[10.73836,59.958187],[10.739136,59.958202],[10.739833,59.958213],[10.740065,59.958208]]},"properties":{"id":"147986615-4","name":"Nordbergveien"}},
{"type":"Feature","geometry":{"type":"LineString","coordinates":[[10.7496,59.944447],[10.749644,59.944518],[10.749664,59.94455],[10.749886,59.944723]]},"properties":{"id":"148123425-0","name":"Carl Grøndahls vei"}},
{"type":"Feature","geometry":{"type":"LineString","coordinates":[[10.749886,59.944723],[10.750737,59.945373]]},"properties":{"id":"148123425-1","name":"Carl Grøndahls vei"}},
{"type":"Feature","geometry":{"type":"LineString","coordinates":[[10.750737,59.945373],[10.751022,59.945591],[10.751337,59.94583],[10.751528,59.94604]]},"properties":{"id":"148123425-2","name":"Carl Grøndahls vei"}},
{"type":"Feature","geometry":{"type":"LineString","coordinates":[[10.751528,59.94604],[10.751867,59.946523]]},"properties":{"id":"148123425-3","name":"Carl Grøndahls vei"}},
{"type":"Feature","geometry":{"type":"LineString","coordinates":[[10.751867,59.946523],[10.752016,59.946736],[10.75219,59.947009]]},"properties":{"id":"148123425-4","name":"Carl Grøndahls vei"}},
{"type":"Feature","geometry":{"type":"LineString","coordinates":[[10.75219,59.947009],[10.752327,59.947204],[10.752524,59.947486],[10.752593,59.947585]]},"properties":{"id":"148123425-5","name":"Carl Grøndahls vei"}},
{"type":"Feature","geometry":{"type":"LineString","coordinates":[[10.752593,59.947585],[10.752825,59.947918],[10.752972,59.948128],[10.752995,59.948162]]},"properties":{"id":"148123425-6","name":"Carl Grøndahls vei"}},
{"type":"Feature","geometry":{"type":"LineString","coordinates":[[10.752995,59.948162],[10.753052,59.948325],[10.753113,59.948722]]},"properties":{"id":"148123425-7","name":"Carl Grøndahls vei"}},
{"type":"Feature","geometry":{"type":"LineString","coordinates":[[10.753113,59.948722],[10.753156,59.949004],[10.753198,59.949284]]},"properties":{"id":"148123425-8","name":"Carl Grøndahls vei"}},
{"type":"Feature","geometry":{"type":"LineString","coordinates":[[10.753198,59.949284],[10.753355,59.949372],[10.753423,59.949394],[10.753674,59.94948],[10.753989,59.949529],[10.754403,59.949578],[10.754667,59.949637]]},"properties":{"id":"148123425-9","name":"Carl Grøndahls vei"}},
{"type":"Feature","geometry":{"type":"LineString","coordinates":[[10.741015,59.963005],[10.741031,59.963073],[10.741035,59.963253]]},"properties":{"id":"148388397-0","name":"Koll aveny"}},
{"type":"Feature","geometry":{"type":"LineString","coordinates":[[10.729451,59.961257],[10.728957,59.961228],[10.728613,59.96121]]},"properties":{"id":"149811250-0","name":""}},
{"type":"Feature","geometry":{"type":"LineString","coordinates":[[10.729511,59.961401],[10.729456,59.961458],[10.729391,59.961497],[10.729322,59.961518],[10.7293,59.961562],[10.729294,59.961623],[10.72929,59.961657]]},"properties":{"id":"149811251-0","name":""}},
{"type":"Feature","geometry":{"type":"LineString","coordinates":[[10.7523,59.96285],[10.752298,59.962867],[10.75228,59.962992],[10.752273,59.963111],[10.752263,59.963181],[10.752223,59.963343],[10.752187,59.963423],[10.75211,59.963475],[10.752001,59.963526],[10.751824,59.963597],[10.751782,59.963625]]},"properties":{"id":"150569192-0","name":""}},
{"type":"Feature","geometry":{"type":"LineString","coordinates":[[10.755954,59.964054],[10.755958,59.964009],[10.755952,59.963978]]},"properties":{"id":"156426234-0","name":"Øvre Langås vei"}},
{"type":"Feature","geometry":{"type":"LineString","coordinates":[[10.755952,59.963978],[10.755947,59.96391],[10.755966,59.963757],[10.755991,59.963559],[10.755995,59.963527],[10.756015,59.963405]]},"properties":{"id":"156426234-1","name":"Øvre Langås vei"}},
{"type":"Feature","geometry":{"type":"LineString","coordinates":[[10.756015,59.963405],[10.756047,59.963218],[10.756064,59.963087],[10.756072,59.962973],[10.75606,59.962898],[10.756067,59.962833]]},"properties":{"id":"156426234-2","name":"Øvre Langås vei"}},
{"type":"Feature","geometry":{"type":"LineString","coordinates":[[10.758065,59.957614],[10.757759,59.957709],[10.757593,59.957728],[10.757523,59.95773],[10.757356,59.957717],[10.75704,59.957672]]},"properties":{"id":"156426237-0","name":""}},
{"type":"Feature","geometry":{"type":"LineString","coordinates":[[10.754127,59.961358],[10.754093,59.961397],[10.753983,59.961457],[10.753657,59.961664],[10.753544,59.961749]]},"properties":{"id":"156500122-0","name":"Havnabakken"}},
{"type":"Feature","geometry":{"type":"LineString","coordinates":[[10.753544,59.961749],[10.753363,59.961883],[10.753115,59.962099],[10.753017,59.962159]]},"properties":{"id":"156500122-1","name":"Havnabakken"}},
{"type":"Feature","geometry":{"type":"LineString","coordinates":[[10.753017,59.962159],[10.753078,59.962192],[10.753109,59.962228],[10.753103,59.96227],[10.753072,59.9623],[10.753028,59.962315],[10.752968,59.96232],[10.752912,59.962316],[10.752873,59.962307],[10.752851,59.962295],[10.752829,59.962278],[10.752819,59.962254],[10.752826,59.962222],[10.75285,59.962202],[10.752892,59.962175],[10.752957,59.96216],[10.753017,59.962159]]},"properties":{"id":"156500122-2","name":"Havnabakken"}},
{"type":"Feature","geometry":{"type":"LineString","coordinates":[[10.76426,59.950412],[10.764244,59.950371],[10.764131,59.950164],[10.763135,59.950225],[10.762989,59.950255]]},"properties":{"id":"159391335-0","name":""}},
{"type":"Feature","geometry":{"type":"LineString","coordinates":[[10.761042,59.958909],[10.761003,59.958609],[10.761065,59.958466],[10.761155,59.95838],[10.761308,59.958278],[10.761396,59.958219],[10.761416,59.958187],[10.76143,59.958147],[10.761426,59.958098]]},"properties":{"id":"159535034-0","name":"Korsvollbakken"}},
{"type":"Feature","geometry":{"type":"LineString","coordinates":[[10.762787,59.958937],[10.762864,59.958967],[10.763486,59.959159],[10.763564,59.959221]]},"properties":{"id":"159535094-0","name":""}},
{"type":"Feature","geometry":{"type":"LineString","coordinates":[[10.746302,59.964575],[10.746383,59.964557],[10.746537,59.964524],[10.746702,59.964508],[10.747257,59.964508]]},"properties":{"id":"160266355-0","name":"Langmyrgrenda"}},
{"type":"Feature","geometry":{"type":"LineString","coordinates":[[10.747257,59.964508],[10.747581,59.964509],[10.747706,59.964511],[10.747811,59.964536],[10.747932,59.964605],[10.74797,59.964719]]},"properties":{"id":"160266355-1","name":"Langmyrgrenda"}},
{"type":"Feature","geometry":{"type":"LineString","coordinates":[[10.742988,59.95923],[10.742135,59.959041]]},"properties":{"id":"160416190-0","name":""}},
{"type":"Feature","geometry":{"type":"LineString","coordinates":[[10.734925,59.961411],[10.734046,59.962087]]},"properties":{"id":"160458426-0","name":"Sognsveien"}},
{"type":"Feature","geometry":{"type":"LineString","coordinates":[[10.734046,59.962087],[10.734015,59.962111],[10.733825,59.962288],[10.733738,59.962409],[10.733683,59.962523],[10.733658,59.96262],[10.733655,59.962712],[10.733686,59.962852]]},"properties":{"id":"160458426-1","name":"Sognsveien"}},
{"type":"Feature","geometry":{"type":"LineString","coordinates":[[10.733686,59.962852],[10.733736,59.96296],[10.733842,59.963129],[10.734053,59.963475]]},"properties":{"id":"160458426-2","name":"Sognsveien"}},
{"type":"Feature","geometry":{"type":"LineString","coordinates":[[10.734053,59.963475],[10.734111,59.963567],[10.734184,59.963736],[10.734228,59.96388],[10.734237,59.963933]]},"properties":{"id":"160458426-3","name":"Sognsveien"}},
{"type":"Feature","geometry":{"type":"LineString","coordinates":[[10.734237,59.963933],[10.734251,59.964019],[10.73426,59.964135],[10.734255,59.964256],[10.734235,59.964401]]},"properties":{"id":"160458426-4","name":"Sognsveien"}},
{"type":"Feature","geometry":{"type":"LineString","coordinates":[[10.734925,59.961411],[10.734953,59.96136],[10.734972,59.961337],[10.735055,59.961232]]},"properties":{"id":"160458427-0","name":"Sognsveien"}},
{"type":"Feature","geometry":{"type":"LineString","coordinates":[[10.735334,59.961169],[10.735522,59.961194],[10.735568,59.9612],[10.735647,59.96122]]},"properties":{"id":"160459175-0","name":"Carl Kjelsens vei"}},
{"type":"Feature","geometry":{"type":"LineString","coordinates":[[10.735647,59.96122],[10.735704,59.961245]]},"properties":{"id":"160459175-1","name":"Carl Kjelsens vei"}},
{"type":"Feature","geometry":{"type":"LineString","coordinates":[[10.735704,59.961245],[10.735629,59.961245]]},"properties":{"id":"160459176-0","name":"Carl Kjelsens vei"}},
{"type":"Feature","geometry":{"type":"LineString","coordinates":[[10.735629,59.961245],[10.73556,59.961244],[10.735517,59.961244],[10.735337,59.961251]]},"properties":{"id":"160459176-1","name":"Carl Kjelsens vei"}},
{"type":"Feature","geometry":{"type":"LineString","coordinates":[[10.734777,59.960993],[10.734625,59.960914],[10.734548,59.960874],[10.734454,59.960824],[10.734359,59.960768],[10.734276,59.960715],[10.73419,59.960648],[10.734091,59.96056],[10.733852,59.960331]]},"properties":{"id":"160459177-0","name":"Sognsveien"}},
{"type":"Feature","geometry":{"type":"LineString","coordinates":[[10.733852,59.960331],[10.733662,59.960149],[10.733287,59.959788],[10.733193,59.959695],[10.733116,59.959605]]},"properties":{"id":"160459177-1","name":"Sognsveien"}},
{"type":"Feature","geometry":{"type":"LineString","coordinates":[[10.733116,59.959605],[10.733052,59.959534],[10.732998,59.95946],[10.732944,59.959383],[10.732897,59.959306],[10.732852,59.959212],[10.732813,59.95911],[10.732787,59.95902],[10.73276,59.958913],[10.732754,59.958848]]},"properties":{"id":"160459177-2","name":"Sognsveien"}},
{"type":"Feature","geometry":{"type":"LineString","coordinates":[[10.732754,59.958848],[10.732749,59.958805],[10.732743,59.958709],[10.732751,59.958603],[10.732768,59.958472],[10.732794,59.958306],[10.732809,59.958182],[10.732814,59.95812],[10.732812,59.958066]]},"properties":{"id":"160459177-3","name":"Sognsveien"}},
{"type":"Feature","geometry":{"type":"LineString","coordinates":[[10.732812,59.958066],[10.732811,59.957967],[10.732803,59.957792],[10.732803,59.957579],[10.732801,59.957454],[10.732801,59.957425]]},"properties":{"id":"160459177-4","name":"Sognsveien"}},
{"type":"Feature","geometry":{"type":"LineString","coordinates":[[10.732801,59.957425],[10.732801,59.957312],[10.732791,59.957186],[10.732775,59.957042],[10.732745,59.956905],[10.732717,59.956786]]},"properties":{"id":"160459177-5","name":"Sognsveien"}},
{"type":"Feature","geometry":{"type":"LineString","coordinates":[[10.732717,59.956786],[10.732688,59.956692],[10.732654,59.956587],[10.732586,59.956427],[10.732521,59.9563],[10.732443,59.956176],[10.732384,59.956099]]},"properties":{"id":"160459177-6","name":"Sognsveien"}},
{"type":"Feature","geometry":{"type":"LineString","coordinates":[[10.732384,59.956099],[10.732358,59.956066],[10.73227,59.955965],[10.732182,59.955874],[10.732056,59.95576],[10.731933,59.955667],[10.731806,59.955575],[10.731674,59.955489]]},"properties":{"id":"160459177-7","name":"Sognsveien"}},
{"type":"Feature","geometry":{"type":"LineString","coordinates":[[10.731674,59.955489],[10.731568,59.955427],[10.731386,59.955318]]},"properties":{"id":"160459177-8","name":"Sognsveien"}},
{"type":"Feature","geometry":{"type":"LineString","coordinates":[[10.731386,59.955318],[10.731232,59.955232],[10.731078,59.955147],[10.730904,59.955056],[10.730629,59.954915],[10.730413,59.954812],[10.730151,59.95469]]},"properties":{"id":"160459177-9","name":"Sognsveien"}},
{"type":"Feature","geometry":{"type":"LineString","coordinates":[[10.730151,59.95469],[10.728861,59.954089]]},"properties":{"id":"160459177-10","name":"Sognsveien"}},
{"type":"Feature","geometry":{"type":"LineString","coordinates":[[10.728861,59.954089],[10.728791,59.954057],[10.72848,59.953909],[10.728218,59.953789],[10.728095,59.953729],[10.727986,59.953676],[10.727862,59.953605],[10.727755,59.953536],[10.727643,59.953456]]},"properties":{"id":"160459177-11","name":"Sognsveien"}},
{"type":"Feature","geometry":{"type":"LineString","coordinates":[[10.727643,59.953456],[10.727547,59.953374],[10.727448,59.953267],[10.727371,59.953163],[10.727303,59.953055],[10.727292,59.953033]]},"properties":{"id":"160459177-12","name":"Sognsveien"}},
{"type":"Feature","geometry":{"type":"LineString","coordinates":[[10.727292,59.953033],[10.727266,59.952982],[10.727232,59.952873],[10.727211,59.952764],[10.727213,59.952668],[10.72722,59.952577]]},"properties":{"id":"160459177-13","name":"Sognsveien"}},
{"type":"Feature","geometry":{"type":"LineString","coordinates":[[10.72722,59.952577],[10.727238,59.952504],[10.727264,59.952424],[10.727297,59.952346],[10.727342,59.952267],[10.727387,59.952185],[10.727432,59.952114]]},"properties":{"id":"160459177-14","name":"Sognsveien"}},
{"type":"Feature","geometry":{"type":"LineString","coordinates":[[10.727432,59.952114],[10.727469,59.952052],[10.727491,59.951994],[10.727499,59.951926],[10.727499,59.951869],[10.727483,59.951812],[10.727458,59.951761],[10.727426,59.951706]]},"properties":{"id":"160459177-15","name":"Sognsveien"}},
{"type":"Feature","geometry":{"type":"LineString","coordinates":[[10.734777,59.960993],[10.73493,59.961027],[10.735033,59.96107],[10.735187,59.961134]]},"properties":{"id":"160459178-0","name":"Sognsveien"}},
{"type":"Feature","geometry":{"type":"LineString","coordinates":[[10.730281,59.960245],[10.730646,59.960253],[10.731077,59.960269],[10.73143,59.960282],[10.731801,59.960304],[10.731861,59.960315]]},"properties":{"id":"160464683-0","name":"Storkenebbveien"}},
{"type":"Feature","geometry":{"type":"LineString","coordinates":[[10.731861,59.960315],[10.73208,59.960355],[10.732337,59.960447],[10.732631,59.960598],[10.732933,59.960801],[10.733,59.960846]]},"properties":{"id":"160464683-1","name":"Storkenebbveien"}},
{"type":"Feature","geometry":{"type":"LineString","coordinates":[[10.733,59.960846],[10.733182,59.960967],[10.733275,59.961063],[10.733325,59.961177],[10.73331,59.961249],[10.733265,59.961331],[10.733164,59.961412],[10.732958,59.961447],[10.732844,59.961461]]},"properties":{"id":"160464683-2","name":"Storkenebbveien"}},
{"type":"Feature","geometry":{"type":"LineString","coordinates":[[10.732844,59.961461],[10.73278,59.961468],[10.732562,59.961455],[10.73212,59.961401],[10.731758,59.961358],[10.731473,59.961313],[10.731382,59.961236]]},"properties":{"id":"160464683-3","name":"Storkenebbveien"}},
{"type":"Feature","geometry":{"type":"LineString","coordinates":[[10.737917,59.959365],[10.737283,59.959335],[10.737179,59.959327],[10.737137,59.959319],[10.737112,59.959308],[10.737101,59.959299],[10.737099,59.959285],[10.737114,59.959168],[10.737151,59.958989],[10.737164,59.958924]]},"properties":{"id":"161097606-0","name":"Krokusveien"}},
{"type":"Feature","geometry":{"type":"LineString","coordinates":[[10.719598,59.960967],[10.719787,59.961063],[10.720071,59.961209],[10.720562,59.961444],[10.720674,59.961497],[10.72084,59.961582]]},"properties":{"id":"161495287-0","name":"Sognsvannsveien"}},
{"type":"Feature","geometry":{"type":"LineString","coordinates":[[10.72084,59.961582],[10.721098,59.961715],[10.721219,59.961777],[10.721392,59.961873],[10.721497,59.961939],[10.721623,59.962027],[10.721689,59.962085],[10.72175,59.962147],[10.721778,59.962184],[10.721811,59.962234],[10.721836,59.962286]]},"properties":{"id":"161495287-1","name":"Sognsvannsveien"}},
{"type":"Feature","geometry":{"type":"LineString","coordinates":[[10.721836,59.962286],[10.72185,59.962314],[10.721867,59.962378],[10.721889,59.962558],[10.72189,59.96268],[10.721879,59.962833],[10.721827,59.963158]]},"properties":{"id":"161495287-2","name":"Sognsvannsveien"}},
{"type":"Feature","geometry":{"type":"LineString","coordinates":[[10.755378,59.942034],[10.756375,59.941982]]},"properties":{"id":"163859227-0","name":"Sarpsborggata"}},
{"type":"Feature","geometry":{"type":"LineString","coordinates":[[10.756375,59.941982],[10.75665,59.941967],[10.757371,59.94193]]},"properties":{"id":"163859227-1","name":"Sarpsborggata"}},
{"type":"Feature","geometry":{"type":"LineString","coordinates":[[10.757371,59.94193],[10.758434,59.94189]]},"properties":{"id":"163859227-2","name":"Sarpsborggata"}},
{"type":"Feature","geometry":{"type":"LineString","coordinates":[[10.758434,59.94189],[10.758897,59.941872],[10.759376,59.941846],[10.759495,59.94184]]},"properties":{"id":"163859227-3","name":"Sarpsborggata"}},
{"type":"Feature","geometry":{"type":"LineString","coordinates":[[10.764361,59.94892],[10.764442,59.949319],[10.764475,59.94948]]},"properties":{"id":"168246399-0","name":"Nydalsveien"}},
{"type":"Feature","geometry":{"type":"LineString","coordinates":[[10.764475,59.94948],[10.764491,59.949556],[10.76453,59.949741],[10.764539,59.949766],[10.764559,59.949789],[10.764591,59.949806],[10.764649,59.949819],[10.764739,59.949827],[10.764778,59.949831]]},"properties":{"id":"168246399-1","name":"Nydalsveien"}},
{"type":"Feature","geometry":{"type":"LineString","coordinates":[[10.764171,59.948122],[10.764196,59.948224],[10.764207,59.948271],[10.764303,59.948634],[10.764346,59.948844],[10.764361,59.94892]]},"properties":{"id":"168246401-0","name":"Nydalsveien"}},
{"type":"Feature","geometry":{"type":"LineString","coordinates":[[10.755122,59.942048],[10.755141,59.942011],[10.755165,59.941991],[10.755169,59.941977],[10.755189,59.941843]]},"properties":{"id":"178414482-0","name":""}},
{"type":"Feature","geometry":{"type":"LineString","coordinates":[[10.735055,59.961232],[10.735049,59.961212],[10.735053,59.961193]]},"properties":{"id":"178853337-0","name":""}},
{"type":"Feature","geometry":{"type":"LineString","coordinates":[[10.735053,59.961193],[10.735071,59.961171],[10.735102,59.961153],[10.735141,59.96114],[10.735187,59.961134]]},"properties":{"id":"178853341-0","name":""}},
{"type":"Feature","geometry":{"type":"LineString","coordinates":[[10.735219,59.961288],[10.735176,59.961287],[10.735135,59.961281],[10.735099,59.961268],[10.735072,59.961252],[10.735055,59.961232]]},"properties":{"id":"178853343-0","name":""}},
{"type":"Feature","geometry":{"type":"LineString","coordinates":[[10.739552,59.951279],[10.7395,59.951257],[10.739458,59.95123],[10.739428,59.951199],[10.739411,59.951166],[10.739407,59.951132],[10.739417,59.951098],[10.739441,59.951066],[10.739477,59.951037],[10.739525,59.951012]]},"properties":{"id":"178853345-0","name":"Kaj Munks vei"}},
{"type":"Feature","geometry":{"type":"LineString","coordinates":[[10.722595,59.946817],[10.722546,59.946849],[10.722475,59.946873],[10.722394,59.946886],[10.722305,59.946885]]},"properties":{"id":"178853348-0","name":""}},
{"type":"Feature","geometry":{"type":"LineString","coordinates":[[10.72794,59.951537],[10.727768,59.951606],[10.727662,59.951638],[10.727544,59.951672],[10.727426,59.951706]]},"properties":{"id":"183072062-0","name":"Sognsveien"}},
{"type":"Feature","geometry":{"type":"LineString","coordinates":[[10.727354,59.951625],[10.727611,59.951576],[10.72773,59.951558],[10.72794,59.951537]]},"properties":{"id":"183072065-0","name":"Sognsveien"}},
{"type":"Feature","geometry":{"type":"LineString","coordinates":[[10.729892,59.949681],[10.729944,59.949695],[10.730017,59.949714],[10.729602,59.950073]]},"properties":{"id":"183072095-0","name":""}},
{"type":"Feature","geometry":{"type":"LineString","coordinates":[[10.729602,59.950073],[10.729086,59.950538]]},"properties":{"id":"183072095-1","name":""}},
{"type":"Feature","geometry":{"type":"LineString","coordinates":[[10.764337,59.959754],[10.764377,59.959846],[10.76441,59.959923],[10.764474,59.960069],[10.764555,59.960232],[10.764583,59.960289],[10.764626,59.960367],[10.764699,59.960498],[10.764734,59.960561],[10.764769,59.960625]]},"properties":{"id":"183557641-0","name":"Maridalsveien"}},
{"type":"Feature","geometry":{"type":"LineString","coordinates":[[10.764769,59.960625],[10.765077,59.961198],[10.765083,59.961208]]},"properties":{"id":"183557641-1","name":"Maridalsveien"}},
{"type":"Feature","geometry":{"type":"LineString","coordinates":[[10.765083,59.961208],[10.765165,59.961363],[10.765295,59.961609],[10.765329,59.961699],[10.76535,59.961796]]},"properties":{"id":"183557641-2","name":"Maridalsveien"}},
{"type":"Feature","geometry":{"type":"LineString","coordinates":[[10.76535,59.961796],[10.765373,59.961965],[10.76538,59.962008]]},"properties":{"id":"183557641-3","name":"Maridalsveien"}},
{"type":"Feature","geometry":{"type":"LineString","coordinates":[[10.76538,59.962008],[10.765392,59.96209],[10.765401,59.96222]]},"properties":{"id":"183557641-4","name":"Maridalsveien"}},
{"type":"Feature","geometry":{"type":"LineString","coordinates":[[10.765401,59.96222],[10.76541,59.96226],[10.765422,59.962299],[10.765464,59.962381],[10.76549,59.962423],[10.7655,59.962439],[10.76554,59.962492],[10.765547,59.962501],[10.765613,59.962572],[10.765691,59.962639],[10.765764,59.962698]]},"properties":{"id":"183557641-5","name":"Maridalsveien"}},
{"type":"Feature","geometry":{"type":"LineString","coordinates":[[10.765764,59.962698],[10.765958,59.962854],[10.766146,59.963],[10.766197,59.96304],[10.766234,59.96307],[10.766314,59.963144],[10.766374,59.96322],[10.76642,59.96328],[10.76644,59.963308]]},"properties":{"id":"183557641-6","name":"Maridalsveien"}},
{"type":"Feature","geometry":{"type":"LineString","coordinates":[[10.76644,59.963308],[10.766461,59.963347],[10.766493,59.963422],[10.766523,59.963494],[10.76655,59.963577],[10.766574,59.963692],[10.76658,59.963738],[10.766595,59.963871],[10.7666,59.963967]]},"properties":{"id":"183557641-7","name":"Maridalsveien"}},
{"type":"Feature","geometry":{"type":"LineString","coordinates":[[10.7666,59.963967],[10.766605,59.964068],[10.766607,59.964114],[10.766611,59.964365],[10.766589,59.964633]]},"properties":{"id":"183557641-8","name":"Maridalsveien"}},
{"type":"Feature","geometry":{"type":"LineString","coordinates":[[10.765388,59.962855],[10.765442,59.962882],[10.765449,59.962917],[10.765416,59.96296],[10.765442,59.96299],[10.765509,59.963047]]},"properties":{"id":"183559330-0","name":""}},
{"type":"Feature","geometry":{"type":"LineString","coordinates":[[10.76508,59.963073],[10.765162,59.963094],[10.765334,59.963141],[10.765377,59.963169],[10.765391,59.963196],[10.765472,59.963253],[10.765515,59.963267],[10.765552,59.963271],[10.765711,59.963226]]},"properties":{"id":"183559331-0","name":""}},
{"type":"Feature","geometry":{"type":"LineString","coordinates":[[10.761958,59.949265],[10.762145,59.949235],[10.762246,59.949218],[10.762362,59.949176],[10.762442,59.949118],[10.762478,59.949071],[10.762484,59.949051],[10.762492,59.949022],[10.762456,59.948876]]},"properties":{"id":"185874759-0","name":""}},
{"type":"Feature","geometry":{"type":"LineString","coordinates":[[10.762456,59.948876],[10.762435,59.948793],[10.762408,59.9487],[10.762376,59.948649],[10.762332,59.948612],[10.762283,59.94857],[10.762219,59.948509],[10.762201,59.948441],[10.762218,59.94836]]},"properties":{"id":"185874759-1","name":""}},
{"type":"Feature","geometry":{"type":"LineString","coordinates":[[10.752216,59.949659],[10.752495,59.949857],[10.752553,59.949853],[10.753126,59.949675],[10.753235,59.949613]]},"properties":{"id":"204685934-0","name":""}},
{"type":"Feature","geometry":{"type":"LineString","coordinates":[[10.738527,59.963865],[10.73857,59.963529],[10.73908,59.963507]]},"properties":{"id":"204859671-0","name":""}},
{"type":"Feature","geometry":{"type":"LineString","coordinates":[[10.73908,59.963507],[10.739376,59.963494],[10.739524,59.963933]]},"properties":{"id":"204859671-1","name":""}},
{"type":"Feature","geometry":{"type":"LineString","coordinates":[[10.766476,59.946422],[10.766655,59.946612],[10.767077,59.947058]]},"properties":{"id":"219232920-0","name":""}},
{"type":"Feature","geometry":{"type":"LineString","coordinates":[[10.766488,59.955802],[10.766477,59.955848],[10.766444,59.955919]]},"properties":{"id":"229098856-0","name":"Gjerdrums vei"}},
{"type":"Feature","geometry":{"type":"LineString","coordinates":[[10.747855,59.943083],[10.747835,59.9431],[10.747804,59.943113],[10.747778,59.943118],[10.747753,59.943119]]},"properties":{"id":"229451995-0","name":"Tåsenveien"}},
{"type":"Feature","geometry":{"type":"LineString","coordinates":[[10.749659,59.955687],[10.749437,59.955801],[10.749373,59.955856],[10.749254,59.956001],[10.749187,59.956076]]},"properties":{"id":"239124429-0","name":"Havnabakken"}},
{"type":"Feature","geometry":{"type":"LineString","coordinates":[[10.749187,59.956076],[10.749148,59.956121],[10.749028,59.956098],[10.748775,59.956071],[10.748373,59.955985]]},"properties":{"id":"239124429-1","name":"Havnabakken"}},
{"type":"Feature","geometry":{"type":"LineString","coordinates":[[10.723248,59.952675],[10.723653,59.952638]]},"properties":{"id":"249337366-0","name":"Piaplassen"}},
{"type":"Feature","geometry":{"type":"LineString","coordinates":[[10.723653,59.952638],[10.723328,59.952528]]},"properties":{"id":"249337366-1","name":"Piaplassen"}},
{"type":"Feature","geometry":{"type":"LineString","coordinates":[[10.723328,59.952528],[10.723286,59.952603]]},"properties":{"id":"249337366-2","name":"Piaplassen"}},
{"type":"Feature","geometry":{"type":"LineString","coordinates":[[10.723286,59.952603],[10.723248,59.952675]]},"properties":{"id":"249337366-3","name":"Piaplassen"}},
{"type":"Feature","geometry":{"type":"LineString","coordinates":[[10.731414,59.944333],[10.731527,59.94431],[10.732028,59.944205],[10.732414,59.944118]]},"properties":{"id":"254689323-0","name":"Eventyrveien"}},
{"type":"Feature","geometry":{"type":"LineString","coordinates":[[10.732414,59.944118],[10.732627,59.944064],[10.732754,59.944054],[10.732983,59.944091]]},"properties":{"id":"254689323-1","name":"Eventyrveien"}},
{"type":"Feature","geometry":{"type":"LineString","coordinates":[[10.723964,59.948939],[10.723894,59.948902],[10.72379,59.948856],[10.723673,59.948807],[10.723403,59.948698]]},"properties":{"id":"254689325-0","name":"Klaus Torgårds vei"}},
{"type":"Feature","geometry":{"type":"LineString","coordinates":[[10.723403,59.948698],[10.723088,59.94856],[10.722986,59.94851],[10.722905,59.948464]]},"properties":{"id":"254689325-1","name":"Klaus Torgårds vei"}},
{"type":"Feature","geometry":{"type":"LineString","coordinates":[[10.727426,59.951706],[10.727394,59.951667],[10.727354,59.951625]]},"properties":{"id":"254689327-0","name":"Sognsveien"}},
{"type":"Feature","geometry":{"type":"LineString","coordinates":[[10.732734,59.947458],[10.732753,59.947536],[10.732765,59.947587],[10.732785,59.9477],[10.732815,59.947759]]},"properties":{"id":"254689329-0","name":"Sognsveien"}},
{"type":"Feature","geometry":{"type":"LineString","coordinates":[[10.722626,59.946454],[10.722665,59.946518],[10.722656,59.946591],[10.722611,59.946698]]},"properties":{"id":"254689347-0","name":"Problemveien"}},
{"type":"Feature","geometry":{"type":"LineString","coordinates":[[10.722366,59.946611],[10.722447,59.946569],[10.722514,59.946536],[10.722564,59.946482],[10.722626,59.946454]]},"properties":{"id":"254689350-0","name":"Problemveien"}},
{"type":"Feature","geometry":{"type":"LineString","coordinates":[[10.737377,59.949871],[10.737277,59.949942],[10.737199,59.949975],[10.73707,59.949961],[10.736599,59.949876]]},"properties":{"id":"268230656-0","name":""}},
{"type":"Feature","geometry":{"type":"LineString","coordinates":[[10.736599,59.949876],[10.736482,59.949855],[10.736518,59.949806],[10.736611,59.949682],[10.736756,59.949488]]},"properties":{"id":"268230656-1","name":""}},
{"type":"Feature","geometry":{"type":"LineString","coordinates":[[10.737588,59.949988],[10.737516,59.950061],[10.737451,59.950157]]},"properties":{"id":"268230660-0","name":""}},
{"type":"Feature","geometry":{"type":"LineString","coordinates":[[10.73183,59.949364],[10.731966,59.949444],[10.732069,59.949488],[10.732466,59.949637]]},"properties":{"id":"268230661-0","name":""}},
{"type":"Feature","geometry":{"type":"LineString","coordinates":[[10.738584,59.950396],[10.738472,59.950452],[10.738442,59.950475],[10.738219,59.950797],[10.738123,59.950794],[10.738062,59.950793],[10.73783,59.95075]]},"properties":{"id":"268230662-0","name":""}},
{"type":"Feature","geometry":{"type":"LineString","coordinates":[[10.731197,59.950344],[10.732555,59.950725]]},"properties":{"id":"275617374-0","name":"Nils Bays vei"}},
{"type":"Feature","geometry":{"type":"LineString","coordinates":[[10.732555,59.950725],[10.732613,59.950741],[10.73284,59.950814],[10.733109,59.95095],[10.733583,59.951296]]},"properties":{"id":"275617374-1","name":"Nils Bays vei"}},
{"type":"Feature","geometry":{"type":"LineString","coordinates":[[10.733583,59.951296],[10.733663,59.951355],[10.734265,59.951766]]},"properties":{"id":"275617374-2","name":"Nils Bays vei"}},
{"type":"Feature","geometry":{"type":"LineString","coordinates":[[10.734265,59.951766],[10.734977,59.952194]]},"properties":{"id":"275617374-3","name":"Nils Bays vei"}},
{"type":"Feature","geometry":{"type":"LineString","coordinates":[[10.734977,59.952194],[10.735614,59.952547]]},"properties":{"id":"275617374-4","name":"Nils Bays vei"}},
{"type":"Feature","geometry":{"type":"LineString","coordinates":[[10.735614,59.952547],[10.735752,59.95263],[10.735955,59.952719],[10.736376,59.952859],[10.736595,59.952915],[10.736836,59.952951],[10.737022,59.952966]]},"properties":{"id":"275617374-5","name":"Nils Bays vei"}},
{"type":"Feature","geometry":{"type":"LineString","coordinates":[[10.737022,59.952966],[10.737499,59.953003],[10.737708,59.953011],[10.737858,59.953018],[10.738691,59.953024]]},"properties":{"id":"275617374-6","name":"Nils Bays vei"}},
{"type":"Feature","geometry":{"type":"LineString","coordinates":[[10.738691,59.953024],[10.738752,59.953024],[10.739702,59.95302],[10.740367,59.953023]]},"properties":{"id":"275617374-7","name":"Nils Bays vei"}},
{"type":"Feature","geometry":{"type":"LineString","coordinates":[[10.740367,59.953023],[10.742043,59.953031]]},"properties":{"id":"275617374-8","name":"Nils Bays vei"}},
{"type":"Feature","geometry":{"type":"LineString","coordinates":[[10.742043,59.953031],[10.742172,59.953032],[10.743719,59.95303]]},"properties":{"id":"275617374-9","name":"Nils Bays vei"}},
{"type":"Feature","geometry":{"type":"LineString","coordinates":[[10.743719,59.95303],[10.744452,59.95303]]},"properties":{"id":"275617374-10","name":"Nils Bays vei"}},
{"type":"Feature","geometry":{"type":"LineString","coordinates":[[10.72866,59.952374],[10.729273,59.952519]]},"properties":{"id":"275617375-0","name":"Rolf E. Stenersens allé"}},
{"type":"Feature","geometry":{"type":"LineString","coordinates":[[10.729273,59.952519],[10.729344,59.952564],[10.729771,59.952983]]},"properties":{"id":"275617375-1","name":"Rolf E. Stenersens allé"}},
{"type":"Feature","geometry":{"type":"LineString","coordinates":[[10.729771,59.952983],[10.73025,59.953453]]},"properties":{"id":"275617375-2","name":"Rolf E. Stenersens allé"}},
{"type":"Feature","geometry":{"type":"LineString","coordinates":[[10.73025,59.953453],[10.730513,59.953687]]},"properties":{"id":"275617375-3","name":"Rolf E. Stenersens allé"}},
{"type":"Feature","geometry":{"type":"LineString","coordinates":[[10.729511,59.961401],[10.729485,59.96133],[10.729451,59.961257]]},"properties":{"id":"275626730-0","name":"Flesåstunet"}},
{"type":"Feature","geometry":{"type":"LineString","coordinates":[[10.729451,59.961257],[10.729516,59.961176],[10.729661,59.961023]]},"properties":{"id":"275626730-1","name":"Flesåstunet"}},
{"type":"Feature","geometry":{"type":"LineString","coordinates":[[10.729661,59.961023],[10.72987,59.960936],[10.730117,59.960807],[10.730297,59.96066],[10.73039,59.960537]]},"properties":{"id":"275626730-2","name":"Flesåstunet"}},
{"type":"Feature","geometry":{"type":"LineString","coordinates":[[10.7629,59.941567],[10.762735,59.941665]]},"properties":{"id":"285079286-0","name":"Maridalsveien"}},
{"type":"Feature","geometry":{"type":"LineString","coordinates":[[10.762735,59.941665],[10.762764,59.941833],[10.762768,59.941851],[10.762789,59.941972],[10.762858,59.942283],[10.762871,59.942376]]},"properties":{"id":"285079286-1","name":"Maridalsveien"}},
{"type":"Feature","geometry":{"type":"LineString","coordinates":[[10.762871,59.942376],[10.762929,59.942652],[10.76294,59.942712],[10.762949,59.942749],[10.763056,59.943197]]},"properties":{"id":"285079286-2","name":"Maridalsveien"}},
{"type":"Feature","geometry":{"type":"LineString","coordinates":[[10.763056,59.943197],[10.763114,59.943551],[10.763112,59.943606],[10.763089,59.943647]]},"properties":{"id":"285079286-3","name":"Maridalsveien"}},
{"type":"Feature","geometry":{"type":"LineString","coordinates":[[10.737451,59.950157],[10.737164,59.950535],[10.737032,59.950515]]},"properties":{"id":"292841757-0","name":""}},
{"type":"Feature","geometry":{"type":"LineString","coordinates":[[10.737032,59.950515],[10.736908,59.950495],[10.73662,59.950442],[10.736343,59.950392],[10.73614,59.950357]]},"properties":{"id":"292841757-1","name":""}},
{"type":"Feature","geometry":{"type":"LineString","coordinates":[[10.73614,59.950357],[10.736288,59.950168]]},"properties":{"id":"292841757-2","name":""}},
{"type":"Feature","geometry":{"type":"LineString","coordinates":[[10.750302,59.952424],[10.75039,59.952416],[10.750478,59.952425],[10.750552,59.95245],[10.750573,59.952467]]},"properties":{"id":"293028107-0","name":"Tåsenkrysset"}},
{"type":"Feature","geometry":{"type":"LineString","coordinates":[[10.750573,59.952467],[10.750601,59.952488]]},"properties":{"id":"293028107-1","name":"Tåsenkrysset"}},
{"type":"Feature","geometry":{"type":"LineString","coordinates":[[10.750162,59.952553],[10.750039,59.952529],[10.749885,59.952502],[10.749827,59.952492],[10.74952,59.952423]]},"properties":{"id":"293028108-0","name":"Kaj Munks vei"}},
{"type":"Feature","geometry":{"type":"LineString","coordinates":[[10.732857,59.947794],[10.733051,59.947775],[10.733172,59.947771],[10.733322,59.94777],[10.733491,59.947774],[10.733624,59.947785],[10.733769,59.947805],[10.73391,59.947839],[10.734045,59.947892],[10.734414,59.948085]]},"properties":{"id":"293163171-0","name":""}},
{"type":"Feature","geometry":{"type":"LineString","coordinates":[[10.734414,59.948085],[10.735205,59.948499],[10.73565,59.94873]]},"properties":{"id":"293163171-1","name":""}},
{"type":"Feature","geometry":{"type":"LineString","coordinates":[[10.73565,59.94873],[10.7357,59.948756],[10.736248,59.949094],[10.736708,59.949449]]},"properties":{"id":"293163171-2","name":""}},
{"type":"Feature","geometry":{"type":"LineString","coordinates":[[10.750617,59.952527],[10.750708,59.95257],[10.750804,59.952607],[10.750855,59.952622],[10.750942,59.952645],[10.751027,59.952671],[10.751094,59.952717]]},"properties":{"id":"294883026-0","name":"Kaj Munks vei"}},
{"type":"Feature","geometry":{"type":"LineString","coordinates":[[10.765431,59.951093],[10.765842,59.950534]]},"properties":{"id":"297781371-0","name":"Gullhaug torg"}},
{"type":"Feature","geometry":{"type":"LineString","coordinates":[[10.765842,59.950534],[10.765914,59.950438],[10.765916,59.950183],[10.766071,59.949958]]},"properties":{"id":"297781371-1","name":"Gullhaug torg"}},
{"type":"Feature","geometry":{"type":"LineString","coordinates":[[10.763802,59.947271],[10.76386,59.947343],[10.763953,59.947466],[10.763989,59.94752],[10.764028,59.947593],[10.764053,59.947651],[10.764075,59.947718],[10.764111,59.947874],[10.764149,59.948028],[10.764171,59.948122]]},"properties":{"id":"297781373-0","name":"Nydalsveien"}},
{"type":"Feature","geometry":{"type":"LineString","coordinates":[[10.763665,59.946921],[10.763715,59.946933],[10.763756,59.946952],[10.763783,59.946976],[10.763796,59.947003],[10.763791,59.947031]]},"properties":{"id":"297781374-0","name":""}},
{"type":"Feature","geometry":{"type":"LineString","coordinates":[[10.763559,59.947099],[10.763519,59.947091],[10.763484,59.947078],[10.763456,59.947061],[10.763436,59.947042]]},"properties":{"id":"297781375-0","name":""}},
{"type":"Feature","geometry":{"type":"LineString","coordinates":[[10.764275,59.946846],[10.764428,59.946808],[10.764638,59.94675],[10.764833,59.946697]]},"properties":{"id":"297781376-0","name":"Kristoffer Aamots gate"}},
{"type":"Feature","geometry":{"type":"LineString","coordinates":[[10.722402,59.94813],[10.722459,59.948109],[10.722517,59.948099],[10.722579,59.948098],[10.722639,59.948105]]},"properties":{"id":"310271178-0","name":""}},
{"type":"Feature","geometry":{"type":"LineString","coordinates":[[10.74952,59.952423],[10.749855,59.952435],[10.749915,59.952438],[10.750084,59.952448],[10.75022,59.952452]]},"properties":{"id":"311012189-0","name":"Kaj Munks vei"}},
{"type":"Feature","geometry":{"type":"LineString","coordinates":[[10.751094,59.952717],[10.750985,59.952713],[10.750889,59.9527],[10.7508,59.952681],[10.750709,59.952662],[10.750636,59.952652],[10.750497,59.952632]]},"properties":{"id":"311012190-0","name":"Kaj Munks vei"}},
{"type":"Feature","geometry":{"type":"LineString","coordinates":[[10.750101,59.952857],[10.750115,59.952804],[10.750134,59.952776],[10.750148,59.952755],[10.750171,59.952713],[10.750187,59.952662],[10.750188,59.952588]]},"properties":{"id":"311012199-0","name":"Nordbergveien"}},
{"type":"Feature","geometry":{"type":"LineString","coordinates":[[10.750619,59.952207],[10.750618,59.952284],[10.750598,59.952336],[10.750586,59.952403],[10.750573,59.952467]]},"properties":{"id":"311012200-0","name":"Nordbergveien"}},
{"type":"Feature","geometry":{"type":"LineString","coordinates":[[10.759103,59.953273],[10.759534,59.953278],[10.759933,59.95329]]},"properties":{"id":"311542611-0","name":"Kaj Munks vei"}},
{"type":"Feature","geometry":{"type":"LineString","coordinates":[[10.759933,59.95329],[10.760231,59.953285],[10.760349,59.953288],[10.7605,59.953272],[10.760632,59.953257]]},"properties":{"id":"311542612-0","name":"Kaj Munks vei"}},
{"type":"Feature","geometry":{"type":"LineString","coordinates":[[10.7404,59.951545],[10.740238,59.951517],[10.740169,59.951496],[10.740054,59.951454],[10.739988,59.951424],[10.739838,59.951356],[10.739719,59.951309]]},"properties":{"id":"311542613-0","name":"Kaj Munks vei"}},
{"type":"Feature","geometry":{"type":"LineString","coordinates":[[10.759103,59.953273],[10.758831,59.953297],[10.758727,59.953307],[10.758612,59.953319],[10.758464,59.953335]]},"properties":{"id":"311542614-0","name":"Kaj Munks vei"}},
{"type":"Feature","geometry":{"type":"LineString","coordinates":[[10.758174,59.953328],[10.758081,59.953318],[10.75795,59.953305],[10.757833,59.953298],[10.757771,59.953294],[10.757483,59.953258]]},"properties":{"id":"311542615-0","name":"Kaj Munks vei"}},
{"type":"Feature","geometry":{"type":"LineString","coordinates":[[10.757483,59.953258],[10.757758,59.953229],[10.757841,59.953227],[10.757976,59.953224],[10.758094,59.953217],[10.758187,59.95321]]},"properties":{"id":"311542616-0","name":"Kaj Munks vei"}},
{"type":"Feature","geometry":{"type":"LineString","coordinates":[[10.760826,59.953767],[10.760819,59.95388],[10.760809,59.954012],[10.760814,59.954075]]},"properties":{"id":"311542617-0","name":"Maridalsveien"}},
{"type":"Feature","geometry":{"type":"LineString","coordinates":[[10.760814,59.954075],[10.760823,59.954135]]},"properties":{"id":"311542617-1","name":"Maridalsveien"}},
{"type":"Feature","geometry":{"type":"LineString","coordinates":[[10.760912,59.952917],[10.760977,59.953014],[10.760986,59.953063],[10.760992,59.953102],[10.760996,59.953174],[10.76101,59.95325]]},"properties":{"id":"311542618-0","name":"Maridalsveien"}},
{"type":"Feature","geometry":{"type":"LineString","coordinates":[[10.76071,59.953224],[10.760767,59.95316],[10.760799,59.953107],[10.760814,59.953072]]},"properties":{"id":"311542619-0","name":"Maridalsveien"}},
{"type":"Feature","geometry":{"type":"LineString","coordinates":[[10.760814,59.953072],[10.760819,59.953061],[10.760837,59.953012],[10.760912,59.952917]]},"properties":{"id":"311542619-1","name":"Maridalsveien"}},
{"type":"Feature","geometry":{"type":"LineString","coordinates":[[10.760826,59.953767],[10.760786,59.953665],[10.760773,59.95362],[10.760765,59.953572],[10.76074,59.953501],[10.760713,59.953441]]},"properties":{"id":"311542620-0","name":"Maridalsveien"}},
{"type":"Feature","geometry":{"type":"LineString","coordinates":[[10.739789,59.950884],[10.739849,59.950934],[10.739916,59.950995]]},"properties":{"id":"311542622-0","name":""}},
{"type":"Feature","geometry":{"type":"LineString","coordinates":[[10.721692,59.941279],[10.721692,59.94129],[10.721681,59.941322],[10.721675,59.941331],[10.721637,59.941384],[10.721578,59.941425],[10.7215,59.941465],[10.721251,59.941573],[10.720897,59.941724],[10.720889,59.941728]]},"properties":{"id":"311564275-4","name":"Problemveien"}},
{"type":"Feature","geometry":{"type":"LineString","coordinates":[[10.720889,59.941728],[10.72079,59.941781],[10.72076,59.941803],[10.720749,59.941818],[10.720698,59.941886],[10.720681,59.941955],[10.720682,59.941976],[10.720689,59.942002],[10.72073,59.942064],[10.721005,59.942271]]},"properties":{"id":"311564275-5","name":"Problemveien"}},
{"type":"Feature","geometry":{"type":"LineString","coordinates":[[10.721005,59.942271],[10.721311,59.94247],[10.721938,59.942875]]},"properties":{"id":"311564275-6","name":"Problemveien"}},
{"type":"Feature","geometry":{"type":"LineString","coordinates":[[10.721938,59.942875],[10.722032,59.942935]]},"properties":{"id":"311564275-7","name":"Problemveien"}},
{"type":"Feature","geometry":{"type":"LineString","coordinates":[[10.722032,59.942935],[10.722252,59.943074],[10.722272,59.943114],[10.72228,59.943149],[10.722262,59.943205],[10.722195,59.94326],[10.721628,59.943553]]},"properties":{"id":"311564275-8","name":"Problemveien"}},
{"type":"Feature","geometry":{"type":"LineString","coordinates":[[10.722122,59.946294],[10.722349,59.946294],[10.722438,59.946305],[10.722548,59.946329],[10.722604,59.946381],[10.722626,59.946454]]},"properties":{"id":"311564279-0","name":"Problemveien"}},
{"type":"Feature","geometry":{"type":"LineString","coordinates":[[10.75022,59.952452],[10.750258,59.952436],[10.750302,59.952424]]},"properties":{"id":"311648205-0","name":"Tåsenkrysset"}},
{"type":"Feature","geometry":{"type":"LineString","coordinates":[[10.750617,59.952527],[10.750605,59.952569],[10.750563,59.952606],[10.750497,59.952632]]},"properties":{"id":"311648206-0","name":"Tåsenkrysset"}},
{"type":"Feature","geometry":{"type":"LineString","coordinates":[[10.750162,59.952553],[10.750158,59.952526],[10.750167,59.952499],[10.750188,59.952474],[10.75022,59.952452]]},"properties":{"id":"311648207-0","name":"Tåsenkrysset"}},
{"type":"Feature","geometry":{"type":"LineString","coordinates":[[10.758174,59.953328],[10.75815,59.953305],[10.758139,59.953281],[10.758142,59.953255],[10.758158,59.953231],[10.758187,59.95321]]},"properties":{"id":"311648208-0","name":"Kaj Munks vei"}},
{"type":"Feature","geometry":{"type":"LineString","coordinates":[[10.758187,59.95321],[10.75823,59.953193],[10.75828,59.953182],[10.758335,59.95318],[10.758389,59.953185],[10.758437,59.953198],[10.758476,59.953218]]},"properties":{"id":"311648209-0","name":"Kaj Munks vei"}},
{"type":"Feature","geometry":{"type":"LineString","coordinates":[[10.750497,59.952632],[10.750433,59.952644]]},"properties":{"id":"311648210-0","name":"Tåsenkrysset"}},
{"type":"Feature","geometry":{"type":"LineString","coordinates":[[10.750433,59.952644],[10.750361,59.952645],[10.750293,59.952636],[10.750233,59.952616],[10.750188,59.952588]]},"properties":{"id":"311648210-1","name":"Tåsenkrysset"}},
{"type":"Feature","geometry":{"type":"LineString","coordinates":[[10.750188,59.952588],[10.750162,59.952553]]},"properties":{"id":"311648210-2","name":"Tåsenkrysset"}},
{"type":"Feature","geometry":{"type":"LineString","coordinates":[[10.758476,59.953218],[10.7585,59.95324],[10.758511,59.953265],[10.758493,59.953314],[10.758464,59.953335]]},"properties":{"id":"311648211-0","name":"Kaj Munks vei"}},
{"type":"Feature","geometry":{"type":"LineString","coordinates":[[10.758464,59.953335],[10.75843,59.953351],[10.758389,59.953361]]},"properties":{"id":"311648211-1","name":"Kaj Munks vei"}},
{"type":"Feature","geometry":{"type":"LineString","coordinates":[[10.739719,59.951309],[10.73966,59.951304],[10.739604,59.951294],[10.73959,59.95129],[10.739552,59.951279]]},"properties":{"id":"311648243-0","name":"Kaj Munks vei"}},
{"type":"Feature","geometry":{"type":"LineString","coordinates":[[10.740042,59.95122],[10.739998,59.951252],[10.73994,59.951278],[10.739872,59.951297],[10.739797,59.951307],[10.739719,59.951309]]},"properties":{"id":"311648252-0","name":"Kaj Munks vei"}},
{"type":"Feature","geometry":{"type":"LineString","coordinates":[[10.725638,59.954571],[10.725826,59.95473]]},"properties":{"id":"319934715-0","name":""}},
{"type":"Feature","geometry":{"type":"LineString","coordinates":[[10.724715,59.959788],[10.724988,59.959969],[10.725408,59.959845]]},"properties":{"id":"319983892-0","name":"Stjerneveien"}},
{"type":"Feature","geometry":{"type":"LineString","coordinates":[[10.725408,59.959845],[10.726217,59.959606]]},"properties":{"id":"319983892-1","name":"Stjerneveien"}},
{"type":"Feature","geometry":{"type":"LineString","coordinates":[[10.724715,59.959788],[10.725418,59.959489],[10.725705,59.959362]]},"properties":{"id":"319983893-0","name":"Plassveien"}},
{"type":"Feature","geometry":{"type":"LineString","coordinates":[[10.725705,59.959362],[10.725894,59.959279],[10.726667,59.95892]]},"properties":{"id":"319983893-1","name":"Plassveien"}},
{"type":"Feature","geometry":{"type":"LineString","coordinates":[[10.726667,59.95892],[10.727781,59.958443]]},"properties":{"id":"319983893-2","name":"Plassveien"}},
{"type":"Feature","geometry":{"type":"LineString","coordinates":[[10.729933,59.956557],[10.730005,59.956565],[10.730175,59.956591],[10.730417,59.956586]]},"properties":{"id":"320118195-0","name":""}},
{"type":"Feature","geometry":{"type":"LineString","coordinates":[[10.724323,59.953442],[10.724545,59.953455],[10.725096,59.953461]]},"properties":{"id":"320706806-0","name":"Krokusveien"}},
{"type":"Feature","geometry":{"type":"LineString","coordinates":[[10.725096,59.953461],[10.72523,59.953466],[10.72596,59.953478],[10.726008,59.953479]]},"properties":{"id":"320706806-1","name":"Krokusveien"}},
{"type":"Feature","geometry":{"type":"LineString","coordinates":[[10.726008,59.953479],[10.726084,59.95348],[10.726921,59.953492]]},"properties":{"id":"320706806-2","name":"Krokusveien"}},
{"type":"Feature","geometry":{"type":"LineString","coordinates":[[10.726921,59.953492],[10.72736,59.953497],[10.727565,59.953492]]},"properties":{"id":"320706806-3","name":"Krokusveien"}},
{"type":"Feature","geometry":{"type":"LineString","coordinates":[[10.750042,59.955867],[10.749841,59.956091],[10.749675,59.956252]]},"properties":{"id":"336602344-0","name":"Havnabakken"}},
{"type":"Feature","geometry":{"type":"LineString","coordinates":[[10.761947,59.944925],[10.761894,59.944476],[10.761918,59.944401],[10.761989,59.944349]]},"properties":{"id":"336915879-0","name":"Maridalsveien"}},
{"type":"Feature","geometry":{"type":"LineString","coordinates":[[10.762699,59.944889],[10.761947,59.944925]]},"properties":{"id":"336915880-0","name":"Maridalsveien"}},
{"type":"Feature","geometry":{"type":"LineString","coordinates":[[10.761947,59.944925],[10.761993,59.945166],[10.761754,59.945201],[10.761842,59.945592],[10.761852,59.945638]]},"properties":{"id":"336915880-1","name":"Maridalsveien"}},
{"type":"Feature","geometry":{"type":"LineString","coordinates":[[10.763411,59.94492],[10.763528,59.944933],[10.763611,59.944963],[10.763673,59.945014],[10.763776,59.945443],[10.763805,59.945579],[10.763816,59.945639]]},"properties":{"id":"336915882-0","name":"Maridalsveien"}},
{"type":"Feature","geometry":{"type":"LineString","coordinates":[[10.760961,59.952312],[10.760958,59.952391],[10.760937,59.952608],[10.760912,59.952917]]},"properties":{"id":"338680313-0","name":"Maridalsveien"}},
{"type":"Feature","geometry":{"type":"LineString","coordinates":[[10.760961,59.952312],[10.760906,59.952223],[10.760906,59.95219],[10.760907,59.952158],[10.760916,59.952127],[10.760933,59.952084],[10.760961,59.95203]]},"properties":{"id":"338680314-0","name":"Maridalsveien"}},
{"type":"Feature","geometry":{"type":"LineString","coordinates":[[10.760961,59.95203],[10.760994,59.952085],[10.761017,59.952122],[10.761025,59.952157],[10.761024,59.952191],[10.761023,59.952223],[10.760961,59.952312]]},"properties":{"id":"338680315-0","name":"Maridalsveien"}},
{"type":"Feature","geometry":{"type":"LineString","coordinates":[[10.765401,59.96222],[10.765493,59.962215],[10.765638,59.962207],[10.765636,59.962082]]},"properties":{"id":"338680368-0","name":""}},
{"type":"Feature","geometry":{"type":"LineString","coordinates":[[10.759992,59.94429],[10.759894,59.944213],[10.759843,59.944184],[10.759802,59.944164],[10.759746,59.944139],[10.759631,59.944103]]},"properties":{"id":"338693955-0","name":"Bergensgata"}},
{"type":"Feature","geometry":{"type":"LineString","coordinates":[[10.76027,59.946189],[10.76027,59.946118],[10.760268,59.946067],[10.760264,59.946023],[10.760262,59.945994],[10.760269,59.945895]]},"properties":{"id":"338693956-0","name":"Bergensgata"}},
{"type":"Feature","geometry":{"type":"LineString","coordinates":[[10.760269,59.945895],[10.760351,59.945978],[10.760379,59.94601],[10.760411,59.946048],[10.76046,59.946091],[10.760531,59.946154]]},"properties":{"id":"338693957-0","name":"Bergensgata"}},
{"type":"Feature","geometry":{"type":"LineString","coordinates":[[10.759892,59.943992],[10.759931,59.944014],[10.759968,59.944041],[10.759986,59.944068],[10.76,59.944151],[10.760007,59.944194],[10.759992,59.94429]]},"properties":{"id":"338693958-0","name":"Bergensgata"}},
{"type":"Feature","geometry":{"type":"LineString","coordinates":[[10.761002,59.946449],[10.760815,59.946411],[10.760784,59.946405],[10.760753,59.946398],[10.760697,59.946387],[10.760616,59.946373],[10.760488,59.946352]]},"properties":{"id":"338693959-0","name":"Kristoffer Aamots gate"}},
{"type":"Feature","geometry":{"type":"LineString","coordinates":[[10.760643,59.946221],[10.760751,59.946292],[10.760805,59.946327],[10.760845,59.94635],[10.76088,59.94637],[10.761002,59.946449]]},"properties":{"id":"338693960-0","name":"Kristoffer Aamots gate"}},
{"type":"Feature","geometry":{"type":"LineString","coordinates":[[10.759631,59.944103],[10.759551,59.944104],[10.759473,59.944096],[10.759401,59.944078],[10.759341,59.944051],[10.759295,59.944018]]},"properties":{"id":"338857377-0","name":""}},
{"type":"Feature","geometry":{"type":"LineString","coordinates":[[10.759295,59.944018],[10.759262,59.943967]]},"properties":{"id":"338857377-1","name":""}},
{"type":"Feature","geometry":{"type":"LineString","coordinates":[[10.759262,59.943967],[10.759261,59.943922],[10.759285,59.943878],[10.759333,59.943839]]},"properties":{"id":"338857377-2","name":""}},
{"type":"Feature","geometry":{"type":"LineString","coordinates":[[10.759333,59.943839],[10.759402,59.943808],[10.759487,59.943787],[10.759579,59.94378],[10.759672,59.943786],[10.759757,59.943806]]},"properties":{"id":"338857377-3","name":""}},
{"type":"Feature","geometry":{"type":"LineString","coordinates":[[10.760488,59.946352],[10.760458,59.946354],[10.760428,59.946354]]},"properties":{"id":"338857381-0","name":""}},
{"type":"Feature","geometry":{"type":"LineString","coordinates":[[10.760531,59.946154],[10.760581,59.946171],[10.760619,59.946193],[10.760643,59.946221]]},"properties":{"id":"338857382-0","name":""}},
{"type":"Feature","geometry":{"type":"LineString","coordinates":[[10.760242,59.946281],[10.760232,59.946258],[10.760234,59.946233],[10.760247,59.94621],[10.76027,59.946189]]},"properties":{"id":"338857384-0","name":""}},
{"type":"Feature","geometry":{"type":"LineString","coordinates":[[10.760428,59.946354],[10.760367,59.946347],[10.760312,59.946332],[10.760269,59.946309],[10.760242,59.946281]]},"properties":{"id":"338857387-0","name":""}},
{"type":"Feature","geometry":{"type":"LineString","coordinates":[[10.760643,59.946221],[10.760651,59.946249],[10.760644,59.946277],[10.760622,59.946303],[10.760587,59.946325],[10.760541,59.946342],[10.760488,59.946352]]},"properties":{"id":"338857389-0","name":""}},
{"type":"Feature","geometry":{"type":"LineString","coordinates":[[10.759757,59.943806],[10.759816,59.94383],[10.759863,59.94386],[10.759893,59.943895]]},"properties":{"id":"338857390-0","name":""}},
{"type":"Feature","geometry":{"type":"LineString","coordinates":[[10.759893,59.943895],[10.759906,59.943928],[10.759905,59.94396],[10.759892,59.943992]]},"properties":{"id":"338857390-1","name":""}},
{"type":"Feature","geometry":{"type":"LineString","coordinates":[[10.723674,59.945831],[10.723701,59.945897]]},"properties":{"id":"339912626-0","name":""}},
{"type":"Feature","geometry":{"type":"LineString","coordinates":[[10.723701,59.945897],[10.723796,59.945916],[10.723902,59.945924],[10.724077,59.945931]]},"properties":{"id":"339912626-1","name":""}},
{"type":"Feature","geometry":{"type":"LineString","coordinates":[[10.723701,59.945897],[10.723654,59.945939],[10.723632,59.945954],[10.72353,59.946025],[10.723203,59.946258]]},"properties":{"id":"339912627-0","name":""}},
{"type":"Feature","geometry":{"type":"LineString","coordinates":[[10.763436,59.947042],[10.763331,59.947015],[10.763275,59.947003],[10.763215,59.946993],[10.763188,59.946989],[10.763134,59.94698],[10.762961,59.946936]]},"properties":{"id":"343742026-0","name":"Kristoffer Aamots gate"}},
{"type":"Feature","geometry":{"type":"LineString","coordinates":[[10.762961,59.946936],[10.763177,59.946934],[10.763244,59.946939],[10.763301,59.946942],[10.763375,59.946942],[10.763489,59.946939]]},"properties":{"id":"343742027-0","name":"Kristoffer Aamots gate"}},
{"type":"Feature","geometry":{"type":"LineString","coordinates":[[10.763665,59.946921],[10.763767,59.946911],[10.763856,59.9469],[10.76392,59.946889],[10.763983,59.946878],[10.764166,59.946858],[10.764275,59.946846]]},"properties":{"id":"343742028-0","name":"Kristoffer Aamots gate"}},
{"type":"Feature","geometry":{"type":"LineString","coordinates":[[10.764275,59.946846],[10.764191,59.946883],[10.764041,59.946949],[10.763986,59.946964],[10.763927,59.94698],[10.763855,59.947003],[10.763791,59.947031]]},"properties":{"id":"343742029-0","name":"Kristoffer Aamots gate"}},
{"type":"Feature","geometry":{"type":"LineString","coordinates":[[10.763802,59.947271],[10.763735,59.947233],[10.763698,59.947199],[10.763675,59.947178],[10.763637,59.947149],[10.763559,59.947099]]},"properties":{"id":"343742030-0","name":"Nydalsveien"}},
{"type":"Feature","geometry":{"type":"LineString","coordinates":[[10.763755,59.947068],[10.76376,59.947114],[10.763772,59.947161],[10.763782,59.947184],[10.763795,59.947218],[10.763802,59.947271]]},"properties":{"id":"343742031-0","name":"Nydalsveien"}},
{"type":"Feature","geometry":{"type":"LineString","coordinates":[[10.763791,59.947031],[10.763778,59.94705],[10.763755,59.947068]]},"properties":{"id":"343751481-0","name":""}},
{"type":"Feature","geometry":{"type":"LineString","coordinates":[[10.763436,59.947042],[10.763427,59.947024],[10.763425,59.947005],[10.763431,59.946986],[10.763444,59.946969],[10.763463,59.946953],[10.763489,59.946939]]},"properties":{"id":"343751483-0","name":""}},
{"type":"Feature","geometry":{"type":"LineString","coordinates":[[10.763755,59.947068],[10.76373,59.947081],[10.7637,59.947091],[10.763667,59.947098],[10.763631,59.947102],[10.763595,59.947102],[10.763559,59.947099]]},"properties":{"id":"343751484-0","name":""}},
{"type":"Feature","geometry":{"type":"LineString","coordinates":[[10.733006,59.94805],[10.732969,59.948027],[10.732896,59.947986],[10.732846,59.94795],[10.732743,59.947935]]},"properties":{"id":"347237857-0","name":""}},
{"type":"Feature","geometry":{"type":"LineString","coordinates":[[10.730238,59.95014],[10.730678,59.949841]]},"properties":{"id":"347271998-0","name":"Sognsveien"}},
{"type":"Feature","geometry":{"type":"LineString","coordinates":[[10.730238,59.95014],[10.730192,59.950212],[10.730153,59.950241],[10.730089,59.950286],[10.729963,59.950329]]},"properties":{"id":"347271999-0","name":"Sognsveien"}},
{"type":"Feature","geometry":{"type":"LineString","coordinates":[[10.729963,59.950329],[10.730012,59.950258],[10.730077,59.950214],[10.730121,59.950184],[10.730238,59.95014]]},"properties":{"id":"347272000-0","name":"Sognsveien"}},
{"type":"Feature","geometry":{"type":"LineString","coordinates":[[10.735334,59.961169],[10.735352,59.961189],[10.735359,59.96121],[10.735353,59.961231],[10.735337,59.961251]]},"properties":{"id":"348727540-0","name":""}},
{"type":"Feature","geometry":{"type":"LineString","coordinates":[[10.735337,59.961251],[10.735311,59.961267],[10.735277,59.961279],[10.735249,59.961285],[10.735219,59.961288]]},"properties":{"id":"348727543-0","name":""}},
{"type":"Feature","geometry":{"type":"LineString","coordinates":[[10.726409,59.956959],[10.725937,59.957523]]},"properties":{"id":"353070032-0","name":"Vestveien"}},
{"type":"Feature","geometry":{"type":"LineString","coordinates":[[10.725937,59.957523],[10.725465,59.958087]]},"properties":{"id":"353070032-1","name":"Vestveien"}},
{"type":"Feature","geometry":{"type":"LineString","coordinates":[[10.732431,59.94781],[10.732322,59.947761],[10.732159,59.947743]]},"properties":{"id":"371203723-0","name":"Sognsveien 66"}},
{"type":"Feature","geometry":{"type":"LineString","coordinates":[[10.732159,59.947743],[10.732178,59.947675],[10.732217,59.947579]]},"properties":{"id":"371203723-1","name":"Sognsveien 66"}},
{"type":"Feature","geometry":{"type":"LineString","coordinates":[[10.732217,59.947579],[10.732251,59.947498],[10.732342,59.947329]]},"properties":{"id":"371203723-2","name":"Sognsveien 66"}},
{"type":"Feature","geometry":{"type":"LineString","coordinates":[[10.732342,59.947329],[10.732361,59.947268],[10.732365,59.947235],[10.73234,59.947209],[10.732325,59.947199],[10.732197,59.947118],[10.73195,59.946993],[10.73165,59.946847],[10.731491,59.946823],[10.731376,59.946834],[10.731254,59.946863]]},"properties":{"id":"371232135-0","name":"Kolonihagestien"}},
{"type":"Feature","geometry":{"type":"LineString","coordinates":[[10.731254,59.946863],[10.731171,59.946908],[10.731125,59.946924]]},"properties":{"id":"371232135-1","name":"Kolonihagestien"}},
{"type":"Feature","geometry":{"type":"LineString","coordinates":[[10.763489,59.946939],[10.763528,59.946926],[10.763572,59.946919],[10.763619,59.946917],[10.763665,59.946921]]},"properties":{"id":"381581278-0","name":""}},
{"type":"Feature","geometry":{"type":"LineString","coordinates":[[10.764901,59.943619],[10.764945,59.94363],[10.764979,59.943648],[10.765002,59.94367],[10.765012,59.943694],[10.765007,59.943719],[10.764987,59.943741],[10.764953,59.943761],[10.764908,59.943775],[10.764856,59.943781],[10.764804,59.943779],[10.764755,59.943768],[10.764715,59.943751],[10.764689,59.943728]]},"properties":{"id":"381743818-0","name":"Mor Go’hjertas vei"}},
{"type":"Feature","geometry":{"type":"LineString","coordinates":[[10.764689,59.943728],[10.764677,59.943701],[10.764684,59.943674],[10.764707,59.94365],[10.764745,59.94363],[10.764794,59.943618],[10.764848,59.943614],[10.764901,59.943619]]},"properties":{"id":"381743818-1","name":"Mor Go’hjertas vei"}},
{"type":"Feature","geometry":{"type":"LineString","coordinates":[[10.764689,59.943728],[10.764611,59.94373],[10.764494,59.943733],[10.764315,59.943747],[10.764281,59.943752],[10.764249,59.943766],[10.764229,59.943783],[10.764221,59.943796],[10.76421,59.943829],[10.764215,59.943877],[10.764307,59.944253],[10.764331,59.944287],[10.764384,59.944329]]},"properties":{"id":"381743826-0","name":""}},
{"type":"Feature","geometry":{"type":"LineString","coordinates":[[10.732814,59.963134],[10.733037,59.963121],[10.733248,59.963096],[10.733348,59.96305],[10.7334,59.963014],[10.733422,59.962985],[10.733434,59.962957],[10.733438,59.962908],[10.733459,59.962876],[10.733524,59.962862],[10.733606,59.962857],[10.733686,59.962852]]},"properties":{"id":"409069443-0","name":""}},
{"type":"Feature","geometry":{"type":"LineString","coordinates":[[10.732296,59.963931],[10.732097,59.963879],[10.732027,59.963813],[10.731976,59.963699],[10.732016,59.963563]]},"properties":{"id":"409069446-0","name":""}},
{"type":"Feature","geometry":{"type":"LineString","coordinates":[[10.747753,59.943119],[10.746114,59.943014]]},"properties":{"id":"412695196-0","name":"Bredo Stabells vei"}},
{"type":"Feature","geometry":{"type":"LineString","coordinates":[[10.746114,59.943014],[10.745638,59.942984],[10.744882,59.942937],[10.744479,59.942897]]},"properties":{"id":"412695196-1","name":"Bredo Stabells vei"}},
{"type":"Feature","geometry":{"type":"LineString","coordinates":[[10.744479,59.942897],[10.744341,59.942878],[10.744192,59.942858],[10.743789,59.942781],[10.74339,59.94268],[10.74321,59.942615]]},"properties":{"id":"412696175-0","name":"Bredo Stabells vei"}},
{"type":"Feature","geometry":{"type":"LineString","coordinates":[[10.74321,59.942615],[10.743037,59.942552],[10.742646,59.942379],[10.742213,59.942128]]},"properties":{"id":"412696175-1","name":"Bredo Stabells vei"}},
{"type":"Feature","geometry":{"type":"LineString","coordinates":[[10.722922,59.96021],[10.722794,59.960255]]},"properties":{"id":"438278329-0","name":""}},
{"type":"Feature","geometry":{"type":"LineString","coordinates":[[10.722794,59.960255],[10.722561,59.960318]]},"properties":{"id":"438278329-1","name":""}},
{"type":"Feature","geometry":{"type":"LineString","coordinates":[[10.722561,59.960318],[10.722498,59.960337],[10.721913,59.960498],[10.721745,59.960548],[10.721562,59.960588],[10.721346,59.960631],[10.721259,59.96066],[10.721195,59.960699],[10.721157,59.960731]]},"properties":{"id":"438278329-2","name":""}},
{"type":"Feature","geometry":{"type":"LineString","coordinates":[[10.748484,59.944451],[10.748721,59.944447],[10.748855,59.944455],[10.749116,59.944476]]},"properties":{"id":"442672074-0","name":"Biskop Heuchs vei"}},
{"type":"Feature","geometry":{"type":"LineString","coordinates":[[10.750719,59.952072],[10.750804,59.951961]]},"properties":{"id":"515410665-0","name":"Nordbergveien"}},
{"type":"Feature","geometry":{"type":"LineString","coordinates":[[10.750619,59.952207],[10.750719,59.952072]]},"properties":{"id":"515410666-0","name":"Nordbergveien"}},
{"type":"Feature","geometry":{"type":"LineString","coordinates":[[10.740991,59.942974],[10.741109,59.943014],[10.741486,59.94308],[10.741964,59.943158]]},"properties":{"id":"546205703-0","name":"Ugleveien"}},
{"type":"Feature","geometry":{"type":"LineString","coordinates":[[10.762975,59.949036],[10.7631,59.948993],[10.763187,59.948973],[10.763757,59.948948],[10.763789,59.948946],[10.764236,59.948926],[10.764361,59.94892]]},"properties":{"id":"585426959-0","name":""}},
{"type":"Feature","geometry":{"type":"LineString","coordinates":[[10.732698,59.954355],[10.732484,59.954081],[10.73229,59.953935],[10.73175,59.953613]]},"properties":{"id":"587841499-0","name":""}},
{"type":"Feature","geometry":{"type":"LineString","coordinates":[[10.73175,59.953613],[10.731481,59.953452],[10.731279,59.953392],[10.731112,59.953341],[10.730979,59.953311],[10.73025,59.953453]]},"properties":{"id":"587841499-1","name":""}},
{"type":"Feature","geometry":{"type":"LineString","coordinates":[[10.727815,59.953947],[10.727831,59.953954],[10.727949,59.954021]]},"properties":{"id":"616019290-0","name":"Plommeveien"}},
{"type":"Feature","geometry":{"type":"LineString","coordinates":[[10.727949,59.954021],[10.728136,59.954108],[10.728551,59.954302]]},"properties":{"id":"616019290-1","name":"Plommeveien"}},
{"type":"Feature","geometry":{"type":"LineString","coordinates":[[10.728551,59.954302],[10.728733,59.954355],[10.728929,59.954393],[10.729093,59.954409],[10.729193,59.954435],[10.729277,59.954466],[10.729354,59.954522],[10.729389,59.954589],[10.729431,59.954649]]},"properties":{"id":"616019290-2","name":"Plommeveien"}},
{"type":"Feature","geometry":{"type":"LineString","coordinates":[[10.729431,59.954649],[10.729448,59.954673],[10.72985,59.955216]]},"properties":{"id":"616019290-3","name":"Plommeveien"}},
{"type":"Feature","geometry":{"type":"LineString","coordinates":[[10.72985,59.955216],[10.72985,59.955217],[10.730247,59.955787]]},"properties":{"id":"616019290-4","name":"Plommeveien"}},
{"type":"Feature","geometry":{"type":"LineString","coordinates":[[10.730247,59.955787],[10.730327,59.955903]]},"properties":{"id":"616019290-5","name":"Plommeveien"}},
{"type":"Feature","geometry":{"type":"LineString","coordinates":[[10.727242,59.95399],[10.726546,59.954346]]},"properties":{"id":"616019295-0","name":"Vestveien"}},
{"type":"Feature","geometry":{"type":"LineString","coordinates":[[10.726546,59.954346],[10.726597,59.954393],[10.726624,59.954461],[10.726616,59.954675]]},"properties":{"id":"616019295-1","name":"Vestveien"}},
{"type":"Feature","geometry":{"type":"LineString","coordinates":[[10.726616,59.954675],[10.726582,59.955268]]},"properties":{"id":"616019295-2","name":"Vestveien"}},
{"type":"Feature","geometry":{"type":"LineString","coordinates":[[10.726582,59.955268],[10.726568,59.955418],[10.726509,59.955582],[10.726414,59.955883],[10.726336,59.956105]]},"properties":{"id":"616019295-3","name":"Vestveien"}},
{"type":"Feature","geometry":{"type":"LineString","coordinates":[[10.726336,59.956105],[10.726258,59.956328],[10.726195,59.95682],[10.726271,59.956941]]},"properties":{"id":"616019295-4","name":"Vestveien"}},
{"type":"Feature","geometry":{"type":"LineString","coordinates":[[10.744912,59.960467],[10.744939,59.96045],[10.746208,59.960292]]},"properties":{"id":"619132668-0","name":""}},
{"type":"Feature","geometry":{"type":"LineString","coordinates":[[10.744912,59.960467],[10.744846,59.960561]]},"properties":{"id":"619132674-0","name":""}},
{"type":"Feature","geometry":{"type":"LineString","coordinates":[[10.748515,59.943243],[10.748563,59.943175]]},"properties":{"id":"625846899-0","name":"Uelands gate"}},
{"type":"Feature","geometry":{"type":"LineString","coordinates":[[10.760632,59.953257],[10.760668,59.953239],[10.76071,59.953224]]},"properties":{"id":"632264232-0","name":""}},
{"type":"Feature","geometry":{"type":"LineString","coordinates":[[10.760949,59.953439],[10.760893,59.953451],[10.760832,59.953455],[10.760771,59.953452],[10.760713,59.953441]]},"properties":{"id":"632264233-0","name":""}},
{"type":"Feature","geometry":{"type":"LineString","coordinates":[[10.76101,59.95325],[10.761049,59.953281],[10.76107,59.953315],[10.761069,59.953352],[10.761047,59.953386],[10.761006,59.953416],[10.760949,59.953439]]},"properties":{"id":"632264234-0","name":""}},
{"type":"Feature","geometry":{"type":"LineString","coordinates":[[10.76071,59.953224],[10.760787,59.953211],[10.760869,59.953211],[10.760946,59.953225],[10.76101,59.95325]]},"properties":{"id":"632264235-0","name":""}},
{"type":"Feature","geometry":{"type":"LineString","coordinates":[[10.763019,59.951215],[10.763081,59.951142]]},"properties":{"id":"632896278-0","name":"Nydalsveien"}},
{"type":"Feature","geometry":{"type":"LineString","coordinates":[[10.763081,59.951142],[10.763148,59.951066],[10.763447,59.950829],[10.76358,59.950728]]},"properties":{"id":"632896278-1","name":"Nydalsveien"}},
{"type":"Feature","geometry":{"type":"LineString","coordinates":[[10.76358,59.950728],[10.763632,59.950689],[10.763836,59.950534],[10.763948,59.950474],[10.764061,59.950441],[10.76426,59.950412]]},"properties":{"id":"632896278-2","name":"Nydalsveien"}},
{"type":"Feature","geometry":{"type":"LineString","coordinates":[[10.76426,59.950412],[10.764442,59.950395],[10.764713,59.950369],[10.764921,59.950336]]},"properties":{"id":"632896278-3","name":"Nydalsveien"}},
{"type":"Feature","geometry":{"type":"LineString","coordinates":[[10.764921,59.950336],[10.765022,59.950295],[10.765341,59.950098],[10.765605,59.949904]]},"properties":{"id":"632896278-4","name":"Nydalsveien"}},
{"type":"Feature","geometry":{"type":"LineString","coordinates":[[10.731254,59.946863],[10.731171,59.946855],[10.731155,59.946818],[10.731165,59.946788],[10.731177,59.946737],[10.7315,59.946601]]},"properties":{"id":"633970652-0","name":""}},
{"type":"Feature","geometry":{"type":"LineString","coordinates":[[10.720342,59.952693],[10.720411,59.952316]]},"properties":{"id":"637948472-0","name":""}},
{"type":"Feature","geometry":{"type":"LineString","coordinates":[[10.720934,59.951514],[10.721168,59.951521]]},"properties":{"id":"637948475-0","name":""}},
{"type":"Feature","geometry":{"type":"LineString","coordinates":[[10.721168,59.951521],[10.721873,59.951587],[10.721982,59.951551],[10.722003,59.951504],[10.721997,59.951495]]},"properties":{"id":"637948475-1","name":""}},
{"type":"Feature","geometry":{"type":"LineString","coordinates":[[10.721997,59.951495],[10.721962,59.951445],[10.721766,59.951433],[10.721488,59.951417],[10.721381,59.951452],[10.721248,59.951494],[10.721168,59.951521]]},"properties":{"id":"637948475-2","name":""}},
{"type":"Feature","geometry":{"type":"LineString","coordinates":[[10.720827,59.951108],[10.720812,59.951208],[10.720836,59.951272],[10.720907,59.951308],[10.720985,59.951337]]},"properties":{"id":"637948490-0","name":""}},
{"type":"Feature","geometry":{"type":"LineString","coordinates":[[10.71938,59.951006],[10.720789,59.951095],[10.720827,59.951108]]},"properties":{"id":"637948491-0","name":""}},
{"type":"Feature","geometry":{"type":"LineString","coordinates":[[10.720827,59.951108],[10.720883,59.951126],[10.721001,59.951173],[10.721023,59.951188]]},"properties":{"id":"637948491-1","name":""}},
{"type":"Feature","geometry":{"type":"LineString","coordinates":[[10.720646,59.950462],[10.720816,59.950365],[10.720909,59.950327],[10.720977,59.950323],[10.721028,59.950343],[10.721078,59.950406],[10.721099,59.950464],[10.721097,59.950511],[10.721089,59.950533]]},"properties":{"id":"637948492-0","name":""}},
{"type":"Feature","geometry":{"type":"LineString","coordinates":[[10.720563,59.950939],[10.720661,59.950633],[10.720671,59.950491],[10.720646,59.950462]]},"properties":{"id":"637948493-0","name":""}},
{"type":"Feature","geometry":{"type":"LineString","coordinates":[[10.720646,59.950462],[10.720604,59.950416],[10.720403,59.950307],[10.720299,59.95024],[10.720282,59.950203]]},"properties":{"id":"637948493-1","name":""}},
{"type":"Feature","geometry":{"type":"LineString","coordinates":[[10.721673,59.94931],[10.722012,59.949254],[10.722279,59.949217]]},"properties":{"id":"637948504-0","name":""}},
{"type":"Feature","geometry":{"type":"LineString","coordinates":[[10.722363,59.949255],[10.722418,59.94919],[10.722435,59.949126],[10.722357,59.948959],[10.72231,59.948886]]},"properties":{"id":"637948507-0","name":""}},
{"type":"Feature","geometry":{"type":"LineString","coordinates":[[10.721113,59.948402],[10.721209,59.948323],[10.72129,59.948307],[10.72134,59.948313],[10.721368,59.948323]]},"properties":{"id":"637948509-0","name":""}},
{"type":"Feature","geometry":{"type":"LineString","coordinates":[[10.762152,59.943753],[10.762144,59.9437],[10.76214,59.943655]]},"properties":{"id":"655426845-0","name":""}},
{"type":"Feature","geometry":{"type":"LineString","coordinates":[[10.730634,59.947908],[10.730696,59.947913]]},"properties":{"id":"655426858-0","name":""}},
{"type":"Feature","geometry":{"type":"LineString","coordinates":[[10.725272,59.948639],[10.725352,59.9487]]},"properties":{"id":"655426860-0","name":""}},
{"type":"Feature","geometry":{"type":"LineString","coordinates":[[10.725352,59.9487],[10.725203,59.948702]]},"properties":{"id":"655426860-1","name":""}},
{"type":"Feature","geometry":{"type":"LineString","coordinates":[[10.724881,59.949115],[10.724916,59.949098],[10.725352,59.9487]]},"properties":{"id":"655426861-0","name":"Klaus Torgårds vei"}},
{"type":"Feature","geometry":{"type":"LineString","coordinates":[[10.725352,59.9487],[10.725387,59.94869],[10.725419,59.948687],[10.725453,59.948691],[10.726142,59.948887],[10.726204,59.948897],[10.726288,59.948899],[10.726336,59.948887],[10.726391,59.948854],[10.726617,59.948687]]},"properties":{"id":"655426861-1","name":"Klaus Torgårds vei"}},
{"type":"Feature","geometry":{"type":"LineString","coordinates":[[10.765671,59.94876],[10.765725,59.948786]]},"properties":{"id":"655426923-0","name":""}},
{"type":"Feature","geometry":{"type":"LineString","coordinates":[[10.720898,59.955455],[10.720946,59.955427],[10.721165,59.955296],[10.721192,59.955274],[10.721215,59.955242],[10.721329,59.955018]]},"properties":{"id":"674076687-0","name":""}},
{"type":"Feature","geometry":{"type":"LineString","coordinates":[[10.721109,59.955549],[10.721159,59.955521],[10.721236,59.955472],[10.721259,59.955458],[10.721443,59.955328],[10.721473,59.955313],[10.72151,59.955303],[10.721546,59.955296],[10.721579,59.955293],[10.72163,59.955297]]},"properties":{"id":"674076688-0","name":""}},
{"type":"Feature","geometry":{"type":"LineString","coordinates":[[10.722639,59.948105],[10.722661,59.94811]]},"properties":{"id":"674076733-0","name":""}},
{"type":"Feature","geometry":{"type":"LineString","coordinates":[[10.722358,59.948253],[10.72234,59.948224],[10.72234,59.948193],[10.722357,59.948163],[10.722389,59.948137]]},"properties":{"id":"674076734-0","name":""}},
{"type":"Feature","geometry":{"type":"LineString","coordinates":[[10.722305,59.946885],[10.72221,59.946866],[10.722136,59.946833],[10.722103,59.946805]]},"properties":{"id":"674076735-0","name":""}},
{"type":"Feature","geometry":{"type":"LineString","coordinates":[[10.722103,59.946805],[10.722083,59.94677],[10.722083,59.946727],[10.722107,59.946689],[10.722166,59.946649]]},"properties":{"id":"674076736-0","name":""}},
{"type":"Feature","geometry":{"type":"LineString","coordinates":[[10.722661,59.94811],[10.722709,59.948127],[10.722746,59.94815],[10.722769,59.948176],[10.722778,59.948205],[10.722772,59.948234]]},"properties":{"id":"674076737-0","name":""}},
{"type":"Feature","geometry":{"type":"LineString","coordinates":[[10.722389,59.948137],[10.722402,59.94813]]},"properties":{"id":"674076738-0","name":""}},
{"type":"Feature","geometry":{"type":"LineString","coordinates":[[10.723446,59.957873],[10.723248,59.95785],[10.7232,59.957845],[10.723107,59.957834]]},"properties":{"id":"700751497-0","name":"Nordbergveien"}},
{"type":"Feature","geometry":{"type":"LineString","coordinates":[[10.732217,59.947579],[10.731281,59.947432]]},"properties":{"id":"734602979-0","name":""}},
{"type":"Feature","geometry":{"type":"LineString","coordinates":[[10.722175,59.960091],[10.722352,59.960082],[10.722537,59.960084],[10.722745,59.960087]]},"properties":{"id":"746501126-0","name":""}},
{"type":"Feature","geometry":{"type":"LineString","coordinates":[[10.722745,59.960087],[10.722777,59.960033]]},"properties":{"id":"746501126-1","name":""}},
{"type":"Feature","geometry":{"type":"LineString","coordinates":[[10.722777,59.960033],[10.722794,59.960002],[10.722819,59.959945],[10.72283,59.959782],[10.722836,59.959594]]},"properties":{"id":"746501129-0","name":""}},
{"type":"Feature","geometry":{"type":"LineString","coordinates":[[10.766728,59.952827],[10.766636,59.952797],[10.766404,59.952716],[10.76549,59.95256],[10.765486,59.952559]]},"properties":{"id":"761983624-0","name":""}},
{"type":"Feature","geometry":{"type":"LineString","coordinates":[[10.765486,59.952559],[10.765424,59.952548],[10.765111,59.95302],[10.765132,59.953053],[10.765355,59.953092]]},"properties":{"id":"761983624-1","name":""}},
{"type":"Feature","geometry":{"type":"LineString","coordinates":[[10.749319,59.954306],[10.749411,59.954108],[10.749551,59.953762],[10.749572,59.95371],[10.749603,59.953637]]},"properties":{"id":"775892303-0","name":"Nordbergveien"}},
{"type":"Feature","geometry":{"type":"LineString","coordinates":[[10.749689,59.953441],[10.749747,59.953324],[10.749799,59.953235],[10.749847,59.953168],[10.74995,59.953039],[10.750101,59.952857]]},"properties":{"id":"775892305-0","name":"Nordbergveien"}},
{"type":"Feature","geometry":{"type":"LineString","coordinates":[[10.740065,59.958208],[10.740135,59.958279],[10.740213,59.958339],[10.740344,59.958425],[10.740548,59.95857],[10.740667,59.95866],[10.740736,59.958717],[10.740757,59.958735],[10.740795,59.958757],[10.740844,59.958774],[10.740853,59.958776]]},"properties":{"id":"779585931-0","name":"Borgestadveien"}},
{"type":"Feature","geometry":{"type":"LineString","coordinates":[[10.740853,59.958776],[10.740926,59.958794],[10.741262,59.958866],[10.741458,59.958905],[10.741772,59.958969],[10.741906,59.958996],[10.742135,59.959041]]},"properties":{"id":"779585931-1","name":"Borgestadveien"}},
{"type":"Feature","geometry":{"type":"LineString","coordinates":[[10.740065,59.958208],[10.740215,59.958199],[10.740311,59.958184],[10.740481,59.958158],[10.740671,59.958125],[10.740943,59.958062],[10.741257,59.957978],[10.741353,59.957951]]},"properties":{"id":"779585932-0","name":"Nordbergveien"}},
{"type":"Feature","geometry":{"type":"LineString","coordinates":[[10.741353,59.957951],[10.741819,59.957819],[10.741963,59.95778],[10.742444,59.957648],[10.742573,59.957611]]},"properties":{"id":"779585932-1","name":"Nordbergveien"}},
{"type":"Feature","geometry":{"type":"LineString","coordinates":[[10.742573,59.957611],[10.742684,59.95758],[10.743939,59.957232]]},"properties":{"id":"779585932-2","name":"Nordbergveien"}},
{"type":"Feature","geometry":{"type":"LineString","coordinates":[[10.743939,59.957232],[10.745015,59.956925]]},"properties":{"id":"779585932-3","name":"Nordbergveien"}},
{"type":"Feature","geometry":{"type":"LineString","coordinates":[[10.745015,59.956925],[10.745164,59.956872],[10.745205,59.956852],[10.745269,59.956821],[10.745357,59.95677]]},"properties":{"id":"779585932-4","name":"Nordbergveien"}},
{"type":"Feature","geometry":{"type":"LineString","coordinates":[[10.755378,59.942034],[10.755438,59.942086],[10.755568,59.9422],[10.755817,59.9423],[10.756094,59.94241]]},"properties":{"id":"782839641-0","name":""}},
{"type":"Feature","geometry":{"type":"LineString","coordinates":[[10.756094,59.94241],[10.756536,59.942586],[10.756573,59.942601],[10.757413,59.942932]]},"properties":{"id":"782839641-1","name":""}},
{"type":"Feature","geometry":{"type":"LineString","coordinates":[[10.757413,59.942932],[10.757482,59.942959],[10.757753,59.942815],[10.757662,59.942644],[10.75779,59.942584],[10.757774,59.942552],[10.757639,59.942462],[10.75726,59.942476]]},"properties":{"id":"782839641-2","name":""}},
{"type":"Feature","geometry":{"type":"LineString","coordinates":[[10.756094,59.94241],[10.756492,59.942368]]},"properties":{"id":"782839643-0","name":""}},
{"type":"Feature","geometry":{"type":"LineString","coordinates":[[10.74906,59.964185],[10.749062,59.964233],[10.749064,59.964288]]},"properties":{"id":"798034454-0","name":""}},
{"type":"Feature","geometry":{"type":"LineString","coordinates":[[10.750637,59.964911],[10.750765,59.964885],[10.750954,59.964837],[10.751006,59.964817],[10.751036,59.964796],[10.751051,59.964773],[10.751051,59.964754],[10.751044,59.964739],[10.751035,59.964724],[10.751015,59.964707],[10.750988,59.964691],[10.750953,59.964676],[10.750926,59.964672],[10.750899,59.964669],[10.75087,59.964667],[10.75084,59.964666],[10.750793,59.964668],[10.750744,59.964675],[10.750706,59.96469],[10.750674,59.964718],[10.750663,59.964749],[10.750637,59.964826],[10.750635,59.964844],[10.750634,59.964868],[10.750637,59.964911]]},"properties":{"id":"798034472-0","name":"Grinda"}},
{"type":"Feature","geometry":{"type":"LineString","coordinates":[[10.732533,59.947738],[10.732588,59.947726],[10.732648,59.947722],[10.732708,59.947726],[10.732764,59.947737],[10.732815,59.947759]]},"properties":{"id":"855665254-0","name":""}},
{"type":"Feature","geometry":{"type":"LineString","coordinates":[[10.732514,59.947922],[10.732468,59.947898],[10.732439,59.947871],[10.732427,59.947841],[10.732431,59.94781]]},"properties":{"id":"855665255-0","name":""}},
{"type":"Feature","geometry":{"type":"LineString","coordinates":[[10.732431,59.94781],[10.732452,59.947782],[10.732486,59.947757],[10.732533,59.947738]]},"properties":{"id":"855665255-1","name":""}},
{"type":"Feature","geometry":{"type":"LineString","coordinates":[[10.732702,59.947942],[10.732636,59.947945],[10.732572,59.947938],[10.732514,59.947922]]},"properties":{"id":"855665256-0","name":""}},
{"type":"Feature","geometry":{"type":"LineString","coordinates":[[10.722032,59.942935],[10.722213,59.942853],[10.722211,59.942826]]},"properties":{"id":"855854967-0","name":""}},
{"type":"Feature","geometry":{"type":"LineString","coordinates":[[10.761634,59.960447],[10.761707,59.960449],[10.761765,59.960456],[10.762203,59.960564],[10.762273,59.96058],[10.762755,59.96069],[10.762892,59.960721],[10.763056,59.960777],[10.763115,59.960811],[10.76316,59.960837]]},"properties":{"id":"861110127-0","name":"Tåsenveien"}},
{"type":"Feature","geometry":{"type":"LineString","coordinates":[[10.76316,59.960837],[10.763191,59.960855],[10.763342,59.96095],[10.763539,59.961075],[10.763584,59.961105],[10.763629,59.961132],[10.7639,59.96131],[10.763985,59.961366],[10.764224,59.961523]]},"properties":{"id":"861110127-1","name":"Tåsenveien"}},
{"type":"Feature","geometry":{"type":"LineString","coordinates":[[10.764224,59.961523],[10.764235,59.96153],[10.76424,59.961534],[10.764296,59.961574],[10.764337,59.961604],[10.764409,59.961663],[10.764602,59.961868],[10.764656,59.961915],[10.764687,59.961937],[10.764714,59.961957],[10.764823,59.962022],[10.764901,59.962068],[10.765186,59.96224]]},"properties":{"id":"861110127-2","name":"Tåsenveien"}},
{"type":"Feature","geometry":{"type":"LineString","coordinates":[[10.753252,59.964573],[10.753288,59.964496],[10.753381,59.9643],[10.753422,59.964216]]},"properties":{"id":"861110138-0","name":""}},
{"type":"Feature","geometry":{"type":"LineString","coordinates":[[10.753069,59.964807],[10.753141,59.964759],[10.753184,59.964712],[10.753236,59.964607],[10.753252,59.964573]]},"properties":{"id":"861110139-0","name":""}},
{"type":"Feature","geometry":{"type":"LineString","coordinates":[[10.753252,59.964573],[10.752776,59.964516],[10.752681,59.964497],[10.752625,59.96447],[10.752465,59.964349],[10.752426,59.964328],[10.752045,59.964279],[10.751917,59.964262]]},"properties":{"id":"861110139-1","name":""}},
{"type":"Feature","geometry":{"type":"LineString","coordinates":[[10.751917,59.964262],[10.751725,59.96423],[10.751502,59.964173]]},"properties":{"id":"861110139-2","name":""}},
{"type":"Feature","geometry":{"type":"LineString","coordinates":[[10.751834,59.964409],[10.751867,59.964358],[10.751882,59.964329],[10.751917,59.964262]]},"properties":{"id":"861110140-0","name":""}},
{"type":"Feature","geometry":{"type":"LineString","coordinates":[[10.766385,59.952587],[10.766306,59.952568],[10.766102,59.95251]]},"properties":{"id":"871750088-0","name":""}},
{"type":"Feature","geometry":{"type":"LineString","coordinates":[[10.766468,59.952609],[10.766385,59.952587]]},"properties":{"id":"871750089-0","name":""}},
{"type":"Feature","geometry":{"type":"LineString","coordinates":[[10.763081,59.951142],[10.763018,59.951128],[10.762916,59.95106]]},"properties":{"id":"871750103-0","name":""}},
{"type":"Feature","geometry":{"type":"LineString","coordinates":[[10.757462,59.943158],[10.757528,59.943115],[10.757838,59.942927],[10.75814,59.942744],[10.758177,59.942723],[10.75837,59.94261]]},"properties":{"id":"871750109-0","name":"Holmestrandgata"}},
{"type":"Feature","geometry":{"type":"LineString","coordinates":[[10.732972,59.94203],[10.733097,59.941953],[10.733164,59.941912]]},"properties":{"id":"875572506-0","name":""}},
{"type":"Feature","geometry":{"type":"LineString","coordinates":[[10.750985,59.951641],[10.751007,59.951608],[10.751095,59.951469]]},"properties":{"id":"879035398-0","name":"Nordbergveien"}},
{"type":"Feature","geometry":{"type":"LineString","coordinates":[[10.750804,59.951961],[10.750868,59.95186],[10.750894,59.951806],[10.750985,59.951641]]},"properties":{"id":"879035399-0","name":"Nordbergveien"}},
{"type":"Feature","geometry":{"type":"LineString","coordinates":[[10.752533,59.961227],[10.752531,59.961249],[10.752524,59.961315],[10.752514,59.961435],[10.752489,59.961505],[10.75241,59.961572],[10.751734,59.961787]]},"properties":{"id":"879035404-0","name":"Langmyrveien"}},
{"type":"Feature","geometry":{"type":"LineString","coordinates":[[10.76098,59.951736],[10.760966,59.951948]]},"properties":{"id":"880547898-0","name":"Maridalsveien"}},
{"type":"Feature","geometry":{"type":"LineString","coordinates":[[10.760966,59.951948],[10.760961,59.95203]]},"properties":{"id":"880547898-1","name":"Maridalsveien"}},
{"type":"Feature","geometry":{"type":"LineString","coordinates":[[10.760972,59.951562],[10.760976,59.951629],[10.760979,59.951704],[10.76098,59.951736]]},"properties":{"id":"880547899-0","name":"Maridalsveien"}},
{"type":"Feature","geometry":{"type":"LineString","coordinates":[[10.730163,59.951978],[10.730076,59.951943],[10.729937,59.951888]]},"properties":{"id":"882966449-0","name":""}},
{"type":"Feature","geometry":{"type":"LineString","coordinates":[[10.757081,59.95832],[10.757301,59.958504],[10.757371,59.958536]]},"properties":{"id":"882966464-0","name":""}},
{"type":"Feature","geometry":{"type":"LineString","coordinates":[[10.736637,59.957018],[10.736855,59.957031],[10.737252,59.957056],[10.737915,59.957086]]},"properties":{"id":"893088353-0","name":"Bregneveien"}},
{"type":"Feature","geometry":{"type":"LineString","coordinates":[[10.737915,59.957086],[10.738263,59.957102],[10.738569,59.957117],[10.739195,59.957147]]},"properties":{"id":"893088353-1","name":"Bregneveien"}},
{"type":"Feature","geometry":{"type":"LineString","coordinates":[[10.739195,59.957147],[10.739866,59.957169],[10.740162,59.95717],[10.740292,59.957167],[10.740414,59.957161],[10.740568,59.957145],[10.74072,59.957124]]},"properties":{"id":"893088353-2","name":"Bregneveien"}},
{"type":"Feature","geometry":{"type":"LineString","coordinates":[[10.74072,59.957124],[10.74119,59.957059],[10.742201,59.956921]]},"properties":{"id":"893088353-3","name":"Bregneveien"}},
{"type":"Feature","geometry":{"type":"LineString","coordinates":[[10.764821,59.956079],[10.764886,59.956064],[10.765009,59.956035],[10.765117,59.956013]]},"properties":{"id":"910476324-0","name":""}},
{"type":"Feature","geometry":{"type":"LineString","coordinates":[[10.764634,59.955821],[10.764703,59.955811],[10.764742,59.955801]]},"properties":{"id":"910476327-0","name":""}},
{"type":"Feature","geometry":{"type":"LineString","coordinates":[[10.764769,59.960625],[10.764856,59.960616],[10.765389,59.960553],[10.765481,59.960549],[10.76556,59.960551],[10.765631,59.960558],[10.765712,59.960583],[10.765896,59.960633]]},"properties":{"id":"911755627-0","name":"Brekkelia"}},
{"type":"Feature","geometry":{"type":"LineString","coordinates":[[10.765896,59.960633],[10.765918,59.96064],[10.766112,59.960711],[10.76626,59.960789],[10.766331,59.960844],[10.766418,59.960932],[10.766442,59.960956],[10.766591,59.961099]]},"properties":{"id":"911755627-1","name":"Brekkelia"}},
{"type":"Feature","geometry":{"type":"LineString","coordinates":[[10.765285,59.954493],[10.765252,59.954441],[10.76522,59.954391]]},"properties":{"id":"911764458-0","name":""}},
{"type":"Feature","geometry":{"type":"LineString","coordinates":[[10.733595,59.963547],[10.733529,59.963554]]},"properties":{"id":"912674611-0","name":""}},
{"type":"Feature","geometry":{"type":"LineString","coordinates":[[10.733529,59.963554],[10.733068,59.963625]]},"properties":{"id":"912674612-0","name":""}},
{"type":"Feature","geometry":{"type":"LineString","coordinates":[[10.732105,59.963536],[10.732028,59.963404]]},"properties":{"id":"912674625-0","name":""}},
{"type":"Feature","geometry":{"type":"LineString","coordinates":[[10.73063,59.963506],[10.730706,59.963616]]},"properties":{"id":"912676661-0","name":""}},
{"type":"Feature","geometry":{"type":"LineString","coordinates":[[10.731383,59.963506],[10.731312,59.963407]]},"properties":{"id":"912676664-0","name":""}},
{"type":"Feature","geometry":{"type":"LineString","coordinates":[[10.732016,59.963563],[10.732088,59.963676]]},"properties":{"id":"912676665-0","name":""}},
{"type":"Feature","geometry":{"type":"LineString","coordinates":[[10.729412,59.964547],[10.729463,59.964638]]},"properties":{"id":"912704945-0","name":""}},
{"type":"Feature","geometry":{"type":"LineString","coordinates":[[10.731563,59.964428],[10.731245,59.964365],[10.730513,59.964226]]},"properties":{"id":"912704947-0","name":""}},
{"type":"Feature","geometry":{"type":"LineString","coordinates":[[10.730513,59.964226],[10.730491,59.964222],[10.730165,59.964152],[10.729598,59.96404],[10.729473,59.964014]]},"properties":{"id":"912704947-1","name":""}},
{"type":"Feature","geometry":{"type":"LineString","coordinates":[[10.729473,59.964014],[10.729316,59.963982],[10.729196,59.96396],[10.72899,59.96392],[10.728455,59.963815],[10.728384,59.963794],[10.728364,59.963783],[10.728343,59.96375],[10.72832,59.963706],[10.72832,59.96369],[10.72834,59.963666],[10.728401,59.963626],[10.728534,59.963601]]},"properties":{"id":"912704947-2","name":""}},
{"type":"Feature","geometry":{"type":"LineString","coordinates":[[10.727988,59.964493],[10.728234,59.964463]]},"properties":{"id":"912704954-0","name":""}},
{"type":"Feature","geometry":{"type":"LineString","coordinates":[[10.728234,59.964463],[10.728473,59.96444],[10.728677,59.964431],[10.728808,59.964436]]},"properties":{"id":"912704954-1","name":""}},
{"type":"Feature","geometry":{"type":"LineString","coordinates":[[10.750265,59.950282],[10.750378,59.95034],[10.750498,59.950407],[10.750581,59.950452],[10.750629,59.950479],[10.750671,59.950514],[10.750667,59.950534],[10.750639,59.950549]]},"properties":{"id":"913888135-0","name":"Nordbergveien"}},
{"type":"Feature","geometry":{"type":"LineString","coordinates":[[10.762509,59.955311],[10.762559,59.955281],[10.762633,59.955237],[10.762696,59.955173],[10.762727,59.955134]]},"properties":{"id":"914740032-0","name":""}},
{"type":"Feature","geometry":{"type":"LineString","coordinates":[[10.760814,59.954075],[10.76093,59.954074],[10.760994,59.954073],[10.76111,59.954047],[10.761241,59.953917]]},"properties":{"id":"914740035-0","name":""}},
{"type":"Feature","geometry":{"type":"LineString","coordinates":[[10.726254,59.95875],[10.726663,59.958552],[10.726911,59.958447],[10.72696,59.958255]]},"properties":{"id":"914749135-0","name":"Skråningen"}},
{"type":"Feature","geometry":{"type":"LineString","coordinates":[[10.729177,59.958575],[10.729195,59.958426],[10.72913,59.958312]]},"properties":{"id":"914749136-0","name":""}},
{"type":"Feature","geometry":{"type":"LineString","coordinates":[[10.72722,59.952577],[10.727119,59.952576],[10.72704,59.952577]]},"properties":{"id":"914750254-0","name":""}},
{"type":"Feature","geometry":{"type":"LineString","coordinates":[[10.766005,59.946989],[10.765994,59.94697],[10.765967,59.946843],[10.765959,59.946628],[10.765996,59.946525],[10.766236,59.946446],[10.766441,59.946407],[10.766476,59.946422]]},"properties":{"id":"914771695-0","name":""}},
{"type":"Feature","geometry":{"type":"LineString","coordinates":[[10.729933,59.956557],[10.729846,59.956451],[10.729785,59.956388],[10.729745,59.956339],[10.729695,59.956239],[10.729671,59.956137],[10.729654,59.956056],[10.729496,59.955908]]},"properties":{"id":"915144750-0","name":"Bueveien"}},
{"type":"Feature","geometry":{"type":"LineString","coordinates":[[10.72291,59.954456],[10.722444,59.95417],[10.722277,59.954071],[10.722272,59.954061],[10.722225,59.95397],[10.722232,59.953929],[10.722255,59.953891],[10.722433,59.953797],[10.72251,59.953779],[10.722524,59.953779]]},"properties":{"id":"915146609-0","name":"Gaustadveien"}},
{"type":"Feature","geometry":{"type":"LineString","coordinates":[[10.722524,59.953779],[10.722604,59.953774],[10.72269,59.953786],[10.722958,59.953937],[10.72307,59.953982],[10.723139,59.954034],[10.723138,59.954084],[10.723077,59.954186],[10.722934,59.954361],[10.72291,59.954456]]},"properties":{"id":"915146609-1","name":"Gaustadveien"}},
{"type":"Feature","geometry":{"type":"LineString","coordinates":[[10.73181,59.957539],[10.731325,59.957571]]},"properties":{"id":"915147367-0","name":"Promenadeveien"}},
{"type":"Feature","geometry":{"type":"LineString","coordinates":[[10.731325,59.957571],[10.731073,59.957699]]},"properties":{"id":"915147367-1","name":"Promenadeveien"}},
{"type":"Feature","geometry":{"type":"LineString","coordinates":[[10.731073,59.957699],[10.730782,59.957826]]},"properties":{"id":"915147367-2","name":"Promenadeveien"}},
{"type":"Feature","geometry":{"type":"LineString","coordinates":[[10.730463,59.957878],[10.730487,59.957905]]},"properties":{"id":"915147368-0","name":"Plenveien"}},
{"type":"Feature","geometry":{"type":"LineString","coordinates":[[10.730782,59.957826],[10.730736,59.957845]]},"properties":{"id":"915147370-0","name":"Promenadeveien"}},
{"type":"Feature","geometry":{"type":"LineString","coordinates":[[10.730736,59.957845],[10.730623,59.957887]]},"properties":{"id":"915147370-1","name":"Promenadeveien"}},
{"type":"Feature","geometry":{"type":"LineString","coordinates":[[10.730623,59.957887],[10.730487,59.957905]]},"properties":{"id":"915147370-2","name":"Promenadeveien"}},
{"type":"Feature","geometry":{"type":"LineString","coordinates":[[10.730487,59.957905],[10.730394,59.957914]]},"properties":{"id":"915147370-3","name":"Promenadeveien"}},
{"type":"Feature","geometry":{"type":"LineString","coordinates":[[10.729509,59.956771],[10.729759,59.956716]]},"properties":{"id":"915147371-0","name":"Bueveien"}},
{"type":"Feature","geometry":{"type":"LineString","coordinates":[[10.729759,59.956716],[10.729833,59.956689],[10.729888,59.956653],[10.729913,59.956617],[10.729933,59.956557]]},"properties":{"id":"915147371-1","name":"Bueveien"}},
{"type":"Feature","geometry":{"type":"LineString","coordinates":[[10.729509,59.956771],[10.729366,59.956634]]},"properties":{"id":"915147372-0","name":"Plenveien"}},
{"type":"Feature","geometry":{"type":"LineString","coordinates":[[10.728585,59.958348],[10.728596,59.958433],[10.728605,59.958573]]},"properties":{"id":"915149259-0","name":""}},
{"type":"Feature","geometry":{"type":"LineString","coordinates":[[10.720282,59.950203],[10.720309,59.950116],[10.720352,59.950069],[10.720457,59.950016],[10.720486,59.949987],[10.720484,59.949881],[10.720467,59.949858]]},"properties":{"id":"915151987-0","name":""}},
{"type":"Feature","geometry":{"type":"LineString","coordinates":[[10.720467,59.949858],[10.720395,59.949759],[10.720331,59.949696]]},"properties":{"id":"915151987-1","name":""}},
{"type":"Feature","geometry":{"type":"LineString","coordinates":[[10.76432,59.941594],[10.764303,59.941607],[10.764269,59.941645],[10.764215,59.941666],[10.764076,59.941719],[10.76403,59.941737],[10.763888,59.9418],[10.76377,59.941852],[10.76376,59.941857],[10.763686,59.941894]]},"properties":{"id":"918376355-0","name":"Riflegata"}},
{"type":"Feature","geometry":{"type":"LineString","coordinates":[[10.742792,59.941564],[10.742734,59.94152],[10.742516,59.941423],[10.742412,59.941376]]},"properties":{"id":"940370108-0","name":""}},
{"type":"Feature","geometry":{"type":"LineString","coordinates":[[10.741601,59.941756],[10.741395,59.941712],[10.741229,59.941689],[10.741045,59.941608]]},"properties":{"id":"940370110-0","name":""}},
{"type":"Feature","geometry":{"type":"LineString","coordinates":[[10.741045,59.941608],[10.740884,59.941576],[10.740568,59.94143],[10.740481,59.941409],[10.740386,59.941418],[10.740202,59.941509],[10.74004,59.941593]]},"properties":{"id":"940370110-1","name":""}},
{"type":"Feature","geometry":{"type":"LineString","coordinates":[[10.739601,59.941388],[10.74004,59.941593]]},"properties":{"id":"942267850-0","name":""}},
{"type":"Feature","geometry":{"type":"LineString","coordinates":[[10.74375,59.952681],[10.743724,59.952958],[10.743719,59.95303]]},"properties":{"id":"957802882-0","name":"Lersolveien"}},
{"type":"Feature","geometry":{"type":"LineString","coordinates":[[10.743719,59.95303],[10.743657,59.953667]]},"properties":{"id":"957802882-1","name":"Lersolveien"}},
{"type":"Feature","geometry":{"type":"LineString","coordinates":[[10.758587,59.946821],[10.758493,59.946775],[10.757883,59.946477],[10.757809,59.946442]]},"properties":{"id":"972069084-0","name":"Biskop Heuchs vei"}},
{"type":"Feature","geometry":{"type":"LineString","coordinates":[[10.757809,59.946442],[10.757722,59.946401],[10.756851,59.946012]]},"properties":{"id":"972069084-1","name":"Biskop Heuchs vei"}},
{"type":"Feature","geometry":{"type":"LineString","coordinates":[[10.756851,59.946012],[10.756808,59.945993],[10.755892,59.945583]]},"properties":{"id":"972069084-2","name":"Biskop Heuchs vei"}},
{"type":"Feature","geometry":{"type":"LineString","coordinates":[[10.735063,59.952141],[10.735719,59.952317],[10.735893,59.952377]]},"properties":{"id":"973429041-0","name":""}},
{"type":"Feature","geometry":{"type":"LineString","coordinates":[[10.735261,59.951971],[10.734783,59.951845],[10.734396,59.951745],[10.734309,59.951729]]},"properties":{"id":"973429042-0","name":""}},
{"type":"Feature","geometry":{"type":"LineString","coordinates":[[10.734548,59.95153],[10.734304,59.951452],[10.733834,59.951323],[10.733636,59.95127]]},"properties":{"id":"973429043-0","name":""}},
{"type":"Feature","geometry":{"type":"LineString","coordinates":[[10.733583,59.951296],[10.733636,59.95127]]},"properties":{"id":"973429044-0","name":""}},
{"type":"Feature","geometry":{"type":"LineString","coordinates":[[10.733636,59.95127],[10.733678,59.95125],[10.733847,59.951108],[10.734189,59.950792]]},"properties":{"id":"973429044-1","name":""}},
{"type":"Feature","geometry":{"type":"LineString","coordinates":[[10.742533,59.963059],[10.741925,59.962961],[10.741711,59.962963],[10.741615,59.962981],[10.741581,59.963002],[10.741538,59.963029]]},"properties":{"id":"973439347-0","name":""}},
{"type":"Feature","geometry":{"type":"LineString","coordinates":[[10.754572,59.946124],[10.754471,59.946221],[10.75437,59.946328],[10.75437,59.946393],[10.754431,59.946458]]},"properties":{"id":"974156035-0","name":""}},
{"type":"Feature","geometry":{"type":"LineString","coordinates":[[10.744915,59.945956],[10.745289,59.945887]]},"properties":{"id":"974329048-0","name":""}},
{"type":"Feature","geometry":{"type":"LineString","coordinates":[[10.736418,59.963641],[10.736524,59.963641],[10.736708,59.963642]]},"properties":{"id":"975896946-0","name":""}},
{"type":"Feature","geometry":{"type":"LineString","coordinates":[[10.737819,59.963733],[10.737756,59.963736],[10.73773,59.963741],[10.73767,59.963754],[10.737589,59.963786],[10.737581,59.96384],[10.737616,59.963913],[10.737651,59.963968],[10.737693,59.963991],[10.73782,59.96399]]},"properties":{"id":"975896949-0","name":""}},
{"type":"Feature","geometry":{"type":"LineString","coordinates":[[10.736396,59.962755],[10.736336,59.962797]]},"properties":{"id":"975896950-0","name":""}},
{"type":"Feature","geometry":{"type":"LineString","coordinates":[[10.736336,59.962797],[10.736303,59.962821],[10.736261,59.962898],[10.736233,59.962938],[10.736139,59.962964]]},"properties":{"id":"975896950-1","name":""}},
{"type":"Feature","geometry":{"type":"LineString","coordinates":[[10.736336,59.962797],[10.736224,59.962807],[10.736119,59.962802],[10.736057,59.962808]]},"properties":{"id":"975896951-0","name":""}},
{"type":"Feature","geometry":{"type":"LineString","coordinates":[[10.763682,59.943618],[10.763592,59.943164]]},"properties":{"id":"985910939-0","name":""}},
{"type":"Feature","geometry":{"type":"LineString","coordinates":[[10.763592,59.943164],[10.763559,59.942995],[10.763544,59.942921]]},"properties":{"id":"985910939-1","name":""}},
{"type":"Feature","geometry":{"type":"LineString","coordinates":[[10.721628,59.943553],[10.721254,59.943746]]},"properties":{"id":"986345083-0","name":"Problemveien"}},
{"type":"Feature","geometry":{"type":"LineString","coordinates":[[10.721254,59.943746],[10.721071,59.943855]]},"properties":{"id":"986345084-0","name":"Problemveien"}},
{"type":"Feature","geometry":{"type":"LineString","coordinates":[[10.728534,59.963601],[10.728863,59.963551],[10.728996,59.963531],[10.72907,59.963524],[10.729153,59.963515]]},"properties":{"id":"1010812009-0","name":""}},
{"type":"Feature","geometry":{"type":"LineString","coordinates":[[10.728981,59.964615],[10.729412,59.964547]]},"properties":{"id":"1010812011-0","name":""}},
{"type":"Feature","geometry":{"type":"LineString","coordinates":[[10.729412,59.964547],[10.72959,59.964515],[10.72966,59.964491],[10.729708,59.964455],[10.729722,59.964419],[10.729651,59.964303],[10.729473,59.964014]]},"properties":{"id":"1010812011-1","name":""}},
{"type":"Feature","geometry":{"type":"LineString","coordinates":[[10.729473,59.964014],[10.729168,59.963514]]},"properties":{"id":"1010812011-2","name":""}},
{"type":"Feature","geometry":{"type":"LineString","coordinates":[[10.762306,59.941231],[10.762635,59.941434],[10.7629,59.941567]]},"properties":{"id":"1033959947-0","name":"Maridalsveien"}},
{"type":"Feature","geometry":{"type":"LineString","coordinates":[[10.745294,59.949444],[10.745753,59.949462]]},"properties":{"id":"1041450353-0","name":""}},
{"type":"Feature","geometry":{"type":"LineString","coordinates":[[10.746464,59.950792],[10.746489,59.950631],[10.746544,59.950604]]},"properties":{"id":"1041450354-0","name":""}},
{"type":"Feature","geometry":{"type":"LineString","coordinates":[[10.746544,59.950604],[10.746551,59.950542],[10.746438,59.950503]]},"properties":{"id":"1041450354-1","name":""}},
{"type":"Feature","geometry":{"type":"LineString","coordinates":[[10.749969,59.948538],[10.750075,59.948525],[10.750401,59.948486]]},"properties":{"id":"1041450360-0","name":""}},
{"type":"Feature","geometry":{"type":"LineString","coordinates":[[10.749716,59.947902],[10.749827,59.947892],[10.750184,59.947861]]},"properties":{"id":"1041450361-0","name":""}},
{"type":"Feature","geometry":{"type":"LineString","coordinates":[[10.747348,59.947702],[10.747303,59.947674],[10.747102,59.947533]]},"properties":{"id":"1041450362-0","name":""}},
{"type":"Feature","geometry":{"type":"LineString","coordinates":[[10.748242,59.949177],[10.748189,59.949197],[10.747889,59.94935],[10.74783,59.949404]]},"properties":{"id":"1041450363-0","name":""}},
{"type":"Feature","geometry":{"type":"LineString","coordinates":[[10.748551,59.94935],[10.748503,59.949371],[10.748141,59.94956]]},"properties":{"id":"1041450364-0","name":""}},
{"type":"Feature","geometry":{"type":"LineString","coordinates":[[10.749319,59.949637],[10.749153,59.949688]]},"properties":{"id":"1041450365-0","name":""}},
{"type":"Feature","geometry":{"type":"LineString","coordinates":[[10.749153,59.949688],[10.749129,59.949718],[10.748729,59.949893]]},"properties":{"id":"1041450365-1","name":""}},
{"type":"Feature","geometry":{"type":"LineString","coordinates":[[10.750303,59.950655],[10.750414,59.950827]]},"properties":{"id":"1041450366-0","name":""}},
{"type":"Feature","geometry":{"type":"LineString","coordinates":[[10.748974,59.950253],[10.749283,59.95046]]},"properties":{"id":"1041450367-0","name":""}},
{"type":"Feature","geometry":{"type":"LineString","coordinates":[[10.749283,59.95046],[10.749287,59.950492],[10.74932,59.95064]]},"properties":{"id":"1041450367-1","name":""}},
{"type":"Feature","geometry":{"type":"LineString","coordinates":[[10.747564,59.950643],[10.747558,59.950674],[10.747575,59.950934]]},"properties":{"id":"1041450368-0","name":""}},
{"type":"Feature","geometry":{"type":"LineString","coordinates":[[10.747125,59.950632],[10.747124,59.950661],[10.747113,59.950934]]},"properties":{"id":"1041450369-0","name":""}},
{"type":"Feature","geometry":{"type":"LineString","coordinates":[[10.742454,59.950028],[10.742766,59.950055]]},"properties":{"id":"1041450370-0","name":""}},
{"type":"Feature","geometry":{"type":"LineString","coordinates":[[10.744252,59.949935],[10.743687,59.94991]]},"properties":{"id":"1041450371-0","name":""}},
{"type":"Feature","geometry":{"type":"LineString","coordinates":[[10.742838,59.948994],[10.742096,59.948979]]},"properties":{"id":"1041450372-0","name":""}},
{"type":"Feature","geometry":{"type":"LineString","coordinates":[[10.744181,59.948108],[10.744638,59.948061]]},"properties":{"id":"1041450374-0","name":""}},
{"type":"Feature","geometry":{"type":"LineString","coordinates":[[10.745679,59.94837],[10.745395,59.94839]]},"properties":{"id":"1041450375-0","name":""}},
{"type":"Feature","geometry":{"type":"LineString","coordinates":[[10.74578,59.949044],[10.745522,59.949044]]},"properties":{"id":"1041450376-0","name":""}},
{"type":"Feature","geometry":{"type":"LineString","coordinates":[[10.745774,59.949249],[10.745308,59.949245]]},"properties":{"id":"1041450377-0","name":""}},
{"type":"Feature","geometry":{"type":"LineString","coordinates":[[10.744384,59.949219],[10.744947,59.949229]]},"properties":{"id":"1041450378-0","name":""}},
{"type":"Feature","geometry":{"type":"LineString","coordinates":[[10.746382,59.949907],[10.746358,59.950194],[10.746344,59.95022],[10.746228,59.950226],[10.746037,59.950217]]},"properties":{"id":"1041450379-0","name":""}},
{"type":"Feature","geometry":{"type":"LineString","coordinates":[[10.748645,59.950565],[10.748494,59.950344]]},"properties":{"id":"1041450380-0","name":""}},
{"type":"Feature","geometry":{"type":"LineString","coordinates":[[10.748796,59.95054],[10.748813,59.950569],[10.748931,59.950793]]},"properties":{"id":"1041450381-0","name":""}},
{"type":"Feature","geometry":{"type":"LineString","coordinates":[[10.749678,59.950394],[10.74971,59.950425],[10.749949,59.95071]]},"properties":{"id":"1041450382-0","name":""}},
{"type":"Feature","geometry":{"type":"LineString","coordinates":[[10.749258,59.950222],[10.749679,59.950022],[10.749721,59.950005]]},"properties":{"id":"1041450383-0","name":""}},
{"type":"Feature","geometry":{"type":"LineString","coordinates":[[10.749721,59.950005],[10.749916,59.949838],[10.750052,59.949807]]},"properties":{"id":"1041450383-1","name":""}},
{"type":"Feature","geometry":{"type":"LineString","coordinates":[[10.748764,59.94947],[10.749166,59.949306],[10.749187,59.949267]]},"properties":{"id":"1041450387-0","name":""}},
{"type":"Feature","geometry":{"type":"LineString","coordinates":[[10.748443,59.949289],[10.74888,59.949087]]},"properties":{"id":"1041450388-0","name":""}},
{"type":"Feature","geometry":{"type":"LineString","coordinates":[[10.750032,59.948697],[10.749912,59.94871],[10.749465,59.94874]]},"properties":{"id":"1041450390-0","name":""}},
{"type":"Feature","geometry":{"type":"LineString","coordinates":[[10.748881,59.948384],[10.74899,59.948682]]},"properties":{"id":"1041450392-0","name":""}},
{"type":"Feature","geometry":{"type":"LineString","coordinates":[[10.749078,59.948367],[10.749142,59.948559]]},"properties":{"id":"1041450393-0","name":""}},
{"type":"Feature","geometry":{"type":"LineString","coordinates":[[10.748185,59.949146],[10.748135,59.949167],[10.747726,59.949336],[10.747679,59.949336],[10.747562,59.949287]]},"properties":{"id":"1041450399-0","name":""}},
{"type":"Feature","geometry":{"type":"LineString","coordinates":[[10.745804,59.949902],[10.745813,59.950121]]},"properties":{"id":"1041450400-0","name":""}},
{"type":"Feature","geometry":{"type":"LineString","coordinates":[[10.74614,59.950584],[10.746136,59.950613],[10.746069,59.950871],[10.745918,59.950914],[10.745908,59.950946]]},"properties":{"id":"1041450401-0","name":""}},
{"type":"Feature","geometry":{"type":"LineString","coordinates":[[10.745508,59.950553],[10.745503,59.950579],[10.745473,59.950768],[10.745532,59.950857]]},"properties":{"id":"1041450402-0","name":""}},
{"type":"Feature","geometry":{"type":"LineString","coordinates":[[10.744748,59.95051],[10.74474,59.950541],[10.744724,59.950845]]},"properties":{"id":"1041450403-0","name":""}},
{"type":"Feature","geometry":{"type":"LineString","coordinates":[[10.744516,59.950844],[10.744151,59.950821]]},"properties":{"id":"1041450404-0","name":""}},
{"type":"Feature","geometry":{"type":"LineString","coordinates":[[10.744151,59.950821],[10.743881,59.950822]]},"properties":{"id":"1041450404-1","name":""}},
{"type":"Feature","geometry":{"type":"LineString","coordinates":[[10.743382,59.950438],[10.743372,59.950469],[10.743313,59.950785],[10.743473,59.950815]]},"properties":{"id":"1041450405-0","name":""}},
{"type":"Feature","geometry":{"type":"LineString","coordinates":[[10.744198,59.950122],[10.743663,59.950097]]},"properties":{"id":"1041450406-0","name":""}},
{"type":"Feature","geometry":{"type":"LineString","coordinates":[[10.742545,59.94986],[10.743421,59.949899]]},"properties":{"id":"1041450407-0","name":""}},
{"type":"Feature","geometry":{"type":"LineString","coordinates":[[10.7443,59.949742],[10.743764,59.949721]]},"properties":{"id":"1041450408-0","name":""}},
{"type":"Feature","geometry":{"type":"LineString","coordinates":[[10.742638,59.949651],[10.743536,59.949715]]},"properties":{"id":"1041450409-0","name":""}},
{"type":"Feature","geometry":{"type":"LineString","coordinates":[[10.742795,59.949294],[10.74352,59.949335]]},"properties":{"id":"1041450410-0","name":""}},
{"type":"Feature","geometry":{"type":"LineString","coordinates":[[10.744361,59.949413],[10.744932,59.94943]]},"properties":{"id":"1041450411-0","name":""}},
{"type":"Feature","geometry":{"type":"LineString","coordinates":[[10.745718,59.949664],[10.745167,59.949642]]},"properties":{"id":"1041450412-0","name":""}},
{"type":"Feature","geometry":{"type":"LineString","coordinates":[[10.747163,59.949028],[10.746685,59.949025]]},"properties":{"id":"1041450413-0","name":""}},
{"type":"Feature","geometry":{"type":"LineString","coordinates":[[10.747193,59.948804],[10.746655,59.948809]]},"properties":{"id":"1041450414-0","name":""}},
{"type":"Feature","geometry":{"type":"LineString","coordinates":[[10.744248,59.948287],[10.744786,59.948233]]},"properties":{"id":"1041450415-0","name":""}},
{"type":"Feature","geometry":{"type":"LineString","coordinates":[[10.744314,59.9485],[10.7436,59.948561]]},"properties":{"id":"1041450416-0","name":""}},
{"type":"Feature","geometry":{"type":"LineString","coordinates":[[10.744351,59.948673],[10.744856,59.948642]]},"properties":{"id":"1041450417-0","name":""}},
{"type":"Feature","geometry":{"type":"LineString","coordinates":[[10.744363,59.948807],[10.743827,59.948825]]},"properties":{"id":"1041450418-0","name":""}},
{"type":"Feature","geometry":{"type":"LineString","coordinates":[[10.744379,59.948988],[10.74384,59.948999]]},"properties":{"id":"1041450419-0","name":""}},
{"type":"Feature","geometry":{"type":"LineString","coordinates":[[10.74438,59.94904],[10.744921,59.94903]]},"properties":{"id":"1041450420-0","name":""}},
{"type":"Feature","geometry":{"type":"LineString","coordinates":[[10.744329,59.949604],[10.744864,59.949628]]},"properties":{"id":"1041450421-0","name":""}},
{"type":"Feature","geometry":{"type":"LineString","coordinates":[[10.73183,59.949364],[10.732096,59.949431],[10.732227,59.949473],[10.732551,59.94959],[10.732572,59.949609],[10.732582,59.949636],[10.732567,59.94967],[10.732498,59.949735]]},"properties":{"id":"1050720657-0","name":""}},
{"type":"Feature","geometry":{"type":"LineString","coordinates":[[10.733006,59.94805],[10.733006,59.948071],[10.732991,59.948085]]},"properties":{"id":"1050720658-0","name":""}},
{"type":"Feature","geometry":{"type":"LineString","coordinates":[[10.732991,59.948085],[10.732952,59.948122],[10.732766,59.948221],[10.73266,59.948315],[10.732636,59.948347],[10.732497,59.948532],[10.73236,59.948618],[10.732349,59.948624],[10.732293,59.948696]]},"properties":{"id":"1050720658-1","name":""}},
{"type":"Feature","geometry":{"type":"LineString","coordinates":[[10.732293,59.948696],[10.732234,59.948771],[10.732147,59.948882],[10.732139,59.948892],[10.731926,59.949149],[10.731894,59.949189],[10.731831,59.949269],[10.731818,59.94932],[10.73183,59.949364]]},"properties":{"id":"1050720658-2","name":""}},
{"type":"Feature","geometry":{"type":"LineString","coordinates":[[10.732498,59.949735],[10.732391,59.949695],[10.732083,59.949575],[10.732002,59.949533],[10.731931,59.94949],[10.731876,59.949432],[10.73183,59.949364]]},"properties":{"id":"1050720659-0","name":""}},
{"type":"Feature","geometry":{"type":"LineString","coordinates":[[10.765739,59.964619],[10.76605,59.964623],[10.766513,59.964634],[10.766589,59.964633]]},"properties":{"id":"1057813733-0","name":""}},
{"type":"Feature","geometry":{"type":"LineString","coordinates":[[10.766201,59.961707],[10.765702,59.961789],[10.765431,59.961793],[10.76535,59.961796]]},"properties":{"id":"1057813734-0","name":""}},
{"type":"Feature","geometry":{"type":"LineString","coordinates":[[10.766205,59.961808],[10.766293,59.961801],[10.766332,59.961813],[10.766358,59.961859],[10.766336,59.961891],[10.766248,59.961912],[10.765768,59.961986],[10.765472,59.962005],[10.76538,59.962008]]},"properties":{"id":"1057813735-0","name":""}},
{"type":"Feature","geometry":{"type":"LineString","coordinates":[[10.76695,59.96126],[10.766967,59.961231],[10.766966,59.961198],[10.766937,59.96117],[10.766878,59.961136],[10.766769,59.961087],[10.766745,59.961071],[10.766704,59.961024],[10.766655,59.960954],[10.76656,59.960817],[10.766549,59.960802],[10.766435,59.960649],[10.766369,59.960568],[10.766352,59.960527],[10.766353,59.960514]]},"properties":{"id":"1071321544-0","name":""}},
{"type":"Feature","geometry":{"type":"LineString","coordinates":[[10.766242,59.960056],[10.766288,59.96003],[10.766315,59.960015],[10.766327,59.95999],[10.766316,59.959957],[10.766253,59.959902],[10.766186,59.959843],[10.766157,59.959821]]},"properties":{"id":"1071321548-0","name":""}},
{"type":"Feature","geometry":{"type":"LineString","coordinates":[[10.765908,59.959893],[10.765955,59.959871],[10.766027,59.959835],[10.76606,59.959805],[10.766074,59.959765],[10.766074,59.959743],[10.766043,59.959719],[10.765885,59.959643],[10.765708,59.959552],[10.765613,59.959509],[10.765597,59.959502]]},"properties":{"id":"1071678649-0","name":""}},
{"type":"Feature","geometry":{"type":"LineString","coordinates":[[10.765597,59.959502],[10.765464,59.959494],[10.765314,59.959483],[10.765235,59.959469],[10.765182,59.959434],[10.76517,59.959406],[10.765117,59.959382],[10.764801,59.959249]]},"properties":{"id":"1071678650-0","name":""}},
{"type":"Feature","geometry":{"type":"LineString","coordinates":[[10.766473,59.960171],[10.766423,59.960193],[10.766262,59.960265],[10.766042,59.960363]]},"properties":{"id":"1071678656-0","name":""}},
{"type":"Feature","geometry":{"type":"LineString","coordinates":[[10.757485,59.954781],[10.7572,59.954524]]},"properties":{"id":"1071685529-0","name":""}},
{"type":"Feature","geometry":{"type":"LineString","coordinates":[[10.7572,59.954524],[10.757109,59.954442]]},"properties":{"id":"1071685530-0","name":""}},
{"type":"Feature","geometry":{"type":"LineString","coordinates":[[10.731899,59.962991],[10.731924,59.962944],[10.732013,59.962898],[10.73215,59.96288],[10.732211,59.96293],[10.732227,59.962975],[10.732224,59.963019]]},"properties":{"id":"1082830391-0","name":""}},
{"type":"Feature","geometry":{"type":"LineString","coordinates":[[10.763686,59.957959],[10.763691,59.958118]]},"properties":{"id":"1085663481-0","name":"Maridalsveien"}},
{"type":"Feature","geometry":{"type":"LineString","coordinates":[[10.763691,59.958118],[10.763715,59.95826]]},"properties":{"id":"1085663482-0","name":"Maridalsveien"}},
{"type":"Feature","geometry":{"type":"LineString","coordinates":[[10.764174,59.959313],[10.764228,59.959459]]},"properties":{"id":"1085663484-0","name":"Maridalsveien"}},
{"type":"Feature","geometry":{"type":"LineString","coordinates":[[10.759366,59.951855],[10.759515,59.951852]]},"properties":{"id":"1086315793-0","name":"Nygård terrasse"}},
{"type":"Feature","geometry":{"type":"LineString","coordinates":[[10.759233,59.951578],[10.759366,59.951855]]},"properties":{"id":"1086315794-0","name":"Nygård terrasse"}},
{"type":"Feature","geometry":{"type":"LineString","coordinates":[[10.759366,59.951855],[10.759398,59.951968]]},"properties":{"id":"1086315794-1","name":"Nygård terrasse"}},
{"type":"Feature","geometry":{"type":"LineString","coordinates":[[10.758509,59.951724],[10.758806,59.952103],[10.758833,59.952137]]},"properties":{"id":"1086315795-0","name":"Nygård terrasse"}},
{"type":"Feature","geometry":{"type":"LineString","coordinates":[[10.751405,59.950989],[10.75143,59.950944],[10.751518,59.950893],[10.751691,59.950819]]},"properties":{"id":"1086315800-0","name":""}},
{"type":"Feature","geometry":{"type":"LineString","coordinates":[[10.732533,59.947738],[10.732588,59.947686],[10.732602,59.947661]]},"properties":{"id":"1089640143-0","name":"Sognsveien"}},
{"type":"Feature","geometry":{"type":"LineString","coordinates":[[10.748965,59.952681],[10.748984,59.95261],[10.748992,59.952566],[10.749039,59.952544],[10.74912,59.952532],[10.74919,59.95254],[10.749231,59.952577],[10.749228,59.952616],[10.749185,59.952646],[10.749113,59.952665],[10.748965,59.952681]]},"properties":{"id":"1092277517-0","name":"Rektorhaugen"}},
{"type":"Feature","geometry":{"type":"LineString","coordinates":[[10.755952,59.963978],[10.755992,59.963974],[10.756041,59.963971],[10.75609,59.963974],[10.75613,59.963981],[10.756198,59.964003],[10.756261,59.964011],[10.756303,59.96401],[10.756345,59.964006],[10.756491,59.963982],[10.756629,59.963958],[10.756674,59.96395]]},"properties":{"id":"1093332427-0","name":""}},
{"type":"Feature","geometry":{"type":"LineString","coordinates":[[10.734356,59.959227],[10.735135,59.95925]]},"properties":{"id":"1097016363-0","name":""}},
{"type":"Feature","geometry":{"type":"LineString","coordinates":[[10.735005,59.958775],[10.734883,59.95877],[10.734707,59.958766],[10.734374,59.958756],[10.734162,59.958744]]},"properties":{"id":"1097016367-0","name":""}},
{"type":"Feature","geometry":{"type":"LineString","coordinates":[[10.75467,59.942102],[10.754471,59.942026],[10.754327,59.941969],[10.753996,59.941847],[10.753267,59.941668]]},"properties":{"id":"1099951103-0","name":"Stavangergata"}},
{"type":"Feature","geometry":{"type":"LineString","coordinates":[[10.753267,59.941668],[10.752455,59.941469],[10.75192,59.941336],[10.751782,59.941301]]},"properties":{"id":"1099951103-1","name":"Stavangergata"}},
{"type":"Feature","geometry":{"type":"LineString","coordinates":[[10.758832,59.960088],[10.758872,59.960072]]},"properties":{"id":"1104022057-0","name":"Hansegata"}},
{"type":"Feature","geometry":{"type":"LineString","coordinates":[[10.765696,59.953136],[10.766152,59.953203]]},"properties":{"id":"1104033318-0","name":""}},
{"type":"Feature","geometry":{"type":"LineString","coordinates":[[10.765152,59.954405],[10.765033,59.95436],[10.764903,59.954316],[10.764844,59.9543],[10.764776,59.954292],[10.764667,59.954294],[10.764566,59.954311],[10.764489,59.954339]]},"properties":{"id":"1104033330-0","name":""}},
{"type":"Feature","geometry":{"type":"LineString","coordinates":[[10.765613,59.954066],[10.765541,59.954048],[10.765491,59.954035],[10.765437,59.954025]]},"properties":{"id":"1104033335-0","name":""}},
{"type":"Feature","geometry":{"type":"LineString","coordinates":[[10.7654,59.954189],[10.765473,59.954193],[10.765555,59.954197]]},"properties":{"id":"1104033337-0","name":""}},
{"type":"Feature","geometry":{"type":"LineString","coordinates":[[10.765766,59.953903],[10.765702,59.953887],[10.765574,59.953855]]},"properties":{"id":"1104033338-0","name":""}},
{"type":"Feature","geometry":{"type":"LineString","coordinates":[[10.766404,59.954589],[10.76652,59.954815],[10.766532,59.954854],[10.766512,59.954901],[10.766436,59.954991],[10.766358,59.955087]]},"properties":{"id":"1104033339-0","name":""}},
{"type":"Feature","geometry":{"type":"LineString","coordinates":[[10.766358,59.955087],[10.766339,59.955111],[10.766282,59.955153],[10.766194,59.95519]]},"properties":{"id":"1104033339-1","name":""}},
{"type":"Feature","geometry":{"type":"LineString","coordinates":[[10.766399,59.954827],[10.766401,59.954905],[10.76638,59.954972],[10.766362,59.955041],[10.766358,59.955087]]},"properties":{"id":"1104033340-0","name":""}},
{"type":"Feature","geometry":{"type":"LineString","coordinates":[[10.766271,59.95487],[10.766269,59.954893],[10.766218,59.954945],[10.766152,59.954988],[10.766069,59.955012]]},"properties":{"id":"1104033341-0","name":""}},
{"type":"Feature","geometry":{"type":"LineString","coordinates":[[10.766463,59.955589],[10.76639,59.955598],[10.766358,59.955602],[10.766214,59.955629],[10.766132,59.955636],[10.766083,59.955623],[10.766038,59.955579],[10.765953,59.955458],[10.765929,59.955447],[10.765792,59.955474]]},"properties":{"id":"1104033342-0","name":""}},
{"type":"Feature","geometry":{"type":"LineString","coordinates":[[10.765613,59.954066],[10.765689,59.954082],[10.765718,59.954087]]},"properties":{"id":"1104033344-0","name":""}},
{"type":"Feature","geometry":{"type":"LineString","coordinates":[[10.760431,59.953536],[10.759936,59.95353],[10.759634,59.953528],[10.759029,59.953522],[10.758814,59.953551]]},"properties":{"id":"1104795908-0","name":""}},
{"type":"Feature","geometry":{"type":"LineString","coordinates":[[10.720917,59.958971],[10.720623,59.958899],[10.720511,59.958886],[10.720425,59.958882],[10.720373,59.958885],[10.720336,59.958901],[10.720305,59.958958],[10.720293,59.959029],[10.720302,59.959055]]},"properties":{"id":"1107546029-0","name":""}},
{"type":"Feature","geometry":{"type":"LineString","coordinates":[[10.720302,59.959055],[10.720309,59.959075],[10.72035,59.959125],[10.720489,59.959228],[10.720576,59.959294],[10.720619,59.959364],[10.720618,59.959424],[10.720622,59.959485]]},"properties":{"id":"1107546029-1","name":""}},
{"type":"Feature","geometry":{"type":"LineString","coordinates":[[10.760724,59.961048],[10.760589,59.960921],[10.760568,59.960898],[10.760482,59.960845]]},"properties":{"id":"1122265644-0","name":""}},
{"type":"Feature","geometry":{"type":"LineString","coordinates":[[10.722645,59.943155],[10.722512,59.943219],[10.722486,59.943239],[10.722475,59.943269]]},"properties":{"id":"1123061888-0","name":"Niels Henrik Abels vei"}},
{"type":"Feature","geometry":{"type":"LineString","coordinates":[[10.760038,59.951829],[10.759958,59.951509],[10.759925,59.951439]]},"properties":{"id":"1128133350-0","name":"Nygård terrasse"}},
{"type":"Feature","geometry":{"type":"LineString","coordinates":[[10.759791,59.952152],[10.759647,59.952164],[10.759593,59.952173],[10.759502,59.952202]]},"properties":{"id":"1128133366-0","name":"Nedre Stabburvei"}},
{"type":"Feature","geometry":{"type":"LineString","coordinates":[[10.759791,59.952152],[10.759843,59.952308],[10.759893,59.952417]]},"properties":{"id":"1128133367-0","name":"Nedre Stabburvei"}},
{"type":"Feature","geometry":{"type":"LineString","coordinates":[[10.760044,59.957677],[10.759954,59.95771],[10.759827,59.957767]]},"properties":{"id":"1128133370-0","name":"Heierstuveien"}},
{"type":"Feature","geometry":{"type":"LineString","coordinates":[[10.759827,59.957767],[10.759823,59.957781],[10.759832,59.95783],[10.759844,59.957847],[10.759868,59.957866],[10.759989,59.957939],[10.760244,59.95807],[10.760268,59.95807],[10.760289,59.958065]]},"properties":{"id":"1128133387-0","name":"Heierstuveien"}},
{"type":"Feature","geometry":{"type":"LineString","coordinates":[[10.731812,59.955077],[10.731878,59.955084],[10.731928,59.955094],[10.732011,59.955124],[10.732057,59.955145]]},"properties":{"id":"1128133390-0","name":"Bregneveien"}},
{"type":"Feature","geometry":{"type":"LineString","coordinates":[[10.735902,59.941467],[10.735851,59.941506],[10.735808,59.941538]]},"properties":{"id":"1128133393-0","name":"Ullevålsalléen"}},
{"type":"Feature","geometry":{"type":"LineString","coordinates":[[10.759827,59.957767],[10.759702,59.95776],[10.759616,59.957727],[10.759346,59.957604],[10.759228,59.957553]]},"properties":{"id":"1128133395-0","name":"Heierstuveien"}},
{"type":"Feature","geometry":{"type":"LineString","coordinates":[[10.732057,59.955145],[10.732012,59.95517],[10.731927,59.955236],[10.731904,59.955261]]},"properties":{"id":"1128133399-0","name":"Bregneveien"}},
{"type":"Feature","geometry":{"type":"LineString","coordinates":[[10.732367,59.954965],[10.732057,59.955145]]},"properties":{"id":"1128133400-0","name":"Bregneveien"}},
{"type":"Feature","geometry":{"type":"LineString","coordinates":[[10.759791,59.952152],[10.759967,59.952146],[10.760264,59.952124],[10.76048,59.952104],[10.760522,59.952103],[10.760547,59.952105],[10.760619,59.952124],[10.760656,59.952145],[10.760682,59.952164],[10.760709,59.952226]]},"properties":{"id":"1128133402-0","name":"Nedre Stabburvei"}},
{"type":"Feature","geometry":{"type":"LineString","coordinates":[[10.759756,59.95203],[10.759791,59.952152]]},"properties":{"id":"1128133403-0","name":"Nedre Stabburvei"}},
{"type":"Feature","geometry":{"type":"LineString","coordinates":[[10.74291,59.947742],[10.742905,59.947864]]},"properties":{"id":"1150231324-0","name":""}},
{"type":"Feature","geometry":{"type":"LineString","coordinates":[[10.742905,59.947864],[10.742902,59.947969],[10.742903,59.947983],[10.742922,59.948048],[10.74293,59.94806],[10.742942,59.948068],[10.742953,59.948073],[10.742968,59.948076],[10.742987,59.948078],[10.743014,59.948077],[10.743657,59.948053],[10.743682,59.94805]]},"properties":{"id":"1150231324-1","name":""}},
{"type":"Feature","geometry":{"type":"LineString","coordinates":[[10.743682,59.94805],[10.743683,59.94805],[10.743698,59.948045],[10.743711,59.948039],[10.743716,59.948031],[10.743719,59.948021],[10.743727,59.947904],[10.743726,59.947895],[10.74372,59.947888],[10.74371,59.947883],[10.743694,59.947879],[10.743676,59.947878],[10.742905,59.947864]]},"properties":{"id":"1150231324-2","name":""}},
{"type":"Feature","geometry":{"type":"LineString","coordinates":[[10.756133,59.948887],[10.756247,59.948929],[10.756501,59.948782],[10.75676,59.948613],[10.756807,59.948574]]},"properties":{"id":"1196915306-0","name":""}},
{"type":"Feature","geometry":{"type":"LineString","coordinates":[[10.757618,59.947983],[10.757681,59.948003],[10.757715,59.948012],[10.757805,59.948028],[10.757878,59.948028],[10.757941,59.948012]]},"properties":{"id":"1196915307-0","name":""}},
{"type":"Feature","geometry":{"type":"LineString","coordinates":[[10.757121,59.948],[10.756874,59.947906]]},"properties":{"id":"1196915308-0","name":""}},
{"type":"Feature","geometry":{"type":"LineString","coordinates":[[10.756848,59.948157],[10.756641,59.948094]]},"properties":{"id":"1196915309-0","name":""}},
{"type":"Feature","geometry":{"type":"LineString","coordinates":[[10.757559,59.948415],[10.757328,59.948569],[10.75726,59.948619],[10.757171,59.948674]]},"properties":{"id":"1196915310-0","name":""}},
{"type":"Feature","geometry":{"type":"LineString","coordinates":[[10.757783,59.948709],[10.75798,59.948617],[10.758123,59.948523],[10.758159,59.948505],[10.758213,59.94849],[10.758273,59.948495],[10.758417,59.948543]]},"properties":{"id":"1196915311-0","name":""}},
{"type":"Feature","geometry":{"type":"LineString","coordinates":[[10.758356,59.948304],[10.757944,59.948579],[10.757783,59.948709]]},"properties":{"id":"1196915312-0","name":""}},
{"type":"Feature","geometry":{"type":"LineString","coordinates":[[10.757783,59.948709],[10.757592,59.948836]]},"properties":{"id":"1196915312-1","name":""}},
{"type":"Feature","geometry":{"type":"LineString","coordinates":[[10.736392,59.963688],[10.736317,59.96369],[10.735824,59.963706]]},"properties":{"id":"1200615187-0","name":""}},
{"type":"Feature","geometry":{"type":"LineString","coordinates":[[10.765442,59.956587],[10.765365,59.956622],[10.76533,59.956629],[10.765286,59.956638],[10.765209,59.956643],[10.764956,59.956631]]},"properties":{"id":"1200618275-0","name":""}},
{"type":"Feature","geometry":{"type":"LineString","coordinates":[[10.723133,59.955941],[10.722835,59.955832],[10.722786,59.955802],[10.722803,59.955746],[10.722903,59.955617]]},"properties":{"id":"1200701328-0","name":""}},
{"type":"Feature","geometry":{"type":"LineString","coordinates":[[10.76464,59.96352],[10.764741,59.963531]]},"properties":{"id":"1201506866-0","name":""}},
{"type":"Feature","geometry":{"type":"LineString","coordinates":[[10.722402,59.94813],[10.722383,59.948068],[10.722373,59.94803],[10.722355,59.947989],[10.722307,59.947912],[10.722246,59.947863]]},"properties":{"id":"1202213547-0","name":""}},
{"type":"Feature","geometry":{"type":"LineString","coordinates":[[10.756807,59.948574],[10.756844,59.948549]]},"properties":{"id":"1215372281-0","name":""}},
{"type":"Feature","geometry":{"type":"LineString","coordinates":[[10.749524,59.96012],[10.749765,59.960077],[10.749857,59.960063],[10.7499,59.960067],[10.74995,59.960095],[10.750132,59.960254],[10.750288,59.960395]]},"properties":{"id":"1215878609-0","name":""}},
{"type":"Feature","geometry":{"type":"LineString","coordinates":[[10.752749,59.953471],[10.75281,59.953482],[10.752841,59.953482],[10.752873,59.953477],[10.752997,59.953435],[10.753128,59.95339],[10.75317,59.953383],[10.753217,59.953385],[10.75328,59.953394],[10.753965,59.953639]]},"properties":{"id":"1225408901-0","name":""}},
{"type":"Feature","geometry":{"type":"LineString","coordinates":[[10.755455,59.954921],[10.755524,59.954839],[10.755579,59.954806],[10.755796,59.954709],[10.756061,59.954582],[10.756075,59.954579]]},"properties":{"id":"1225408912-0","name":""}},
{"type":"Feature","geometry":{"type":"LineString","coordinates":[[10.754855,59.954763],[10.755373,59.954486],[10.755535,59.954397]]},"properties":{"id":"1225408914-0","name":""}},
{"type":"Feature","geometry":{"type":"LineString","coordinates":[[10.754726,59.953972],[10.754896,59.954053],[10.755048,59.954116],[10.755101,59.954134],[10.75519,59.954166]]},"properties":{"id":"1225408918-0","name":""}},
{"type":"Feature","geometry":{"type":"LineString","coordinates":[[10.75416,59.953676],[10.754223,59.953715],[10.754569,59.953854],[10.754798,59.953942]]},"properties":{"id":"1225408920-0","name":""}},
{"type":"Feature","geometry":{"type":"LineString","coordinates":[[10.7483,59.943854],[10.748301,59.943763]]},"properties":{"id":"1240859784-0","name":"Uelands gate"}},
{"type":"Feature","geometry":{"type":"LineString","coordinates":[[10.748301,59.943763],[10.748319,59.943627],[10.748345,59.943542],[10.748427,59.943386],[10.748515,59.943243]]},"properties":{"id":"1240859784-1","name":"Uelands gate"}},
{"type":"Feature","geometry":{"type":"LineString","coordinates":[[10.748484,59.944451],[10.748441,59.944334]]},"properties":{"id":"1240859785-0","name":"Uelands gate"}},
{"type":"Feature","geometry":{"type":"LineString","coordinates":[[10.723403,59.948698],[10.7238,59.94849]]},"properties":{"id":"1250196817-0","name":""}},
{"type":"Feature","geometry":{"type":"LineString","coordinates":[[10.7238,59.94849],[10.724496,59.948131]]},"properties":{"id":"1250196817-1","name":""}},
{"type":"Feature","geometry":{"type":"LineString","coordinates":[[10.725174,59.948387],[10.725308,59.948366],[10.725488,59.948385],[10.72564,59.948415],[10.725889,59.948484],[10.72646,59.948644],[10.726617,59.948687]]},"properties":{"id":"1250196818-0","name":"Klaus Torgårds vei"}},
{"type":"Feature","geometry":{"type":"LineString","coordinates":[[10.727211,59.950228],[10.728163,59.95049]]},"properties":{"id":"1250196819-0","name":""}},
{"type":"Feature","geometry":{"type":"LineString","coordinates":[[10.728163,59.95049],[10.728868,59.950684],[10.729037,59.950717],[10.729124,59.950742]]},"properties":{"id":"1250196819-1","name":""}},
{"type":"Feature","geometry":{"type":"LineString","coordinates":[[10.725468,59.950269],[10.725707,59.950214],[10.725764,59.950217],[10.725815,59.950231],[10.725847,59.950251],[10.725965,59.950362]]},"properties":{"id":"1250196820-0","name":""}},
{"type":"Feature","geometry":{"type":"LineString","coordinates":[[10.726684,59.950152],[10.726615,59.950217],[10.726405,59.950406],[10.726394,59.950518],[10.726361,59.950574],[10.726345,59.950617],[10.726328,59.950677],[10.726328,59.950715],[10.726338,59.95074],[10.726358,59.950759],[10.726394,59.95078],[10.726413,59.950786]]},"properties":{"id":"1250196821-0","name":"Sognsveien"}},
{"type":"Feature","geometry":{"type":"LineString","coordinates":[[10.726413,59.950786],[10.726567,59.950832],[10.727216,59.950996]]},"properties":{"id":"1250196821-1","name":"Sognsveien"}},
{"type":"Feature","geometry":{"type":"LineString","coordinates":[[10.726921,59.949837],[10.727244,59.949588],[10.727333,59.949517]]},"properties":{"id":"1250196822-0","name":"Sognsveien"}},
{"type":"Feature","geometry":{"type":"LineString","coordinates":[[10.727468,59.949554],[10.727512,59.949608],[10.727783,59.949688]]},"properties":{"id":"1250196823-0","name":"Sognsveien"}},
{"type":"Feature","geometry":{"type":"LineString","coordinates":[[10.727211,59.950228],[10.727052,59.950142],[10.72664,59.950019]]},"properties":{"id":"1250196824-0","name":"Sognsveien"}},
{"type":"Feature","geometry":{"type":"LineString","coordinates":[[10.727691,59.949371],[10.728802,59.94968]]},"properties":{"id":"1250196825-0","name":"Sognsveien"}},
{"type":"Feature","geometry":{"type":"LineString","coordinates":[[10.727783,59.949688],[10.728126,59.949787],[10.728417,59.949869],[10.728554,59.949901]]},"properties":{"id":"1250196826-0","name":"Sognsveien"}},
{"type":"Feature","geometry":{"type":"LineString","coordinates":[[10.728018,59.949084],[10.7274,59.948899],[10.726975,59.94878],[10.726909,59.948776],[10.726768,59.948776]]},"properties":{"id":"1250196827-0","name":"Sognsveien"}},
{"type":"Feature","geometry":{"type":"LineString","coordinates":[[10.727691,59.949371],[10.727892,59.949184],[10.728018,59.949084]]},"properties":{"id":"1250196828-0","name":"Sognsveien"}},
{"type":"Feature","geometry":{"type":"LineString","coordinates":[[10.726413,59.950786],[10.726455,59.950893],[10.726481,59.950918],[10.72656,59.950969],[10.726889,59.951114],[10.727094,59.951188],[10.727144,59.951204],[10.727187,59.951214],[10.727221,59.951215],[10.72726,59.95121],[10.727291,59.951197],[10.727393,59.951124]]},"properties":{"id":"1250196829-0","name":"Sognsveien"}},
{"type":"Feature","geometry":{"type":"LineString","coordinates":[[10.727211,59.950228],[10.727108,59.950233],[10.726977,59.950217],[10.726684,59.950152]]},"properties":{"id":"1250196830-0","name":"Sognsveien"}},
{"type":"Feature","geometry":{"type":"LineString","coordinates":[[10.726684,59.950152],[10.726369,59.950072],[10.726035,59.949976],[10.725624,59.949856],[10.725576,59.949825],[10.725574,59.9498],[10.725579,59.949793]]},"properties":{"id":"1250196830-1","name":"Sognsveien"}},
{"type":"Feature","geometry":{"type":"LineString","coordinates":[[10.725579,59.949793],[10.725632,59.949715],[10.725831,59.949522],[10.726077,59.949307],[10.726225,59.949232],[10.726252,59.949209]]},"properties":{"id":"1250196830-2","name":"Sognsveien"}},
{"type":"Feature","geometry":{"type":"LineString","coordinates":[[10.727468,59.949554],[10.727333,59.949517]]},"properties":{"id":"1250196831-0","name":"Sognsveien"}},
{"type":"Feature","geometry":{"type":"LineString","coordinates":[[10.72605,59.949046],[10.726262,59.949045],[10.726384,59.949047],[10.726422,59.949048]]},"properties":{"id":"1250196832-0","name":"Klaus Torgårds vei"}},
{"type":"Feature","geometry":{"type":"LineString","coordinates":[[10.727691,59.949371],[10.727468,59.949554]]},"properties":{"id":"1250196833-0","name":"Sognsveien"}},
{"type":"Feature","geometry":{"type":"LineString","coordinates":[[10.725012,59.949817],[10.725188,59.949744],[10.725226,59.949719],[10.725445,59.949573],[10.725583,59.949452]]},"properties":{"id":"1250196834-0","name":"Klaus Torgårds vei"}},
{"type":"Feature","geometry":{"type":"LineString","coordinates":[[10.725583,59.949452],[10.725898,59.949174],[10.72605,59.949046]]},"properties":{"id":"1250196834-1","name":"Klaus Torgårds vei"}},
{"type":"Feature","geometry":{"type":"LineString","coordinates":[[10.726252,59.949209],[10.726341,59.949231],[10.726485,59.949269],[10.726695,59.949323],[10.727044,59.949429],[10.727333,59.949517]]},"properties":{"id":"1250196835-0","name":"Sognsveien"}},
{"type":"Feature","geometry":{"type":"LineString","coordinates":[[10.724692,59.949501],[10.724813,59.949459],[10.724982,59.949388],[10.72506,59.949294],[10.725099,59.949225],[10.725246,59.949066]]},"properties":{"id":"1250196836-0","name":"Klaus Torgårds vei"}},
{"type":"Feature","geometry":{"type":"LineString","coordinates":[[10.725246,59.949066],[10.725345,59.948959],[10.725409,59.948915],[10.725431,59.948906],[10.725486,59.948899],[10.725696,59.948947],[10.72605,59.949046]]},"properties":{"id":"1250196836-1","name":"Klaus Torgårds vei"}},
{"type":"Feature","geometry":{"type":"LineString","coordinates":[[10.726768,59.948776],[10.726724,59.948791],[10.726422,59.949048]]},"properties":{"id":"1250196837-0","name":"Sognsveien"}},
{"type":"Feature","geometry":{"type":"LineString","coordinates":[[10.726422,59.949048],[10.726345,59.949117],[10.72631,59.949148],[10.726252,59.949209]]},"properties":{"id":"1250196837-1","name":"Sognsveien"}},
{"type":"Feature","geometry":{"type":"LineString","coordinates":[[10.741292,59.942827],[10.741248,59.942811],[10.741183,59.942791],[10.741041,59.942774],[10.740988,59.94278],[10.740936,59.942808],[10.740888,59.942811],[10.740554,59.942741]]},"properties":{"id":"1252136542-0","name":""}},
{"type":"Feature","geometry":{"type":"LineString","coordinates":[[10.758691,59.952798],[10.758822,59.952818],[10.758934,59.952833],[10.759048,59.952837],[10.759151,59.952832],[10.759214,59.952806],[10.759273,59.952765],[10.759335,59.952744],[10.759422,59.952724],[10.759513,59.952713],[10.759583,59.952713],[10.759719,59.952715],[10.759882,59.952718],[10.760014,59.952718]]},"properties":{"id":"1252287818-0","name":""}},
{"type":"Feature","geometry":{"type":"LineString","coordinates":[[10.760014,59.952718],[10.760074,59.952718],[10.760205,59.952723],[10.760332,59.952727],[10.760445,59.952731],[10.760532,59.952734],[10.760571,59.952765],[10.760589,59.9528],[10.760589,59.952859],[10.760582,59.952966],[10.760577,59.953043],[10.760584,59.953059],[10.760619,59.953068],[10.760685,59.953068],[10.760738,59.953069],[10.760814,59.953072]]},"properties":{"id":"1252287818-1","name":""}},
{"type":"Feature","geometry":{"type":"LineString","coordinates":[[10.765722,59.951635],[10.766215,59.95172],[10.766293,59.951734]]},"properties":{"id":"1254997809-0","name":""}},
{"type":"Feature","geometry":{"type":"LineString","coordinates":[[10.765982,59.95103],[10.766613,59.951133],[10.766685,59.951145]]},"properties":{"id":"1254997810-0","name":""}},
{"type":"Feature","geometry":{"type":"LineString","coordinates":[[10.766044,59.956406],[10.765975,59.956389],[10.765829,59.956413],[10.765749,59.956416],[10.765698,59.956406]]},"properties":{"id":"1270227554-0","name":""}},
{"type":"Feature","geometry":{"type":"LineString","coordinates":[[10.755378,59.942034],[10.755122,59.942048]]},"properties":{"id":"1270859601-0","name":"Sarpsborggata"}},
{"type":"Feature","geometry":{"type":"LineString","coordinates":[[10.766227,59.949728],[10.766345,59.949749],[10.766789,59.949828]]},"properties":{"id":"1275434042-0","name":""}},
{"type":"Feature","geometry":{"type":"LineString","coordinates":[[10.758439,59.963764],[10.758597,59.963772],[10.758689,59.963774],[10.758754,59.963771],[10.758819,59.963771],[10.758888,59.963773]]},"properties":{"id":"1276234508-0","name":""}},
{"type":"Feature","geometry":{"type":"LineString","coordinates":[[10.757613,59.963519],[10.757783,59.963499],[10.757896,59.963511],[10.757961,59.96354],[10.75805,59.9636]]},"properties":{"id":"1276234512-0","name":""}},
{"type":"Feature","geometry":{"type":"LineString","coordinates":[[10.757697,59.963696],[10.757946,59.963635],[10.75805,59.9636]]},"properties":{"id":"1276234513-0","name":""}},
{"type":"Feature","geometry":{"type":"LineString","coordinates":[[10.75805,59.9636],[10.758878,59.963463]]},"properties":{"id":"1276234513-1","name":""}},
{"type":"Feature","geometry":{"type":"LineString","coordinates":[[10.721864,59.956012],[10.721777,59.956036],[10.721645,59.956033],[10.721224,59.955979],[10.720516,59.955875]]},"properties":{"id":"1282419230-0","name":"Gaustadveien"}},
{"type":"Feature","geometry":{"type":"LineString","coordinates":[[10.720516,59.955875],[10.720348,59.95585],[10.720301,59.955838],[10.720273,59.955818],[10.7202,59.955638],[10.720187,59.955625],[10.720153,59.955605],[10.720108,59.955588],[10.719515,59.955495]]},"properties":{"id":"1282419230-1","name":"Gaustadveien"}},
{"type":"Feature","geometry":{"type":"LineString","coordinates":[[10.720663,59.955498],[10.721,59.955622],[10.721073,59.955631],[10.721166,59.955576]]},"properties":{"id":"1282419239-0","name":""}},
{"type":"Feature","geometry":{"type":"LineString","coordinates":[[10.72068,59.954734],[10.720695,59.95474],[10.720711,59.954748],[10.720722,59.95476],[10.720658,59.955118],[10.720608,59.955178],[10.720597,59.955219],[10.720579,59.955243],[10.72054,59.955264],[10.720499,59.955287]]},"properties":{"id":"1282419242-0","name":""}},
{"type":"Feature","geometry":{"type":"LineString","coordinates":[[10.74062,59.963211],[10.740658,59.963454],[10.740597,59.963469],[10.74032,59.963484],[10.740161,59.963493],[10.740101,59.963496]]},"properties":{"id":"1290898639-0","name":""}},
{"type":"Feature","geometry":{"type":"LineString","coordinates":[[10.747219,59.941811],[10.747468,59.942297],[10.747507,59.942365]]},"properties":{"id":"1295810124-1","name":"Tåsenveien"}},
{"type":"Feature","geometry":{"type":"LineString","coordinates":[[10.747507,59.942365],[10.747827,59.942967],[10.747856,59.943022],[10.747867,59.943054],[10.747866,59.943069],[10.747855,59.943083]]},"properties":{"id":"1295810124-2","name":"Tåsenveien"}},
{"type":"Feature","geometry":{"type":"LineString","coordinates":[[10.749812,59.944426],[10.7496,59.944447]]},"properties":{"id":"1295810936-0","name":"Biskop Heuchs vei"}},
{"type":"Feature","geometry":{"type":"LineString","coordinates":[[10.7496,59.944447],[10.749116,59.944476]]},"properties":{"id":"1295810936-1","name":"Biskop Heuchs vei"}},
{"type":"Feature","geometry":{"type":"LineString","coordinates":[[10.724405,59.949242],[10.724473,59.949218],[10.724567,59.949183]]},"properties":{"id":"1296048831-0","name":"Klaus Torgårds vei"}},
{"type":"Feature","geometry":{"type":"LineString","coordinates":[[10.724771,59.949033],[10.724816,59.948992],[10.724863,59.948948]]},"properties":{"id":"1296048832-0","name":""}},
{"type":"Feature","geometry":{"type":"LineString","coordinates":[[10.724863,59.948948],[10.725113,59.948714],[10.725116,59.948694],[10.725092,59.948676],[10.725043,59.948666],[10.724974,59.948668],[10.724891,59.948693],[10.724829,59.948726],[10.724778,59.948775],[10.724756,59.948832],[10.724773,59.948878],[10.72481,59.948914],[10.724863,59.948948]]},"properties":{"id":"1296048832-1","name":""}},
{"type":"Feature","geometry":{"type":"LineString","coordinates":[[10.724853,59.941968],[10.725529,59.941596]]},"properties":{"id":"1305652653-0","name":""}},
{"type":"Feature","geometry":{"type":"LineString","coordinates":[[10.737772,59.961687],[10.737525,59.961659],[10.737299,59.961629],[10.737109,59.9616],[10.736902,59.961561],[10.736695,59.961517]]},"properties":{"id":"1306610895-0","name":"Carl Kjelsens vei"}},
{"type":"Feature","geometry":{"type":"LineString","coordinates":[[10.736695,59.961517],[10.73661,59.961499],[10.736414,59.961453],[10.7362,59.961396],[10.735994,59.961338],[10.735704,59.961245]]},"properties":{"id":"1306610895-1","name":"Carl Kjelsens vei"}},
{"type":"Feature","geometry":{"type":"LineString","coordinates":[[10.749486,59.956614],[10.749172,59.956547],[10.749117,59.956536],[10.749016,59.956533],[10.748799,59.95654],[10.74856,59.95655],[10.748407,59.956554],[10.748285,59.95655]]},"properties":{"id":"1313468332-0","name":""}},
{"type":"Feature","geometry":{"type":"LineString","coordinates":[[10.748943,59.956725],[10.748801,59.956763],[10.748625,59.956813],[10.748414,59.956888],[10.748271,59.956942]]},"properties":{"id":"1313468333-0","name":""}},
{"type":"Feature","geometry":{"type":"LineString","coordinates":[[10.722826,59.959482],[10.722433,59.959477]]},"properties":{"id":"1327852912-0","name":""}},
{"type":"Feature","geometry":{"type":"LineString","coordinates":[[10.764779,59.956025],[10.764712,59.956037],[10.764693,59.956041],[10.76464,59.956057],[10.764641,59.956088],[10.764691,59.956158]]},"properties":{"id":"1336647829-0","name":""}},
{"type":"Feature","geometry":{"type":"LineString","coordinates":[[10.722745,59.960087],[10.722686,59.960164],[10.722636,59.960231],[10.722589,59.960279],[10.722561,59.960318]]},"properties":{"id":"1364735536-0","name":""}},
{"type":"Feature","geometry":{"type":"LineString","coordinates":[[10.722898,59.960311],[10.722828,59.960284],[10.722794,59.960255]]},"properties":{"id":"1364735537-0","name":""}},
{"type":"Feature","geometry":{"type":"LineString","coordinates":[[10.743814,59.951513],[10.744237,59.952093],[10.744098,59.95229]]},"properties":{"id":"1434443891-0","name":""}},
{"type":"Feature","geometry":{"type":"LineString","coordinates":[[10.744098,59.95229],[10.74406,59.952343],[10.742742,59.952739]]},"properties":{"id":"1434443891-1","name":""}},
{"type":"Feature","geometry":{"type":"LineString","coordinates":[[10.742742,59.952739],[10.741625,59.953074],[10.741278,59.95306]]},"properties":{"id":"1434443891-2","name":""}},
{"type":"Feature","geometry":{"type":"LineString","coordinates":[[10.741278,59.95306],[10.740992,59.95305],[10.740369,59.952443]]},"properties":{"id":"1434443891-3","name":""}},
{"type":"Feature","geometry":{"type":"LineString","coordinates":[[10.740369,59.952443],[10.739818,59.951905],[10.739399,59.951833]]},"properties":{"id":"1434443891-4","name":""}},
{"type":"Feature","geometry":{"type":"LineString","coordinates":[[10.728443,59.96476],[10.728793,59.964706],[10.729014,59.964672]]},"properties":{"id":"1455536930-0","name":""}},
{"type":"Feature","geometry":{"type":"LineString","coordinates":[[10.728234,59.964463],[10.728349,59.964655],[10.728443,59.96476]]},"properties":{"id":"1455536931-0","name":""}},
{"type":"Feature","geometry":{"type":"LineString","coordinates":[[10.73614,59.950357],[10.73607,59.950341],[10.736214,59.950157],[10.735774,59.950061],[10.735238,59.949973]]},"properties":{"id":"1457084571-0","name":""}},
{"type":"Feature","geometry":{"type":"LineString","coordinates":[[10.735238,59.949973],[10.735231,59.949972],[10.734935,59.950098],[10.733886,59.949902]]},"properties":{"id":"1457084571-1","name":""}},
{"type":"Feature","geometry":{"type":"LineString","coordinates":[[10.733886,59.949902],[10.732466,59.949637]]},"properties":{"id":"1457084571-2","name":""}},
{"type":"Feature","geometry":{"type":"LineString","coordinates":[[10.724567,59.949183],[10.72475,59.949161],[10.724881,59.949115]]},"properties":{"id":"1473772503-0","name":"Klaus Torgårds vei"}},
{"type":"Feature","geometry":{"type":"LineString","coordinates":[[10.724567,59.949183],[10.724771,59.949033]]},"properties":{"id":"1473772504-0","name":""}},
{"type":"Feature","geometry":{"type":"LineString","coordinates":[[10.758707,59.94434],[10.75858,59.944423]]},"properties":{"id":"1473776336-0","name":""}},
{"type":"Feature","geometry":{"type":"LineString","coordinates":[[10.755745,59.958977],[10.755773,59.959028],[10.755805,59.959085],[10.755926,59.959357]]},"properties":{"id":"1502110972-0","name":"Åmotveien"}},
{"type":"Feature","geometry":{"type":"LineString","coordinates":[[10.755926,59.959357],[10.756212,59.96007]]},"properties":{"id":"1502110972-1","name":"Åmotveien"}},
{"type":"Feature","geometry":{"type":"LineString","coordinates":[[10.756212,59.96007],[10.756398,59.960517],[10.756449,59.960641]]},"properties":{"id":"1502110972-2","name":"Åmotveien"}},
{"type":"Feature","geometry":{"type":"LineString","coordinates":[[10.756449,59.960641],[10.756465,59.96068],[10.756543,59.960888],[10.756586,59.96099],[10.756637,59.961087],[10.756681,59.961152],[10.756732,59.961204]]},"properties":{"id":"1502110972-3","name":"Åmotveien"}},
{"type":"Feature","geometry":{"type":"LineString","coordinates":[[10.756732,59.961204],[10.756804,59.961256],[10.757169,59.961484],[10.757511,59.961698],[10.75754,59.961715],[10.757654,59.961794]]},"properties":{"id":"1502110972-4","name":"Åmotveien"}},
{"type":"Feature","geometry":{"type":"LineString","coordinates":[[10.760154,59.945265],[10.760038,59.94527],[10.759708,59.945281],[10.759757,59.94562],[10.760055,59.945613],[10.76019,59.94561]]},"properties":{"id":"1505296718-0","name":""}},
{"type":"Feature","geometry":{"type":"LineString","coordinates":[[10.72877,59.952002],[10.728689,59.952131],[10.72866,59.952374]]},"properties":{"id":"1525588773-0","name":"Jon P. Erliens vei"}},
{"type":"Feature","geometry":{"type":"LineString","coordinates":[[10.729292,59.952014],[10.72877,59.952002]]},"properties":{"id":"1525588774-0","name":"Jon P. Erliens vei"}},
{"type":"Feature","geometry":{"type":"LineString","coordinates":[[10.731785,59.941274],[10.732461,59.941598],[10.732532,59.941631]]},"properties":{"id":"1528119519-3","name":"John Colletts allé"}},
{"type":"Feature","geometry":{"type":"LineString","coordinates":[[10.732532,59.941631],[10.732821,59.94176],[10.733164,59.941912]]},"properties":{"id":"1528119519-4","name":"John Colletts allé"}},
{"type":"Feature","geometry":{"type":"LineString","coordinates":[[10.733164,59.941912],[10.733238,59.941937]]},"properties":{"id":"1528119519-5","name":"John Colletts allé"}},
{"type":"Feature","geometry":{"type":"LineString","coordinates":[[10.733238,59.941937],[10.733379,59.941986],[10.733808,59.942115]]},"properties":{"id":"1528119519-6","name":"John Colletts allé"}},
{"type":"Feature","geometry":{"type":"LineString","coordinates":[[10.733808,59.942115],[10.735135,59.942528]]},"properties":{"id":"1528119519-7","name":"John Colletts allé"}},
{"type":"Feature","geometry":{"type":"LineString","coordinates":[[10.735135,59.942528],[10.735716,59.942736],[10.736185,59.942934]]},"properties":{"id":"1528119519-8","name":"John Colletts allé"}},
{"type":"Feature","geometry":{"type":"LineString","coordinates":[[10.736185,59.942934],[10.73675,59.943217]]},"properties":{"id":"1528119519-9","name":"John Colletts allé"}},
{"type":"Feature","geometry":{"type":"LineString","coordinates":[[10.73675,59.943217],[10.736864,59.943277],[10.737247,59.943477],[10.737582,59.943657],[10.737786,59.943765]]},"properties":{"id":"1528119519-10","name":"John Colletts allé"}},
{"type":"Feature","geometry":{"type":"LineString","coordinates":[[10.737786,59.943765],[10.737938,59.943845],[10.738742,59.9443],[10.738791,59.944328]]},"properties":{"id":"1528119519-11","name":"John Colletts allé"}},
{"type":"Feature","geometry":{"type":"LineString","coordinates":[[10.738791,59.944328],[10.739387,59.944663],[10.739797,59.944921]]},"properties":{"id":"1528119528-0","name":"John Colletts allé"}},
{"type":"Feature","geometry":{"type":"LineString","coordinates":[[10.739797,59.944921],[10.739857,59.94496],[10.740689,59.94556]]},"properties":{"id":"1528119528-1","name":"John Colletts allé"}},
{"type":"Feature","geometry":{"type":"LineString","coordinates":[[10.740689,59.94556],[10.741197,59.945927],[10.741494,59.946224]]},"properties":{"id":"1528119528-2","name":"John Colletts allé"}},
{"type":"Feature","geometry":{"type":"LineString","coordinates":[[10.741494,59.946224],[10.741583,59.946313],[10.741793,59.946612],[10.741829,59.946675],[10.74189,59.946781],[10.741935,59.94686],[10.74199,59.946961]]},"properties":{"id":"1528119528-3","name":"John Colletts allé"}},
{"type":"Feature","geometry":{"type":"LineString","coordinates":[[10.74199,59.946961],[10.742011,59.947],[10.74213,59.947222],[10.742275,59.94749],[10.742414,59.947711]]},"properties":{"id":"1528119528-4","name":"John Colletts allé"}},
{"type":"Feature","geometry":{"type":"LineString","coordinates":[[10.725174,59.948387],[10.725238,59.948608],[10.725272,59.948639]]},"properties":{"id":"1538960023-0","name":""}},
{"type":"Feature","geometry":{"type":"LineString","coordinates":[[10.747507,59.942365],[10.74789,59.942331],[10.748172,59.942329],[10.748686,59.942346]]},"properties":{"id":"1543828293-0","name":"Spångbergveien"}},
{"type":"Feature","geometry":{"type":"LineString","coordinates":[[10.735316,59.941376],[10.734895,59.941705],[10.734657,59.941626]]},"properties":{"id":"1544643990-0","name":""}},
{"type":"Feature","geometry":{"type":"LineString","coordinates":[[10.723518,59.94698],[10.723299,59.946898],[10.723083,59.946688],[10.722928,59.94655]]},"properties":{"id":"1545178709-0","name":""}},
{"type":"Feature","geometry":{"type":"LineString","coordinates":[[10.722122,59.946294],[10.722026,59.946295],[10.721835,59.946297]]},"properties":{"id":"1546880166-0","name":"Problemveien"}},
{"type":"Feature","geometry":{"type":"LineString","coordinates":[[10.722122,59.946294],[10.722172,59.946158],[10.722226,59.946103],[10.723004,59.945811],[10.723089,59.945806],[10.723203,59.94582]]},"properties":{"id":"1546880170-0","name":"Problemveien"}},
{"type":"Feature","geometry":{"type":"LineString","coordinates":[[10.74915,59.946445],[10.749271,59.946429],[10.749304,59.946425],[10.749678,59.9464],[10.750047,59.946372],[10.750353,59.946339]]},"properties":{"id":"1548423207-0","name":"Godals vei"}},
{"type":"Feature","geometry":{"type":"LineString","coordinates":[[10.750353,59.946339],[10.751528,59.94604]]},"properties":{"id":"1548424848-0","name":"Godals vei"}},
{"type":"Feature","geometry":{"type":"LineString","coordinates":[[10.757662,59.953484],[10.757644,59.953474],[10.757522,59.953432],[10.757337,59.953408],[10.756871,59.9534],[10.756751,59.953397],[10.756642,59.953398]]},"properties":{"id":"1548438737-0","name":"Bergrådveien"}},
{"type":"Feature","geometry":{"type":"LineString","coordinates":[[10.739664,59.950863],[10.739661,59.950844],[10.73964,59.950793]]},"properties":{"id":"1551296074-0","name":""}},
{"type":"Feature","geometry":{"type":"LineString","coordinates":[[10.73964,59.950793],[10.739683,59.950806],[10.73973,59.950835],[10.739764,59.950861]]},"properties":{"id":"1551296075-0","name":""}},
{"type":"Feature","geometry":{"type":"LineString","coordinates":[[10.741283,59.95169],[10.741296,59.951657],[10.741316,59.951606],[10.741324,59.951584]]},"properties":{"id":"1551296077-0","name":""}},
{"type":"Feature","geometry":{"type":"LineString","coordinates":[[10.749689,59.953441],[10.749705,59.953477]]},"properties":{"id":"1551296100-0","name":"Nordbergveien"}},
{"type":"Feature","geometry":{"type":"LineString","coordinates":[[10.749705,59.953477],[10.749703,59.953511],[10.749682,59.953557]]},"properties":{"id":"1551296100-1","name":"Nordbergveien"}},
{"type":"Feature","geometry":{"type":"LineString","coordinates":[[10.749682,59.953557],[10.749667,59.95359],[10.749603,59.953637]]},"properties":{"id":"1551296101-0","name":"Nordbergveien"}},
{"type":"Feature","geometry":{"type":"LineString","coordinates":[[10.749603,59.953637],[10.749574,59.953582],[10.749588,59.953547],[10.74961,59.953502],[10.749637,59.953471]]},"properties":{"id":"1551296102-0","name":"Nordbergveien"}},
{"type":"Feature","geometry":{"type":"LineString","coordinates":[[10.749637,59.953471],[10.749689,59.953441]]},"properties":{"id":"1551296102-1","name":"Nordbergveien"}},
{"type":"Feature","geometry":{"type":"LineString","coordinates":[[10.750488,59.952291],[10.750545,59.952252],[10.750619,59.952207]]},"properties":{"id":"1551296110-0","name":"Nordbergveien"}},
{"type":"Feature","geometry":{"type":"LineString","coordinates":[[10.729836,59.950424],[10.729944,59.950343]]},"properties":{"id":"1551296130-0","name":"Sognsveien"}},
{"type":"Feature","geometry":{"type":"LineString","coordinates":[[10.729944,59.950343],[10.729963,59.950329]]},"properties":{"id":"1551296130-1","name":"Sognsveien"}},
{"type":"Feature","geometry":{"type":"LineString","coordinates":[[10.729401,59.950719],[10.729759,59.950476],[10.729836,59.950424]]},"properties":{"id":"1551296139-0","name":"Sognsveien"}},
{"type":"Feature","geometry":{"type":"LineString","coordinates":[[10.729213,59.950848],[10.729315,59.950778]]},"properties":{"id":"1551296143-0","name":"Sognsveien"}},
{"type":"Feature","geometry":{"type":"LineString","coordinates":[[10.729315,59.950778],[10.72939,59.950726],[10.729401,59.950719]]},"properties":{"id":"1551296143-1","name":"Sognsveien"}},
{"type":"Feature","geometry":{"type":"LineString","coordinates":[[10.744039,59.947802],[10.744239,59.947807]]},"properties":{"id":"1553674419-0","name":"Nils Lauritssøns vei"}},
{"type":"Feature","geometry":{"type":"LineString","coordinates":[[10.744239,59.947807],[10.744528,59.947832],[10.744815,59.947868],[10.745267,59.947967],[10.745272,59.947968],[10.74562,59.948044]]},"properties":{"id":"1553674419-1","name":"Nils Lauritssøns vei"}},
{"type":"Feature","geometry":{"type":"LineString","coordinates":[[10.74562,59.948044],[10.745888,59.948094]]},"properties":{"id":"1553674419-2","name":"Nils Lauritssøns vei"}},
{"type":"Feature","geometry":{"type":"LineString","coordinates":[[10.745888,59.948094],[10.746605,59.948244],[10.746764,59.948292]]},"properties":{"id":"1553674419-3","name":"Nils Lauritssøns vei"}},
{"type":"Feature","geometry":{"type":"LineString","coordinates":[[10.746764,59.948292],[10.746805,59.948304],[10.747363,59.948668]]},"properties":{"id":"1553674419-4","name":"Nils Lauritssøns vei"}},
{"type":"Feature","geometry":{"type":"LineString","coordinates":[[10.747363,59.948668],[10.747982,59.949036],[10.748185,59.949146]]},"properties":{"id":"1553674419-5","name":"Nils Lauritssøns vei"}},
{"type":"Feature","geometry":{"type":"LineString","coordinates":[[10.748185,59.949146],[10.748242,59.949177]]},"properties":{"id":"1553674419-6","name":"Nils Lauritssøns vei"}},
{"type":"Feature","geometry":{"type":"LineString","coordinates":[[10.748242,59.949177],[10.748296,59.949207],[10.748443,59.949289]]},"properties":{"id":"1553674419-7","name":"Nils Lauritssøns vei"}},
{"type":"Feature","geometry":{"type":"LineString","coordinates":[[10.748443,59.949289],[10.748551,59.94935]]},"properties":{"id":"1553674419-8","name":"Nils Lauritssøns vei"}},
{"type":"Feature","geometry":{"type":"LineString","coordinates":[[10.748551,59.94935],[10.748764,59.94947]]},"properties":{"id":"1553674419-9","name":"Nils Lauritssøns vei"}},
{"type":"Feature","geometry":{"type":"LineString","coordinates":[[10.748764,59.94947],[10.749043,59.949627],[10.749153,59.949688]]},"properties":{"id":"1553674419-10","name":"Nils Lauritssøns vei"}},
{"type":"Feature","geometry":{"type":"LineString","coordinates":[[10.749153,59.949688],[10.749721,59.950005]]},"properties":{"id":"1553674419-11","name":"Nils Lauritssøns vei"}},
{"type":"Feature","geometry":{"type":"LineString","coordinates":[[10.749721,59.950005],[10.749753,59.950023],[10.750071,59.950187],[10.750265,59.950282]]},"properties":{"id":"1553674419-12","name":"Nils Lauritssøns vei"}},
{"type":"Feature","geometry":{"type":"LineString","coordinates":[[10.754971,59.942234],[10.754854,59.942189]]},"properties":{"id":"1560310600-0","name":"Stavangergata"}},
{"type":"Feature","geometry":{"type":"LineString","coordinates":[[10.754854,59.942189],[10.75467,59.942102]]},"properties":{"id":"1560310600-1","name":"Stavangergata"}}
]}
