{"type":"FeatureCollection","features":[
{"type":"Feature","geometry":{"type":"LineString","coordinates":[[10.743585,59.951637],[10.743985,59.951679],[10.744447,59.951709],[10.744585,59.951687],[10.744693,59.951637],[10.74479,59.951568],[10.744816,59.951557]]},"properties":{"id":"4742279-0","route":1,"name":"Gjennomfaret"}},
{"type":"Feature","geometry":{"type":"LineString","coordinates":[[10.744816,59.951557],[10.74488,59.95153],[10.744986,59.951529],[10.746151,59.951621]]},"properties":{"id":"4742279-1","route":1,"name":"Gjennomfaret"}},
{"type":"Feature","geometry":{"type":"LineString","coordinates":[[10.746151,59.951621],[10.747503,59.951729]]},"properties":{"id":"4742279-2","route":1,"name":"Gjennomfaret"}},
{"type":"Feature","geometry":{"type":"LineString","coordinates":[[10.747503,59.951729],[10.748855,59.951836]]},"properties":{"id":"4742279-3","route":1,"name":"Gjennomfaret"}},
{"type":"Feature","geometry":{"type":"LineString","coordinates":[[10.742475,59.950391],[10.742756,59.950405],[10.743382,59.950438]]},"properties":{"id":"4606001-0","route":1,"name":"Irisveien"}},
{"type":"Feature","geometry":{"type":"LineString","coordinates":[[10.743382,59.950438],[10.744095,59.950475]]},"properties":{"id":"4606001-1","route":1,"name":"Irisveien"}},
{"type":"Feature","geometry":{"type":"LineString","coordinates":[[10.744095,59.950475],[10.74423,59.950481]]},"properties":{"id":"4606001-2","route":1,"name":"Irisveien"}},
{"type":"Feature","geometry":{"type":"LineString","coordinates":[[10.74423,59.950481],[10.744599,59.950501],[10.744748,59.95051]]},"properties":{"id":"4606001-3","route":1,"name":"Irisveien"}},
{"type":"Feature","geometry":{"type":"LineString","coordinates":[[10.744748,59.95051],[10.745089,59.950529],[10.745508,59.950553]]},"properties":{"id":"4606001-4","route":1,"name":"Irisveien"}},
{"type":"Feature","geometry":{"type":"LineString","coordinates":[[10.745508,59.950553],[10.745577,59.950557],[10.745643,59.95056],[10.74614,59.950584]]},"properties":{"id":"4606001-5","route":1,"name":"Irisveien"}},
{"type":"Feature","geometry":{"type":"LineString","coordinates":[[10.74614,59.950584],[10.746544,59.950604]]},"properties":{"id":"4606001-6","route":1,"name":"Irisveien"}},
{"type":"Feature","geometry":{"type":"LineString","coordinates":[[10.746544,59.950604],[10.746812,59.950617]]},"properties":{"id":"4606001-7","route":1,"name":"Irisveien"}},
{"type":"Feature","geometry":{"type":"LineString","coordinates":[[10.746812,59.950617],[10.747125,59.950632]]},"properties":{"id":"4606001-8","route":1,"name":"Irisveien"}},
{"type":"Feature","geometry":{"type":"LineString","coordinates":[[10.747125,59.950632],[10.747296,59.95064],[10.747564,59.950643]]},"properties":{"id":"4606001-9","route":1,"name":"Irisveien"}},
{"type":"Feature","geometry":{"type":"LineString","coordinates":[[10.747564,59.950643],[10.747992,59.950637],[10.748456,59.950596],[10.748645,59.950565]]},"properties":{"id":"4606001-10","route":1,"name":"Irisveien"}},
{"type":"Feature","geometry":{"type":"LineString","coordinates":[[10.748645,59.950565],[10.748796,59.95054]]},"properties":{"id":"4606001-11","route":1,"name":"Irisveien"}},
{"type":"Feature","geometry":{"type":"LineString","coordinates":[[10.748796,59.95054],[10.749228,59.950469],[10.749283,59.95046]]},"properties":{"id":"4606001-12","route":1,"name":"Irisveien"}},
{"type":"Feature","geometry":{"type":"LineString","coordinates":[[10.749283,59.95046],[10.749678,59.950394]]},"properties":{"id":"4606001-13","route":1,"name":"Irisveien"}},
{"type":"Feature","geometry":{"type":"LineString","coordinates":[[10.749678,59.950394],[10.750076,59.950328],[10.750265,59.950282]]},"properties":{"id":"4606001-14","route":1,"name":"Irisveien"}},
{"type":"Feature","geometry":{"type":"LineString","coordinates":[[10.750265,59.950282],[10.750539,59.950237],[10.75064,59.950186]]},"properties":{"id":"4606001-15","route":1,"name":"Irisveien"}},
{"type":"Feature","geometry":{"type":"LineString","coordinates":[[10.742414,59.947711],[10.74255,59.947938],[10.742701,59.948233],[10.742742,59.948331],[10.742746,59.948343]]},"properties":{"id":"3630726-0","route":1,"name":"John Colletts allé"}},
{"type":"Feature","geometry":{"type":"LineString","coordinates":[[10.742746,59.948343],[10.742805,59.948514],[10.742825,59.948622],[10.742845,59.948766],[10.742845,59.94886],[10.742838,59.948994]]},"properties":{"id":"3630726-1","route":1,"name":"John Colletts allé"}},
{"type":"Feature","geometry":{"type":"LineString","coordinates":[[10.742838,59.948994],[10.742827,59.949109],[10.742805,59.949253],[10.742795,59.949294]]},"properties":{"id":"3630726-2","route":1,"name":"John Colletts allé"}},
{"type":"Feature","geometry":{"type":"LineString","coordinates":[[10.742795,59.949294],[10.742638,59.949651]]},"properties":{"id":"3630726-3","route":1,"name":"John Colletts allé"}},
{"type":"Feature","geometry":{"type":"LineString","coordinates":[[10.742638,59.949651],[10.742545,59.94986]]},"properties":{"id":"3630726-4","route":1,"name":"John Colletts allé"}},
{"type":"Feature","geometry":{"type":"LineString","coordinates":[[10.742545,59.94986],[10.742454,59.950028]]},"properties":{"id":"3630726-5","route":1,"name":"John Colletts allé"}},
{"type":"Feature","geometry":{"type":"LineString","coordinates":[[10.742454,59.950028],[10.742433,59.950067],[10.742357,59.950256],[10.742365,59.950285]]},"properties":{"id":"3630726-6","route":1,"name":"John Colletts allé"}},
{"type":"Feature","geometry":{"type":"LineString","coordinates":[[10.742365,59.950285],[10.742475,59.950391]]},"properties":{"id":"3630726-7","route":1,"name":"John Colletts allé"}},
{"type":"Feature","geometry":{"type":"LineString","coordinates":[[10.742475,59.950391],[10.742541,59.950461],[10.742648,59.950576],[10.742948,59.950918]]},"properties":{"id":"3630726-8","route":1,"name":"John Colletts allé"}},
{"type":"Feature","geometry":{"type":"LineString","coordinates":[[10.742948,59.950918],[10.743077,59.951058],[10.743317,59.951288],[10.743401,59.951382],[10.743536,59.951535],[10.743585,59.951637]]},"properties":{"id":"3630726-9","route":1,"name":"John Colletts allé"}},
{"type":"Feature","geometry":{"type":"LineString","coordinates":[[10.737786,59.943765],[10.737938,59.943845],[10.738742,59.9443],[10.738791,59.944328]]},"properties":{"id":"1528119519-11","route":1,"name":"John Colletts allé"}},
{"type":"Feature","geometry":{"type":"LineString","coordinates":[[10.738791,59.944328],[10.739387,59.944663],[10.739797,59.944921]]},"properties":{"id":"1528119528-0","route":1,"name":"John Colletts allé"}},
{"type":"Feature","geometry":{"type":"LineString","coordinates":[[10.739797,59.944921],[10.739857,59.94496],[10.740689,59.94556]]},"properties":{"id":"1528119528-1","route":1,"name":"John Colletts allé"}},
{"type":"Feature","geometry":{"type":"LineString","coordinates":[[10.740689,59.94556],[10.741197,59.945927],[10.741494,59.946224]]},"properties":{"id":"1528119528-2","route":1,"name":"John Colletts allé"}},
{"type":"Feature","geometry":{"type":"LineString","coordinates":[[10.741494,59.946224],[10.741583,59.946313],[10.741793,59.946612],[10.741829,59.946675],[10.74189,59.946781],[10.741935,59.94686],[10.74199,59.946961]]},"properties":{"id":"1528119528-3","route":1,"name":"John Colletts allé"}},
{"type":"Feature","geometry":{"type":"LineString","coordinates":[[10.74199,59.946961],[10.742011,59.947],[10.74213,59.947222],[10.742275,59.94749],[10.742414,59.947711]]},"properties":{"id":"1528119528-4","route":1,"name":"John Colletts allé"}},
{"type":"Feature","geometry":{"type":"LineString","coordinates":[[10.744039,59.947802],[10.744062,59.947848],[10.744159,59.948047],[10.744181,59.948108]]},"properties":{"id":"4605996-0","route":1,"name":"Humleveien"}},
{"type":"Feature","geometry":{"type":"LineString","coordinates":[[10.744181,59.948108],[10.744248,59.948287]]},"properties":{"id":"4605996-1","route":1,"name":"Humleveien"}},
{"type":"Feature","geometry":{"type":"LineString","coordinates":[[10.744248,59.948287],[10.744297,59.948419],[10.744314,59.9485]]},"properties":{"id":"4605996-2","route":1,"name":"Humleveien"}},
{"type":"Feature","geometry":{"type":"LineString","coordinates":[[10.744314,59.9485],[10.744351,59.948673]]},"properties":{"id":"4605996-3","route":1,"name":"Humleveien"}},
{"type":"Feature","geometry":{"type":"LineString","coordinates":[[10.744351,59.948673],[10.744363,59.948807]]},"properties":{"id":"4605996-4","route":1,"name":"Humleveien"}},
{"type":"Feature","geometry":{"type":"LineString","coordinates":[[10.744363,59.948807],[10.744379,59.948988]]},"properties":{"id":"4605996-5","route":1,"name":"Humleveien"}},
{"type":"Feature","geometry":{"type":"LineString","coordinates":[[10.744379,59.948988],[10.74438,59.94904]]},"properties":{"id":"4605996-6","route":1,"name":"Humleveien"}},
{"type":"Feature","geometry":{"type":"LineString","coordinates":[[10.74438,59.94904],[10.744384,59.949219]]},"properties":{"id":"4605996-7","route":1,"name":"Humleveien"}},
{"type":"Feature","geometry":{"type":"LineString","coordinates":[[10.744384,59.949219],[10.744385,59.94926],[10.744361,59.949413]]},"properties":{"id":"4605996-8","route":1,"name":"Humleveien"}},
{"type":"Feature","geometry":{"type":"LineString","coordinates":[[10.744361,59.949413],[10.744341,59.949545],[10.744329,59.949604]]},"properties":{"id":"4605996-9","route":1,"name":"Humleveien"}},
{"type":"Feature","geometry":{"type":"LineString","coordinates":[[10.744329,59.949604],[10.7443,59.949742]]},"properties":{"id":"4605996-10","route":1,"name":"Humleveien"}},
{"type":"Feature","geometry":{"type":"LineString","coordinates":[[10.7443,59.949742],[10.74428,59.949836]]},"properties":{"id":"4605996-11","route":1,"name":"Humleveien"}},
{"type":"Feature","geometry":{"type":"LineString","coordinates":[[10.74428,59.949836],[10.744252,59.949935]]},"properties":{"id":"4605996-12","route":1,"name":"Humleveien"}},
{"type":"Feature","geometry":{"type":"LineString","coordinates":[[10.744252,59.949935],[10.744198,59.950122]]},"properties":{"id":"4605996-13","route":1,"name":"Humleveien"}},
{"type":"Feature","geometry":{"type":"LineString","coordinates":[[10.744198,59.950122],[10.744095,59.950475]]},"properties":{"id":"4605996-14","route":1,"name":"Humleveien"}},
{"type":"Feature","geometry":{"type":"LineString","coordinates":[[10.74423,59.950481],[10.744222,59.950515],[10.744151,59.950821]]},"properties":{"id":"118104666-0","route":1,"name":"Humleveien"}},
{"type":"Feature","geometry":{"type":"LineString","coordinates":[[10.747363,59.948668],[10.747285,59.948718],[10.747221,59.94876],[10.747193,59.948804]]},"properties":{"id":"4606000-0","route":1,"name":"Kløverveien"}},
{"type":"Feature","geometry":{"type":"LineString","coordinates":[[10.747193,59.948804],[10.747168,59.948845],[10.747163,59.949028]]},"properties":{"id":"4606000-1","route":1,"name":"Kløverveien"}},
{"type":"Feature","geometry":{"type":"LineString","coordinates":[[10.747163,59.949028],[10.747154,59.949338],[10.74701,59.949913]]},"properties":{"id":"4606000-2","route":1,"name":"Kløverveien"}},
{"type":"Feature","geometry":{"type":"LineString","coordinates":[[10.74701,59.949913],[10.746931,59.950193],[10.746812,59.950617]]},"properties":{"id":"4606000-3","route":1,"name":"Kløverveien"}},
{"type":"Feature","geometry":{"type":"LineString","coordinates":[[10.74562,59.948044],[10.745625,59.948074],[10.745679,59.94837]]},"properties":{"id":"4605997-0","route":1,"name":"Syrenveien"}},
{"type":"Feature","geometry":{"type":"LineString","coordinates":[[10.745679,59.94837],[10.745707,59.948522],[10.745757,59.948759],[10.74578,59.949044]]},"properties":{"id":"4605997-1","route":1,"name":"Syrenveien"}},
{"type":"Feature","geometry":{"type":"LineString","coordinates":[[10.74578,59.949044],[10.745783,59.949072],[10.745774,59.949249]]},"properties":{"id":"4605997-2","route":1,"name":"Syrenveien"}},
{"type":"Feature","geometry":{"type":"LineString","coordinates":[[10.745774,59.949249],[10.745767,59.949377],[10.745753,59.949462]]},"properties":{"id":"4605997-3","route":1,"name":"Syrenveien"}},
{"type":"Feature","geometry":{"type":"LineString","coordinates":[[10.745753,59.949462],[10.745718,59.949664]]},"properties":{"id":"4605997-4","route":1,"name":"Syrenveien"}},
{"type":"Feature","geometry":{"type":"LineString","coordinates":[[10.745718,59.949664],[10.745678,59.949901]]},"properties":{"id":"4605997-5","route":1,"name":"Syrenveien"}},
{"type":"Feature","geometry":{"type":"LineString","coordinates":[[10.74428,59.949836],[10.745233,59.949898],[10.745678,59.949901]]},"properties":{"id":"4605998-0","route":1,"name":"Syrenveien"}},
{"type":"Feature","geometry":{"type":"LineString","coordinates":[[10.745678,59.949901],[10.745804,59.949902]]},"properties":{"id":"4605998-1","route":1,"name":"Syrenveien"}},
{"type":"Feature","geometry":{"type":"LineString","coordinates":[[10.745804,59.949902],[10.746382,59.949907]]},"properties":{"id":"4605998-2","route":1,"name":"Syrenveien"}},
{"type":"Feature","geometry":{"type":"LineString","coordinates":[[10.746382,59.949907],[10.74701,59.949913]]},"properties":{"id":"4605998-3","route":1,"name":"Syrenveien"}},
{"type":"Feature","geometry":{"type":"LineString","coordinates":[[10.744239,59.947807],[10.744,59.94738],[10.743739,59.946967]]},"properties":{"id":"4605995-0","route":1,"name":"Vinkelveien"}},
{"type":"Feature","geometry":{"type":"LineString","coordinates":[[10.743739,59.946967],[10.743578,59.946668],[10.743585,59.946603],[10.743675,59.946563],[10.743796,59.946546]]},"properties":{"id":"4605995-1","route":1,"name":"Vinkelveien"}},
{"type":"Feature","geometry":{"type":"LineString","coordinates":[[10.743796,59.946546],[10.744752,59.946409]]},"properties":{"id":"4605995-2","route":1,"name":"Vinkelveien"}},
{"type":"Feature","geometry":{"type":"LineString","coordinates":[[10.744752,59.946409],[10.745163,59.946349],[10.745347,59.946322]]},"properties":{"id":"4605995-3","route":1,"name":"Vinkelveien"}},
{"type":"Feature","geometry":{"type":"LineString","coordinates":[[10.747898,59.947557],[10.747739,59.947591],[10.747696,59.9476],[10.747348,59.947702]]},"properties":{"id":"4605999-0","route":1,"name":"Østhellinga"}},
{"type":"Feature","geometry":{"type":"LineString","coordinates":[[10.747348,59.947702],[10.747199,59.947745],[10.746786,59.947913],[10.746251,59.948021]]},"properties":{"id":"4605999-1","route":1,"name":"Østhellinga"}},
{"type":"Feature","geometry":{"type":"LineString","coordinates":[[10.746251,59.948021],[10.745888,59.948094]]},"properties":{"id":"4605999-2","route":1,"name":"Østhellinga"}},
{"type":"Feature","geometry":{"type":"LineString","coordinates":[[10.749518,59.947403],[10.749396,59.947416],[10.748964,59.94746],[10.748542,59.947507],[10.747898,59.947557]]},"properties":{"id":"118640873-0","route":1,"name":"Østhellinga"}},
{"type":"Feature","geometry":{"type":"LineString","coordinates":[[10.746095,59.945505],[10.747424,59.945393]]},"properties":{"id":"104236677-0","route":1,"name":"P. A. Munchs vei"}},
{"type":"Feature","geometry":{"type":"LineString","coordinates":[[10.747424,59.945393],[10.748602,59.945294],[10.748748,59.945269]]},"properties":{"id":"104236677-1","route":1,"name":"P. A. Munchs vei"}},
{"type":"Feature","geometry":{"type":"LineString","coordinates":[[10.748748,59.945269],[10.748903,59.94526],[10.748982,59.945256],[10.749513,59.945204]]},"properties":{"id":"104236677-2","route":1,"name":"P. A. Munchs vei"}},
{"type":"Feature","geometry":{"type":"LineString","coordinates":[[10.741822,59.944104],[10.741947,59.944176],[10.742147,59.944292],[10.742668,59.94452],[10.742815,59.944585]]},"properties":{"id":"4272652-3","route":1,"name":"Pastor Fangens vei"}},
{"type":"Feature","geometry":{"type":"LineString","coordinates":[[10.742815,59.944585],[10.743557,59.94491],[10.743684,59.94496],[10.743856,59.94504]]},"properties":{"id":"4272652-4","route":1,"name":"Pastor Fangens vei"}},
{"type":"Feature","geometry":{"type":"LineString","coordinates":[[10.743856,59.94504],[10.743968,59.945092],[10.744099,59.945177],[10.744589,59.945623]]},"properties":{"id":"4272652-5","route":1,"name":"Pastor Fangens vei"}},
{"type":"Feature","geometry":{"type":"LineString","coordinates":[[10.744589,59.945623],[10.744774,59.945822],[10.744915,59.945956]]},"properties":{"id":"4272652-6","route":1,"name":"Pastor Fangens vei"}},
{"type":"Feature","geometry":{"type":"LineString","coordinates":[[10.744915,59.945956],[10.744998,59.94603],[10.745073,59.946117],[10.745171,59.946231],[10.7452,59.946246],[10.745347,59.946322]]},"properties":{"id":"4272652-7","route":1,"name":"Pastor Fangens vei"}},
{"type":"Feature","geometry":{"type":"LineString","coordinates":[[10.745347,59.946322],[10.745958,59.946578],[10.746555,59.94684],[10.746701,59.946904]]},"properties":{"id":"4272652-8","route":1,"name":"Pastor Fangens vei"}},
{"type":"Feature","geometry":{"type":"LineString","coordinates":[[10.746701,59.946904],[10.747466,59.94724],[10.7475,59.947265],[10.747868,59.947535],[10.747898,59.947557]]},"properties":{"id":"4272652-9","route":1,"name":"Pastor Fangens vei"}},
{"type":"Feature","geometry":{"type":"LineString","coordinates":[[10.75064,59.950186],[10.750845,59.950101],[10.751326,59.949939]]},"properties":{"id":"4606002-0","route":1,"name":"Christophers vei"}},
{"type":"Feature","geometry":{"type":"LineString","coordinates":[[10.751326,59.949939],[10.751371,59.949925],[10.752108,59.949695]]},"properties":{"id":"4606002-1","route":1,"name":"Christophers vei"}},
{"type":"Feature","geometry":{"type":"LineString","coordinates":[[10.752108,59.949695],[10.752216,59.949659]]},"properties":{"id":"4606002-2","route":1,"name":"Christophers vei"}},
{"type":"Feature","geometry":{"type":"LineString","coordinates":[[10.752216,59.949659],[10.753122,59.949359],[10.753198,59.949284]]},"properties":{"id":"4606002-3","route":1,"name":"Christophers vei"}},
{"type":"Feature","geometry":{"type":"LineString","coordinates":[[10.751085,59.951009],[10.751164,59.951002],[10.751302,59.950992],[10.751364,59.950987],[10.751405,59.950989]]},"properties":{"id":"4628426-0","route":1,"name":"Tåsenveien"}},
{"type":"Feature","geometry":{"type":"LineString","coordinates":[[10.751405,59.950989],[10.751469,59.951007],[10.751507,59.951021],[10.751545,59.951045],[10.751607,59.951094]]},"properties":{"id":"4628426-1","route":1,"name":"Tåsenveien"}},
{"type":"Feature","geometry":{"type":"LineString","coordinates":[[10.751607,59.951094],[10.751708,59.951179],[10.751791,59.951259],[10.752019,59.951445]]},"properties":{"id":"118139129-0","route":1,"name":"Tåsenveien"}},
{"type":"Feature","geometry":{"type":"LineString","coordinates":[[10.752019,59.951445],[10.752514,59.951928],[10.752524,59.951936],[10.752586,59.95198],[10.752703,59.95202]]},"properties":{"id":"118139129-1","route":1,"name":"Tåsenveien"}},
{"type":"Feature","geometry":{"type":"LineString","coordinates":[[10.748748,59.945269],[10.748688,59.945178],[10.74847,59.944575],[10.748484,59.944451]]},"properties":{"id":"135344010-0","route":1,"name":"Tåsenveien"}},
{"type":"Feature","geometry":{"type":"LineString","coordinates":[[10.751085,59.951009],[10.750997,59.950785],[10.750967,59.950717],[10.750936,59.950659],[10.750889,59.950578],[10.75073,59.950313],[10.75064,59.950186]]},"properties":{"id":"135344011-0","route":1,"name":"Tåsenveien"}},
{"type":"Feature","geometry":{"type":"LineString","coordinates":[[10.75064,59.950186],[10.750606,59.950134],[10.75057,59.950077],[10.750521,59.949979],[10.750491,59.949906],[10.750435,59.949764],[10.750378,59.949623],[10.750312,59.949445]]},"properties":{"id":"135344011-1","route":1,"name":"Tåsenveien"}},
{"type":"Feature","geometry":{"type":"LineString","coordinates":[[10.750312,59.949445],[10.750219,59.949191],[10.750126,59.948947],[10.750108,59.948898],[10.750032,59.948697]]},"properties":{"id":"135344011-2","route":1,"name":"Tåsenveien"}},
{"type":"Feature","geometry":{"type":"LineString","coordinates":[[10.750032,59.948697],[10.749969,59.948538]]},"properties":{"id":"135344011-3","route":1,"name":"Tåsenveien"}},
{"type":"Feature","geometry":{"type":"LineString","coordinates":[[10.749969,59.948538],[10.74987,59.948295],[10.749745,59.947974],[10.749716,59.947902]]},"properties":{"id":"135344011-4","route":1,"name":"Tåsenveien"}},
{"type":"Feature","geometry":{"type":"LineString","coordinates":[[10.749716,59.947902],[10.749587,59.947577],[10.749518,59.947403]]},"properties":{"id":"135344011-5","route":1,"name":"Tåsenveien"}},
{"type":"Feature","geometry":{"type":"LineString","coordinates":[[10.749518,59.947403],[10.74949,59.947332],[10.74944,59.947196],[10.749335,59.946924]]},"properties":{"id":"135344011-6","route":1,"name":"Tåsenveien"}},
{"type":"Feature","geometry":{"type":"LineString","coordinates":[[10.749335,59.946924],[10.74915,59.946445]]},"properties":{"id":"135344011-7","route":1,"name":"Tåsenveien"}},
{"type":"Feature","geometry":{"type":"LineString","coordinates":[[10.74915,59.946445],[10.749121,59.946368],[10.748931,59.945858]]},"properties":{"id":"135344011-8","route":1,"name":"Tåsenveien"}},
{"type":"Feature","geometry":{"type":"LineString","coordinates":[[10.748931,59.945858],[10.748917,59.945819],[10.748766,59.94543],[10.748749,59.945355],[10.748748,59.945269]]},"properties":{"id":"135344011-9","route":1,"name":"Tåsenveien"}},
{"type":"Feature","geometry":{"type":"LineString","coordinates":[[10.748484,59.944451],[10.748583,59.944563],[10.748798,59.945168],[10.748748,59.945269]]},"properties":{"id":"135344014-0","route":1,"name":"Tåsenveien"}},
{"type":"Feature","geometry":{"type":"LineString","coordinates":[[10.74915,59.946445],[10.749021,59.946461],[10.748503,59.946508],[10.748354,59.946498],[10.748204,59.946466],[10.747975,59.946366]]},"properties":{"id":"29704478-0","route":1,"name":"Løvåsveien"}},
{"type":"Feature","geometry":{"type":"LineString","coordinates":[[10.747975,59.946366],[10.747012,59.945947]]},"properties":{"id":"29704478-1","route":1,"name":"Løvåsveien"}},
{"type":"Feature","geometry":{"type":"LineString","coordinates":[[10.747012,59.945947],[10.746415,59.945687],[10.746095,59.945505]]},"properties":{"id":"29704478-2","route":1,"name":"Løvåsveien"}},
{"type":"Feature","geometry":{"type":"LineString","coordinates":[[10.743387,59.94465],[10.743758,59.944663],[10.744358,59.944658],[10.744675,59.944637]]},"properties":{"id":"4606006-0","route":1,"name":"Tåsen allé"}},
{"type":"Feature","geometry":{"type":"LineString","coordinates":[[10.744675,59.944637],[10.745033,59.944623],[10.745943,59.94457]]},"properties":{"id":"4606006-1","route":1,"name":"Tåsen allé"}},
{"type":"Feature","geometry":{"type":"LineString","coordinates":[[10.745943,59.94457],[10.746719,59.944524],[10.747213,59.944505]]},"properties":{"id":"4606006-2","route":1,"name":"Tåsen allé"}},
{"type":"Feature","geometry":{"type":"LineString","coordinates":[[10.747213,59.944505],[10.747477,59.944495],[10.748312,59.944458],[10.748484,59.944451]]},"properties":{"id":"4606006-3","route":1,"name":"Tåsen allé"}},
{"type":"Feature","geometry":{"type":"LineString","coordinates":[[10.752703,59.95202],[10.75286,59.952024],[10.753031,59.951987],[10.753736,59.951846]]},"properties":{"id":"4628424-0","route":2,"name":"Blåsbortveien"}},
{"type":"Feature","geometry":{"type":"LineString","coordinates":[[10.753736,59.951846],[10.754362,59.951722],[10.754767,59.951651]]},"properties":{"id":"4628424-1","route":2,"name":"Blåsbortveien"}},
{"type":"Feature","geometry":{"type":"LineString","coordinates":[[10.754767,59.951651],[10.755824,59.951442]]},"properties":{"id":"4628424-2","route":2,"name":"Blåsbortveien"}},
{"type":"Feature","geometry":{"type":"LineString","coordinates":[[10.755824,59.951442],[10.756881,59.951232]]},"properties":{"id":"4628424-3","route":2,"name":"Blåsbortveien"}},
{"type":"Feature","geometry":{"type":"LineString","coordinates":[[10.756881,59.951232],[10.758254,59.95097]]},"properties":{"id":"4628424-4","route":2,"name":"Blåsbortveien"}},
{"type":"Feature","geometry":{"type":"LineString","coordinates":[[10.758254,59.95097],[10.758894,59.950846],[10.758944,59.950837],[10.759647,59.950696]]},"properties":{"id":"4628424-5","route":2,"name":"Blåsbortveien"}},
{"type":"Feature","geometry":{"type":"LineString","coordinates":[[10.759647,59.950696],[10.759866,59.950652],[10.760752,59.950488],[10.760846,59.950478],[10.760932,59.950474]]},"properties":{"id":"4628424-6","route":2,"name":"Blåsbortveien"}},
{"type":"Feature","geometry":{"type":"LineString","coordinates":[[10.75477,59.949766],[10.755256,59.949919],[10.756006,59.950181]]},"properties":{"id":"4628423-0","route":2,"name":"Bakkehaugveien"}},
{"type":"Feature","geometry":{"type":"LineString","coordinates":[[10.756006,59.950181],[10.756081,59.950268],[10.756224,59.950411],[10.756435,59.950643],[10.756477,59.950699]]},"properties":{"id":"4628423-1","route":2,"name":"Bakkehaugveien"}},
{"type":"Feature","geometry":{"type":"LineString","coordinates":[[10.756477,59.950699],[10.756855,59.9512],[10.756881,59.951232]]},"properties":{"id":"4628423-2","route":2,"name":"Bakkehaugveien"}},
{"type":"Feature","geometry":{"type":"LineString","coordinates":[[10.756881,59.951232],[10.756981,59.951317],[10.757477,59.951694],[10.757766,59.951872]]},"properties":{"id":"4628423-3","route":2,"name":"Bakkehaugveien"}},
{"type":"Feature","geometry":{"type":"LineString","coordinates":[[10.757766,59.951872],[10.75788,59.951945],[10.757979,59.952007],[10.758163,59.952096],[10.758319,59.952162],[10.75872,59.952291],[10.758893,59.952336],[10.758976,59.952359]]},"properties":{"id":"4628423-4","route":2,"name":"Bakkehaugveien"}},
{"type":"Feature","geometry":{"type":"LineString","coordinates":[[10.756006,59.950181],[10.757235,59.949659]]},"properties":{"id":"4595258-0","route":2,"name":"Nygårds allé"}},
{"type":"Feature","geometry":{"type":"LineString","coordinates":[[10.757235,59.949659],[10.757744,59.949464],[10.757817,59.949434],[10.757899,59.9494],[10.758069,59.94933],[10.758341,59.949218],[10.758452,59.949171]]},"properties":{"id":"4595258-1","route":2,"name":"Nygårds allé"}},
{"type":"Feature","geometry":{"type":"LineString","coordinates":[[10.758452,59.949171],[10.758554,59.949129],[10.758829,59.949021],[10.758984,59.948959],[10.759326,59.948824],[10.759408,59.948796],[10.759544,59.948757]]},"properties":{"id":"4595258-2","route":2,"name":"Nygårds allé"}},
{"type":"Feature","geometry":{"type":"LineString","coordinates":[[10.752995,59.948162],[10.753428,59.948216],[10.753721,59.948311],[10.754388,59.948566],[10.754471,59.948599]]},"properties":{"id":"4595262-0","route":2,"name":"Ustvedts vei"}},
{"type":"Feature","geometry":{"type":"LineString","coordinates":[[10.754471,59.948599],[10.755226,59.948895],[10.755736,59.949091],[10.755846,59.949133]]},"properties":{"id":"4595262-1","route":2,"name":"Ustvedts vei"}},
{"type":"Feature","geometry":{"type":"LineString","coordinates":[[10.755846,59.949133],[10.756234,59.949282],[10.756254,59.94929],[10.756619,59.94943],[10.756722,59.949469],[10.756801,59.9495],[10.757235,59.949659]]},"properties":{"id":"4595262-2","route":2,"name":"Ustvedts vei"}},
{"type":"Feature","geometry":{"type":"LineString","coordinates":[[10.757235,59.949659],[10.757744,59.950314]]},"properties":{"id":"4595262-3","route":2,"name":"Ustvedts vei"}},
{"type":"Feature","geometry":{"type":"LineString","coordinates":[[10.757744,59.950314],[10.758218,59.950923],[10.758227,59.950935],[10.758254,59.95097]]},"properties":{"id":"4595262-4","route":2,"name":"Ustvedts vei"}},
{"type":"Feature","geometry":{"type":"LineString","coordinates":[[10.749518,59.947403],[10.749644,59.947391],[10.750519,59.947306],[10.750957,59.947246]]},"properties":{"id":"4595259-0","route":2,"name":"Hauges vei"}},
{"type":"Feature","geometry":{"type":"LineString","coordinates":[[10.750957,59.947246],[10.75219,59.947009]]},"properties":{"id":"4595259-1","route":2,"name":"Hauges vei"}},
{"type":"Feature","geometry":{"type":"LineString","coordinates":[[10.75219,59.947009],[10.752739,59.946902],[10.752936,59.946882],[10.753172,59.946885],[10.753382,59.946912],[10.753557,59.946948],[10.753783,59.947041],[10.753786,59.947043]]},"properties":{"id":"4595259-2","route":2,"name":"Hauges vei"}},
{"type":"Feature","geometry":{"type":"LineString","coordinates":[[10.753786,59.947043],[10.753912,59.947133],[10.75425,59.947425],[10.754529,59.947629],[10.754741,59.94775],[10.754759,59.947756]]},"properties":{"id":"4595259-3","route":2,"name":"Hauges vei"}},
{"type":"Feature","geometry":{"type":"LineString","coordinates":[[10.754759,59.947756],[10.755172,59.947898],[10.755859,59.948166],[10.756138,59.948279]]},"properties":{"id":"4595259-4","route":2,"name":"Hauges vei"}},
{"type":"Feature","geometry":{"type":"LineString","coordinates":[[10.756138,59.948279],[10.756248,59.948319],[10.756336,59.948355]]},"properties":{"id":"119258853-0","route":2,"name":"Hauges vei"}},
{"type":"Feature","geometry":{"type":"LineString","coordinates":[[10.756336,59.948355],[10.756844,59.948549]]},"properties":{"id":"119258861-0","route":2,"name":"Hauges vei"}},
{"type":"Feature","geometry":{"type":"LineString","coordinates":[[10.756844,59.948549],[10.757171,59.948674]]},"properties":{"id":"119258861-1","route":2,"name":"Hauges vei"}},
{"type":"Feature","geometry":{"type":"LineString","coordinates":[[10.757171,59.948674],[10.757592,59.948836]]},"properties":{"id":"119258861-2","route":2,"name":"Hauges vei"}},
{"type":"Feature","geometry":{"type":"LineString","coordinates":[[10.757592,59.948836],[10.758325,59.949116],[10.758452,59.949171]]},"properties":{"id":"119258861-3","route":2,"name":"Hauges vei"}},
{"type":"Feature","geometry":{"type":"LineString","coordinates":[[10.758452,59.949171],[10.758502,59.949227],[10.758629,59.94939],[10.759052,59.949933]]},"properties":{"id":"119258861-4","route":2,"name":"Hauges vei"}},
{"type":"Feature","geometry":{"type":"LineString","coordinates":[[10.759052,59.949933],[10.759624,59.950667],[10.759647,59.950696]]},"properties":{"id":"119258861-5","route":2,"name":"Hauges vei"}},
{"type":"Feature","geometry":{"type":"LineString","coordinates":[[10.756336,59.948355],[10.756641,59.948094]]},"properties":{"id":"4595296-0","route":2,"name":"Einar Høigårds vei"}},
{"type":"Feature","geometry":{"type":"LineString","coordinates":[[10.756641,59.948094],[10.756662,59.948075]]},"properties":{"id":"4595296-1","route":2,"name":"Einar Høigårds vei"}},
{"type":"Feature","geometry":{"type":"LineString","coordinates":[[10.756615,59.947584],[10.756731,59.947616],[10.756883,59.947669],[10.757076,59.947744]]},"properties":{"id":"75768370-0","route":2,"name":"Einar Høigårds vei"}},
{"type":"Feature","geometry":{"type":"LineString","coordinates":[[10.757076,59.947744],[10.757328,59.947827],[10.757724,59.94795],[10.757941,59.948012]]},"properties":{"id":"75768370-1","route":2,"name":"Einar Høigårds vei"}},
{"type":"Feature","geometry":{"type":"LineString","coordinates":[[10.757941,59.948012],[10.758399,59.948144],[10.758687,59.948227],[10.758774,59.948262]]},"properties":{"id":"75768370-2","route":2,"name":"Einar Høigårds vei"}},
{"type":"Feature","geometry":{"type":"LineString","coordinates":[[10.758774,59.948262],[10.758922,59.948322],[10.759389,59.948529],[10.759443,59.948539],[10.759489,59.948546],[10.759541,59.94855]]},"properties":{"id":"75768370-3","route":2,"name":"Einar Høigårds vei"}},
{"type":"Feature","geometry":{"type":"LineString","coordinates":[[10.756662,59.948075],[10.756874,59.947906]]},"properties":{"id":"119258871-0","route":2,"name":"Einar Høigårds vei"}},
{"type":"Feature","geometry":{"type":"LineString","coordinates":[[10.756874,59.947906],[10.757076,59.947744]]},"properties":{"id":"119258871-1","route":2,"name":"Einar Høigårds vei"}},
{"type":"Feature","geometry":{"type":"LineString","coordinates":[[10.751528,59.94604],[10.751936,59.945947],[10.75222,59.945897],[10.752636,59.945855],[10.752921,59.945842],[10.753077,59.945847]]},"properties":{"id":"4054907-0","route":2,"name":"Godals vei"}},
{"type":"Feature","geometry":{"type":"LineString","coordinates":[[10.753077,59.945847],[10.753253,59.945852],[10.753639,59.945892],[10.754022,59.945967],[10.754363,59.946052],[10.754572,59.946124]]},"properties":{"id":"4054907-1","route":2,"name":"Godals vei"}},
{"type":"Feature","geometry":{"type":"LineString","coordinates":[[10.754572,59.946124],[10.754644,59.946148],[10.754788,59.946201],[10.755647,59.946497]]},"properties":{"id":"4054907-2","route":2,"name":"Godals vei"}},
{"type":"Feature","geometry":{"type":"LineString","coordinates":[[10.755647,59.946497],[10.755966,59.946607],[10.756095,59.946651],[10.756696,59.946887]]},"properties":{"id":"4054907-3","route":2,"name":"Godals vei"}},
{"type":"Feature","geometry":{"type":"LineString","coordinates":[[10.756696,59.946887],[10.75692,59.946977],[10.757716,59.947298]]},"properties":{"id":"4054907-4","route":2,"name":"Godals vei"}},
{"type":"Feature","geometry":{"type":"LineString","coordinates":[[10.757716,59.947298],[10.758048,59.947432],[10.758674,59.947704],[10.758717,59.947721]]},"properties":{"id":"4054907-5","route":2,"name":"Godals vei"}},
{"type":"Feature","geometry":{"type":"LineString","coordinates":[[10.758717,59.947721],[10.759072,59.947861],[10.759559,59.948061],[10.759647,59.948088],[10.759765,59.948109]]},"properties":{"id":"4054907-6","route":2,"name":"Godals vei"}},
{"type":"Feature","geometry":{"type":"LineString","coordinates":[[10.74915,59.946445],[10.749271,59.946429],[10.749304,59.946425],[10.749678,59.9464],[10.750047,59.946372],[10.750353,59.946339]]},"properties":{"id":"1548423207-0","route":2,"name":"Godals vei"}},
{"type":"Feature","geometry":{"type":"LineString","coordinates":[[10.750353,59.946339],[10.751528,59.94604]]},"properties":{"id":"1548424848-0","route":2,"name":"Godals vei"}},
{"type":"Feature","geometry":{"type":"LineString","coordinates":[[10.756696,59.946887],[10.75676,59.946861],[10.756845,59.946826],[10.75776,59.946461],[10.757809,59.946442]]},"properties":{"id":"4595264-0","route":2,"name":"Legatveien"}},
{"type":"Feature","geometry":{"type":"LineString","coordinates":[[10.755892,59.945583],[10.755508,59.945422],[10.754635,59.945195]]},"properties":{"id":"3630496-0","route":2,"name":"Biskop Heuchs vei"}},
{"type":"Feature","geometry":{"type":"LineString","coordinates":[[10.754635,59.945195],[10.754614,59.94519],[10.753276,59.944906],[10.753267,59.944905]]},"properties":{"id":"3630496-1","route":2,"name":"Biskop Heuchs vei"}},
{"type":"Feature","geometry":{"type":"LineString","coordinates":[[10.753267,59.944905],[10.752683,59.944781],[10.751891,59.944625]]},"properties":{"id":"3630496-2","route":2,"name":"Biskop Heuchs vei"}},
{"type":"Feature","geometry":{"type":"LineString","coordinates":[[10.751891,59.944625],[10.750848,59.94442],[10.750486,59.944396]]},"properties":{"id":"3630496-3","route":2,"name":"Biskop Heuchs vei"}},
{"type":"Feature","geometry":{"type":"LineString","coordinates":[[10.750486,59.944396],[10.75025,59.944395],[10.750055,59.944406],[10.749812,59.944426]]},"properties":{"id":"3630496-4","route":2,"name":"Biskop Heuchs vei"}},
{"type":"Feature","geometry":{"type":"LineString","coordinates":[[10.759873,59.94748],[10.75923,59.94715]]},"properties":{"id":"4595256-0","route":2,"name":"Biskop Heuchs vei"}},
{"type":"Feature","geometry":{"type":"LineString","coordinates":[[10.75923,59.94715],[10.758719,59.946888],[10.758587,59.946821]]},"properties":{"id":"4595256-1","route":2,"name":"Biskop Heuchs vei"}},
{"type":"Feature","geometry":{"type":"LineString","coordinates":[[10.760224,59.946857],[10.760033,59.946861],[10.75945,59.946872],[10.759019,59.946878],[10.758827,59.946868],[10.758587,59.946821]]},"properties":{"id":"118391409-0","route":2,"name":"Biskop Heuchs vei"}},
{"type":"Feature","geometry":{"type":"LineString","coordinates":[[10.749116,59.944476],[10.748893,59.944506],[10.748758,59.944518],[10.748667,59.944515],[10.748484,59.944451]]},"properties":{"id":"135343990-0","route":2,"name":"Biskop Heuchs vei"}},
{"type":"Feature","geometry":{"type":"LineString","coordinates":[[10.748484,59.944451],[10.748721,59.944447],[10.748855,59.944455],[10.749116,59.944476]]},"properties":{"id":"442672074-0","route":2,"name":"Biskop Heuchs vei"}},
{"type":"Feature","geometry":{"type":"LineString","coordinates":[[10.758587,59.946821],[10.758493,59.946775],[10.757883,59.946477],[10.757809,59.946442]]},"properties":{"id":"972069084-0","route":2,"name":"Biskop Heuchs vei"}},
{"type":"Feature","geometry":{"type":"LineString","coordinates":[[10.757809,59.946442],[10.757722,59.946401],[10.756851,59.946012]]},"properties":{"id":"972069084-1","route":2,"name":"Biskop Heuchs vei"}},
{"type":"Feature","geometry":{"type":"LineString","coordinates":[[10.756851,59.946012],[10.756808,59.945993],[10.755892,59.945583]]},"properties":{"id":"972069084-2","route":2,"name":"Biskop Heuchs vei"}},
{"type":"Feature","geometry":{"type":"LineString","coordinates":[[10.749812,59.944426],[10.7496,59.944447]]},"properties":{"id":"1295810936-0","route":2,"name":"Biskop Heuchs vei"}},
{"type":"Feature","geometry":{"type":"LineString","coordinates":[[10.7496,59.944447],[10.749116,59.944476]]},"properties":{"id":"1295810936-1","route":2,"name":"Biskop Heuchs vei"}},
{"type":"Feature","geometry":{"type":"LineString","coordinates":[[10.7496,59.944447],[10.749644,59.944518],[10.749664,59.94455],[10.749886,59.944723]]},"properties":{"id":"148123425-0","route":2,"name":"Carl Grøndahls vei"}},
{"type":"Feature","geometry":{"type":"LineString","coordinates":[[10.749886,59.944723],[10.750737,59.945373]]},"properties":{"id":"148123425-1","route":2,"name":"Carl Grøndahls vei"}},
{"type":"Feature","geometry":{"type":"LineString","coordinates":[[10.750737,59.945373],[10.751022,59.945591],[10.751337,59.94583],[10.751528,59.94604]]},"properties":{"id":"148123425-2","route":2,"name":"Carl Grøndahls vei"}},
{"type":"Feature","geometry":{"type":"LineString","coordinates":[[10.751528,59.94604],[10.751867,59.946523]]},"properties":{"id":"148123425-3","route":2,"name":"Carl Grøndahls vei"}},
{"type":"Feature","geometry":{"type":"LineString","coordinates":[[10.751867,59.946523],[10.752016,59.946736],[10.75219,59.947009]]},"properties":{"id":"148123425-4","route":2,"name":"Carl Grøndahls vei"}},
{"type":"Feature","geometry":{"type":"LineString","coordinates":[[10.75219,59.947009],[10.752327,59.947204],[10.752524,59.947486],[10.752593,59.947585]]},"properties":{"id":"148123425-5","route":2,"name":"Carl Grøndahls vei"}},
{"type":"Feature","geometry":{"type":"LineString","coordinates":[[10.752593,59.947585],[10.752825,59.947918],[10.752972,59.948128],[10.752995,59.948162]]},"properties":{"id":"148123425-6","route":2,"name":"Carl Grøndahls vei"}},
{"type":"Feature","geometry":{"type":"LineString","coordinates":[[10.752995,59.948162],[10.753052,59.948325],[10.753113,59.948722]]},"properties":{"id":"148123425-7","route":2,"name":"Carl Grøndahls vei"}},
{"type":"Feature","geometry":{"type":"LineString","coordinates":[[10.753113,59.948722],[10.753156,59.949004],[10.753198,59.949284]]},"properties":{"id":"148123425-8","route":2,"name":"Carl Grøndahls vei"}},
{"type":"Feature","geometry":{"type":"LineString","coordinates":[[10.753198,59.949284],[10.753355,59.949372],[10.753423,59.949394],[10.753674,59.94948],[10.753989,59.949529],[10.754403,59.949578],[10.754667,59.949637]]},"properties":{"id":"148123425-9","route":2,"name":"Carl Grøndahls vei"}},
{"type":"Feature","geometry":{"type":"LineString","coordinates":[[10.750957,59.947246],[10.751277,59.947912]]},"properties":{"id":"4595263-0","route":2,"name":"Michel Nielsens vei"}},
{"type":"Feature","geometry":{"type":"LineString","coordinates":[[10.751277,59.947912],[10.751375,59.948115],[10.751508,59.9484],[10.751565,59.948582]]},"properties":{"id":"4595263-1","route":2,"name":"Michel Nielsens vei"}},
{"type":"Feature","geometry":{"type":"LineString","coordinates":[[10.751565,59.948582],[10.751595,59.948677],[10.751721,59.949262]]},"properties":{"id":"4595263-2","route":2,"name":"Michel Nielsens vei"}},
{"type":"Feature","geometry":{"type":"LineString","coordinates":[[10.760092,59.947554],[10.760053,59.947621],[10.759945,59.947804],[10.759883,59.947909],[10.759765,59.948109]]},"properties":{"id":"113606511-0","route":2,"name":"Maridalsveien"}},
{"type":"Feature","geometry":{"type":"LineString","coordinates":[[10.759765,59.948109],[10.759616,59.948362],[10.759587,59.948425],[10.759563,59.948483],[10.759541,59.94855]]},"properties":{"id":"113606511-1","route":2,"name":"Maridalsveien"}},
{"type":"Feature","geometry":{"type":"LineString","coordinates":[[10.759541,59.94855],[10.759532,59.948613],[10.759532,59.948691],[10.759544,59.948757]]},"properties":{"id":"113606511-2","route":2,"name":"Maridalsveien"}},
{"type":"Feature","geometry":{"type":"LineString","coordinates":[[10.759544,59.948757],[10.759574,59.948828],[10.759609,59.948893],[10.759688,59.94899],[10.759756,59.949061],[10.759877,59.949169]]},"properties":{"id":"113606511-3","route":2,"name":"Maridalsveien"}},
{"type":"Feature","geometry":{"type":"LineString","coordinates":[[10.759877,59.949169],[10.76051,59.94971],[10.760515,59.949715]]},"properties":{"id":"113606511-4","route":2,"name":"Maridalsveien"}},
{"type":"Feature","geometry":{"type":"LineString","coordinates":[[10.760515,59.949715],[10.760601,59.949792],[10.7607,59.949892],[10.76078,59.949992],[10.760841,59.950092],[10.760871,59.950172],[10.760896,59.950245],[10.760913,59.95031]]},"properties":{"id":"113606511-5","route":2,"name":"Maridalsveien"}},
{"type":"Feature","geometry":{"type":"LineString","coordinates":[[10.760913,59.95031],[10.760928,59.950403],[10.760932,59.950474]]},"properties":{"id":"113606511-6","route":2,"name":"Maridalsveien"}},
{"type":"Feature","geometry":{"type":"LineString","coordinates":[[10.760932,59.950474],[10.760933,59.950613],[10.760942,59.950848],[10.760955,59.951112],[10.760958,59.95124]]},"properties":{"id":"113606511-7","route":2,"name":"Maridalsveien"}},
{"type":"Feature","geometry":{"type":"LineString","coordinates":[[10.760958,59.95124],[10.760972,59.951562]]},"properties":{"id":"113606511-8","route":2,"name":"Maridalsveien"}},
{"type":"Feature","geometry":{"type":"LineString","coordinates":[[10.760213,59.946565],[10.760213,59.946639],[10.760224,59.946857]]},"properties":{"id":"118391410-0","route":2,"name":"Maridalsveien"}},
{"type":"Feature","geometry":{"type":"LineString","coordinates":[[10.760224,59.946857],[10.760233,59.946992],[10.760234,59.947097],[10.760231,59.947165]]},"properties":{"id":"118391410-1","route":2,"name":"Maridalsveien"}},
{"type":"Feature","geometry":{"type":"LineString","coordinates":[[10.760231,59.947165],[10.760217,59.947252],[10.760193,59.947339],[10.760158,59.947419],[10.760119,59.947505]]},"properties":{"id":"118391410-2","route":2,"name":"Maridalsveien"}},
{"type":"Feature","geometry":{"type":"LineString","coordinates":[[10.760119,59.947505],[10.760092,59.947554]]},"properties":{"id":"118391410-3","route":2,"name":"Maridalsveien"}},
{"type":"Feature","geometry":{"type":"LineString","coordinates":[[10.760961,59.952312],[10.760906,59.952223],[10.760906,59.95219],[10.760907,59.952158],[10.760916,59.952127],[10.760933,59.952084],[10.760961,59.95203]]},"properties":{"id":"338680314-0","route":2,"name":"Maridalsveien"}},
{"type":"Feature","geometry":{"type":"LineString","coordinates":[[10.760961,59.95203],[10.760994,59.952085],[10.761017,59.952122],[10.761025,59.952157],[10.761024,59.952191],[10.761023,59.952223],[10.760961,59.952312]]},"properties":{"id":"338680315-0","route":2,"name":"Maridalsveien"}},
{"type":"Feature","geometry":{"type":"LineString","coordinates":[[10.76098,59.951736],[10.760966,59.951948]]},"properties":{"id":"880547898-0","route":2,"name":"Maridalsveien"}},
{"type":"Feature","geometry":{"type":"LineString","coordinates":[[10.760966,59.951948],[10.760961,59.95203]]},"properties":{"id":"880547898-1","route":2,"name":"Maridalsveien"}},
{"type":"Feature","geometry":{"type":"LineString","coordinates":[[10.760972,59.951562],[10.760976,59.951629],[10.760979,59.951704],[10.76098,59.951736]]},"properties":{"id":"880547899-0","route":2,"name":"Maridalsveien"}},
{"type":"Feature","geometry":{"type":"LineString","coordinates":[[10.753332,59.957179],[10.753386,59.95708],[10.753252,59.956771],[10.753135,59.956534],[10.753117,59.956486]]},"properties":{"id":"4628431-0","route":3,"name":"Tåsen terrasse"}},
{"type":"Feature","geometry":{"type":"LineString","coordinates":[[10.753117,59.956486],[10.753042,59.95629],[10.752999,59.956169],[10.75295,59.955991],[10.752947,59.955781]]},"properties":{"id":"4628431-1","route":3,"name":"Tåsen terrasse"}},
{"type":"Feature","geometry":{"type":"LineString","coordinates":[[10.752947,59.955781],[10.752947,59.955764],[10.752977,59.955462],[10.753083,59.955204],[10.753156,59.95508]]},"properties":{"id":"4628431-2","route":3,"name":"Tåsen terrasse"}},
{"type":"Feature","geometry":{"type":"LineString","coordinates":[[10.753156,59.95508],[10.753214,59.954982],[10.753363,59.954791],[10.753467,59.954676],[10.753575,59.954582],[10.753773,59.954444]]},"properties":{"id":"4628431-3","route":3,"name":"Tåsen terrasse"}},
{"type":"Feature","geometry":{"type":"LineString","coordinates":[[10.753773,59.954444],[10.75405,59.95427],[10.754251,59.954179],[10.754334,59.954142],[10.754404,59.954111],[10.754538,59.95405],[10.754726,59.953972]]},"properties":{"id":"4628431-4","route":3,"name":"Tåsen terrasse"}},
{"type":"Feature","geometry":{"type":"LineString","coordinates":[[10.754726,59.953972],[10.754798,59.953942]]},"properties":{"id":"4628431-5","route":3,"name":"Tåsen terrasse"}},
{"type":"Feature","geometry":{"type":"LineString","coordinates":[[10.754798,59.953942],[10.754978,59.953872],[10.755221,59.953783],[10.755281,59.953762],[10.75564,59.95366],[10.755692,59.953645]]},"properties":{"id":"4628431-6","route":3,"name":"Tåsen terrasse"}},
{"type":"Feature","geometry":{"type":"LineString","coordinates":[[10.755692,59.953645],[10.755763,59.953625],[10.756274,59.953476],[10.756383,59.953448],[10.756486,59.953422],[10.756642,59.953398]]},"properties":{"id":"4628431-7","route":3,"name":"Tåsen terrasse"}},
{"type":"Feature","geometry":{"type":"LineString","coordinates":[[10.756642,59.953398],[10.756655,59.953326],[10.756665,59.953237]]},"properties":{"id":"4628431-8","route":3,"name":"Tåsen terrasse"}},
{"type":"Feature","geometry":{"type":"LineString","coordinates":[[10.755791,59.955003],[10.756049,59.954921],[10.756438,59.954783],[10.757111,59.954546],[10.7572,59.954524]]},"properties":{"id":"4983228-0","route":3,"name":"Mårveien"}},
{"type":"Feature","geometry":{"type":"LineString","coordinates":[[10.759023,59.956579],[10.759183,59.956511],[10.759544,59.956294],[10.759733,59.956164],[10.759856,59.956043]]},"properties":{"id":"4983222-0","route":3,"name":"Bergrådveien"}},
{"type":"Feature","geometry":{"type":"LineString","coordinates":[[10.759856,59.956043],[10.759866,59.956034],[10.759928,59.95592],[10.75995,59.955784],[10.759914,59.955609],[10.759842,59.955409],[10.759825,59.95537]]},"properties":{"id":"4983222-1","route":3,"name":"Bergrådveien"}},
{"type":"Feature","geometry":{"type":"LineString","coordinates":[[10.759825,59.95537],[10.759279,59.954923],[10.759087,59.954746]]},"properties":{"id":"4983222-2","route":3,"name":"Bergrådveien"}},
{"type":"Feature","geometry":{"type":"LineString","coordinates":[[10.759087,59.954746],[10.75869,59.954381],[10.758492,59.954199],[10.758391,59.95411]]},"properties":{"id":"4983222-3","route":3,"name":"Bergrådveien"}},
{"type":"Feature","geometry":{"type":"LineString","coordinates":[[10.758391,59.95411],[10.757735,59.953528],[10.757708,59.953512],[10.757662,59.953484]]},"properties":{"id":"4983222-4","route":3,"name":"Bergrådveien"}},
{"type":"Feature","geometry":{"type":"LineString","coordinates":[[10.754767,59.951651],[10.754894,59.951736],[10.755324,59.952019],[10.755542,59.952163]]},"properties":{"id":"147687354-0","route":3,"name":"Bergrådveien"}},
{"type":"Feature","geometry":{"type":"LineString","coordinates":[[10.755542,59.952163],[10.755912,59.952407],[10.756321,59.952674]]},"properties":{"id":"147687354-1","route":3,"name":"Bergrådveien"}},
{"type":"Feature","geometry":{"type":"LineString","coordinates":[[10.756321,59.952674],[10.756676,59.952906],[10.756791,59.953011],[10.756829,59.953033],[10.756876,59.953042],[10.757227,59.953047]]},"properties":{"id":"147687354-2","route":3,"name":"Bergrådveien"}},
{"type":"Feature","geometry":{"type":"LineString","coordinates":[[10.757662,59.953484],[10.757644,59.953474],[10.757522,59.953432],[10.757337,59.953408],[10.756871,59.9534],[10.756751,59.953397],[10.756642,59.953398]]},"properties":{"id":"1548438737-0","route":3,"name":"Bergrådveien"}},
{"type":"Feature","geometry":{"type":"LineString","coordinates":[[10.75796,59.95567],[10.758349,59.956086],[10.758359,59.956148],[10.75834,59.956249],[10.758296,59.956444]]},"properties":{"id":"4983215-0","route":3,"name":"Heierstuveien"}},
{"type":"Feature","geometry":{"type":"LineString","coordinates":[[10.757361,59.956423],[10.758044,59.956438],[10.758296,59.956444]]},"properties":{"id":"5050964-0","route":3,"name":"Heierstuveien"}},
{"type":"Feature","geometry":{"type":"LineString","coordinates":[[10.758296,59.956444],[10.759023,59.956579]]},"properties":{"id":"5050964-1","route":3,"name":"Heierstuveien"}},
{"type":"Feature","geometry":{"type":"LineString","coordinates":[[10.759023,59.956579],[10.759293,59.956769],[10.759413,59.956864],[10.759589,59.957073],[10.759613,59.957108]]},"properties":{"id":"5050964-2","route":3,"name":"Heierstuveien"}},
{"type":"Feature","geometry":{"type":"LineString","coordinates":[[10.759613,59.957108],[10.75984,59.957442],[10.760044,59.957677]]},"properties":{"id":"5050964-3","route":3,"name":"Heierstuveien"}},
{"type":"Feature","geometry":{"type":"LineString","coordinates":[[10.760044,59.957677],[10.760319,59.957844],[10.76061,59.958015],[10.760635,59.958038],[10.760659,59.958065],[10.760675,59.958096],[10.760688,59.958135]]},"properties":{"id":"5050964-4","route":3,"name":"Heierstuveien"}},
{"type":"Feature","geometry":{"type":"LineString","coordinates":[[10.760044,59.957677],[10.759954,59.95771],[10.759827,59.957767]]},"properties":{"id":"1128133370-0","route":3,"name":"Heierstuveien"}},
{"type":"Feature","geometry":{"type":"LineString","coordinates":[[10.759827,59.957767],[10.759823,59.957781],[10.759832,59.95783],[10.759844,59.957847],[10.759868,59.957866],[10.759989,59.957939],[10.760244,59.95807],[10.760268,59.95807],[10.760289,59.958065]]},"properties":{"id":"1128133387-0","route":3,"name":"Heierstuveien"}},
{"type":"Feature","geometry":{"type":"LineString","coordinates":[[10.759827,59.957767],[10.759702,59.95776],[10.759616,59.957727],[10.759346,59.957604],[10.759228,59.957553]]},"properties":{"id":"1128133395-0","route":3,"name":"Heierstuveien"}},
{"type":"Feature","geometry":{"type":"LineString","coordinates":[[10.761203,59.954769],[10.761111,59.954809],[10.761076,59.954825],[10.761,59.954862],[10.760641,59.955054],[10.760255,59.955264]]},"properties":{"id":"4983252-0","route":3,"name":"Korsvollbakken"}},
{"type":"Feature","geometry":{"type":"LineString","coordinates":[[10.760255,59.955264],[10.760351,59.955385],[10.760499,59.955563],[10.760847,59.955882],[10.760906,59.955934]]},"properties":{"id":"4983252-1","route":3,"name":"Korsvollbakken"}},
{"type":"Feature","geometry":{"type":"LineString","coordinates":[[10.760906,59.955934],[10.761204,59.956195],[10.761475,59.95644],[10.76157,59.956567],[10.761591,59.956595]]},"properties":{"id":"4983252-2","route":3,"name":"Korsvollbakken"}},
{"type":"Feature","geometry":{"type":"LineString","coordinates":[[10.761591,59.956595],[10.761638,59.956657],[10.761683,59.956937],[10.761733,59.957335]]},"properties":{"id":"4983252-3","route":3,"name":"Korsvollbakken"}},
{"type":"Feature","geometry":{"type":"LineString","coordinates":[[10.761733,59.957335],[10.761738,59.957379],[10.761762,59.957567],[10.761791,59.957792],[10.761818,59.958008],[10.761822,59.95808]]},"properties":{"id":"4983252-4","route":3,"name":"Korsvollbakken"}},
{"type":"Feature","geometry":{"type":"LineString","coordinates":[[10.761042,59.958909],[10.761003,59.958609],[10.761065,59.958466],[10.761155,59.95838],[10.761308,59.958278],[10.761396,59.958219],[10.761416,59.958187],[10.76143,59.958147],[10.761426,59.958098]]},"properties":{"id":"159535034-0","route":3,"name":"Korsvollbakken"}},
{"type":"Feature","geometry":{"type":"LineString","coordinates":[[10.758693,59.952926],[10.758681,59.952813],[10.758691,59.952798]]},"properties":{"id":"4628534-0","route":3,"name":"Nedre Stabburvei"}},
{"type":"Feature","geometry":{"type":"LineString","coordinates":[[10.758691,59.952798],[10.758976,59.952359]]},"properties":{"id":"4628534-1","route":3,"name":"Nedre Stabburvei"}},
{"type":"Feature","geometry":{"type":"LineString","coordinates":[[10.758976,59.952359],[10.75909,59.952278],[10.759251,59.952184],[10.759549,59.952082],[10.759756,59.95203]]},"properties":{"id":"4628534-2","route":3,"name":"Nedre Stabburvei"}},
{"type":"Feature","geometry":{"type":"LineString","coordinates":[[10.759756,59.95203],[10.759964,59.951999],[10.760125,59.951987],[10.760725,59.951954],[10.76082,59.951949],[10.760966,59.951948]]},"properties":{"id":"4628534-3","route":3,"name":"Nedre Stabburvei"}},
{"type":"Feature","geometry":{"type":"LineString","coordinates":[[10.759791,59.952152],[10.759647,59.952164],[10.759593,59.952173],[10.759502,59.952202]]},"properties":{"id":"1128133366-0","route":3,"name":"Nedre Stabburvei"}},
{"type":"Feature","geometry":{"type":"LineString","coordinates":[[10.759791,59.952152],[10.759843,59.952308],[10.759893,59.952417]]},"properties":{"id":"1128133367-0","route":3,"name":"Nedre Stabburvei"}},
{"type":"Feature","geometry":{"type":"LineString","coordinates":[[10.759791,59.952152],[10.759967,59.952146],[10.760264,59.952124],[10.76048,59.952104],[10.760522,59.952103],[10.760547,59.952105],[10.760619,59.952124],[10.760656,59.952145],[10.760682,59.952164],[10.760709,59.952226]]},"properties":{"id":"1128133402-0","route":3,"name":"Nedre Stabburvei"}},
{"type":"Feature","geometry":{"type":"LineString","coordinates":[[10.759756,59.95203],[10.759791,59.952152]]},"properties":{"id":"1128133403-0","route":3,"name":"Nedre Stabburvei"}},
{"type":"Feature","geometry":{"type":"LineString","coordinates":[[10.760958,59.95124],[10.760785,59.951274],[10.759925,59.951439]]},"properties":{"id":"116866856-0","route":3,"name":"Nygård terrasse"}},
{"type":"Feature","geometry":{"type":"LineString","coordinates":[[10.759925,59.951439],[10.759233,59.951578]]},"properties":{"id":"116866856-1","route":3,"name":"Nygård terrasse"}},
{"type":"Feature","geometry":{"type":"LineString","coordinates":[[10.759233,59.951578],[10.758509,59.951724]]},"properties":{"id":"116866856-2","route":3,"name":"Nygård terrasse"}},
{"type":"Feature","geometry":{"type":"LineString","coordinates":[[10.758509,59.951724],[10.758262,59.951772],[10.757766,59.951872]]},"properties":{"id":"116866856-3","route":3,"name":"Nygård terrasse"}},
{"type":"Feature","geometry":{"type":"LineString","coordinates":[[10.759366,59.951855],[10.759515,59.951852]]},"properties":{"id":"1086315793-0","route":3,"name":"Nygård terrasse"}},
{"type":"Feature","geometry":{"type":"LineString","coordinates":[[10.759233,59.951578],[10.759366,59.951855]]},"properties":{"id":"1086315794-0","route":3,"name":"Nygård terrasse"}},
{"type":"Feature","geometry":{"type":"LineString","coordinates":[[10.759366,59.951855],[10.759398,59.951968]]},"properties":{"id":"1086315794-1","route":3,"name":"Nygård terrasse"}},
{"type":"Feature","geometry":{"type":"LineString","coordinates":[[10.758509,59.951724],[10.758806,59.952103],[10.758833,59.952137]]},"properties":{"id":"1086315795-0","route":3,"name":"Nygård terrasse"}},
{"type":"Feature","geometry":{"type":"LineString","coordinates":[[10.760038,59.951829],[10.759958,59.951509],[10.759925,59.951439]]},"properties":{"id":"1128133350-0","route":3,"name":"Nygård terrasse"}},
{"type":"Feature","geometry":{"type":"LineString","coordinates":[[10.760947,59.95446],[10.760721,59.954493],[10.760665,59.954501],[10.760527,59.954514],[10.760421,59.954515],[10.760326,59.954503],[10.760053,59.954455],[10.759987,59.954441],[10.759913,59.954425],[10.759633,59.954316],[10.759508,59.954261]]},"properties":{"id":"118741654-0","route":3,"name":"Øvre Stabburvei"}},
{"type":"Feature","geometry":{"type":"LineString","coordinates":[[10.759508,59.954261],[10.759492,59.954253],[10.759386,59.954188],[10.759261,59.954067],[10.759191,59.953999],[10.758811,59.953631],[10.758814,59.953551]]},"properties":{"id":"118741654-1","route":3,"name":"Øvre Stabburvei"}},
{"type":"Feature","geometry":{"type":"LineString","coordinates":[[10.753187,59.95326],[10.752999,59.953334],[10.752815,59.953426],[10.752749,59.953471]]},"properties":{"id":"4628430-0","route":3,"name":"Tåsenveien"}},
{"type":"Feature","geometry":{"type":"LineString","coordinates":[[10.752749,59.953471],[10.752743,59.953475]]},"properties":{"id":"4628430-1","route":3,"name":"Tåsenveien"}},
{"type":"Feature","geometry":{"type":"LineString","coordinates":[[10.752627,59.953834],[10.752674,59.953961],[10.752767,59.954067],[10.752865,59.954143],[10.752999,59.95422],[10.753104,59.954268],[10.753141,59.954285],[10.753437,59.954372],[10.753773,59.954444]]},"properties":{"id":"118139127-0","route":3,"name":"Tåsenveien"}},
{"type":"Feature","geometry":{"type":"LineString","coordinates":[[10.753773,59.954444],[10.754279,59.954594],[10.754646,59.954703],[10.75475,59.954734],[10.754855,59.954763]]},"properties":{"id":"118139127-1","route":3,"name":"Tåsenveien"}},
{"type":"Feature","geometry":{"type":"LineString","coordinates":[[10.754855,59.954763],[10.755023,59.95481],[10.755337,59.954892],[10.755455,59.954921]]},"properties":{"id":"118139127-2","route":3,"name":"Tåsenveien"}},
{"type":"Feature","geometry":{"type":"LineString","coordinates":[[10.755455,59.954921],[10.755791,59.955003]]},"properties":{"id":"118139127-3","route":3,"name":"Tåsenveien"}},
{"type":"Feature","geometry":{"type":"LineString","coordinates":[[10.755791,59.955003],[10.755919,59.955058],[10.756008,59.955138],[10.756073,59.955222],[10.756116,59.955348],[10.756165,59.955482],[10.756283,59.955651],[10.756367,59.955764]]},"properties":{"id":"118139127-4","route":3,"name":"Tåsenveien"}},
{"type":"Feature","geometry":{"type":"LineString","coordinates":[[10.756367,59.955764],[10.756409,59.95582],[10.756903,59.956135],[10.757225,59.956313],[10.757361,59.956423]]},"properties":{"id":"118139127-5","route":3,"name":"Tåsenveien"}},
{"type":"Feature","geometry":{"type":"LineString","coordinates":[[10.757361,59.956423],[10.7574,59.956627],[10.757441,59.956932],[10.757501,59.95705]]},"properties":{"id":"118139127-6","route":3,"name":"Tåsenveien"}},
{"type":"Feature","geometry":{"type":"LineString","coordinates":[[10.757501,59.95705],[10.757537,59.957122],[10.757891,59.957485],[10.758065,59.957614]]},"properties":{"id":"118139127-7","route":3,"name":"Tåsenveien"}},
{"type":"Feature","geometry":{"type":"LineString","coordinates":[[10.758065,59.957614],[10.758269,59.957725],[10.758761,59.957947],[10.759076,59.958093],[10.759273,59.95819],[10.759365,59.958229]]},"properties":{"id":"118139127-8","route":3,"name":"Tåsenveien"}},
{"type":"Feature","geometry":{"type":"LineString","coordinates":[[10.752743,59.953475],[10.752666,59.953596],[10.752661,59.95361],[10.752622,59.953724],[10.752627,59.953834]]},"properties":{"id":"118139128-0","route":3,"name":"Tåsenveien"}},
{"type":"Feature","geometry":{"type":"LineString","coordinates":[[10.760949,59.953439],[10.760933,59.953501],[10.760912,59.953571],[10.760898,59.953621],[10.760885,59.953664],[10.760826,59.953767]]},"properties":{"id":"4241038-0","route":3,"name":"Maridalsveien"}},
{"type":"Feature","geometry":{"type":"LineString","coordinates":[[10.760823,59.954135],[10.760841,59.954212],[10.760858,59.954281],[10.760896,59.954372],[10.760947,59.95446]]},"properties":{"id":"66097312-0","route":3,"name":"Maridalsveien"}},
{"type":"Feature","geometry":{"type":"LineString","coordinates":[[10.760947,59.95446],[10.761004,59.954541],[10.76106,59.954611]]},"properties":{"id":"66097312-1","route":3,"name":"Maridalsveien"}},
{"type":"Feature","geometry":{"type":"LineString","coordinates":[[10.76106,59.954611],[10.761128,59.95469],[10.761203,59.954769]]},"properties":{"id":"66097312-2","route":3,"name":"Maridalsveien"}},
{"type":"Feature","geometry":{"type":"LineString","coordinates":[[10.761203,59.954769],[10.761363,59.954887],[10.761512,59.954989],[10.761694,59.955107],[10.7619,59.95523],[10.762141,59.955367],[10.762288,59.95545],[10.762315,59.955465]]},"properties":{"id":"66097312-3","route":3,"name":"Maridalsveien"}},
{"type":"Feature","geometry":{"type":"LineString","coordinates":[[10.760932,59.950474],[10.760933,59.950613],[10.760942,59.950848],[10.760955,59.951112],[10.760958,59.95124]]},"properties":{"id":"113606511-7","route":3,"name":"Maridalsveien"}},
{"type":"Feature","geometry":{"type":"LineString","coordinates":[[10.760958,59.95124],[10.760972,59.951562]]},"properties":{"id":"113606511-8","route":3,"name":"Maridalsveien"}},
{"type":"Feature","geometry":{"type":"LineString","coordinates":[[10.760826,59.953767],[10.760819,59.95388],[10.760809,59.954012],[10.760814,59.954075]]},"properties":{"id":"311542617-0","route":3,"name":"Maridalsveien"}},
{"type":"Feature","geometry":{"type":"LineString","coordinates":[[10.760814,59.954075],[10.760823,59.954135]]},"properties":{"id":"311542617-1","route":3,"name":"Maridalsveien"}},
{"type":"Feature","geometry":{"type":"LineString","coordinates":[[10.760912,59.952917],[10.760977,59.953014],[10.760986,59.953063],[10.760992,59.953102],[10.760996,59.953174],[10.76101,59.95325]]},"properties":{"id":"311542618-0","route":3,"name":"Maridalsveien"}},
{"type":"Feature","geometry":{"type":"LineString","coordinates":[[10.76071,59.953224],[10.760767,59.95316],[10.760799,59.953107],[10.760814,59.953072]]},"properties":{"id":"311542619-0","route":3,"name":"Maridalsveien"}},
{"type":"Feature","geometry":{"type":"LineString","coordinates":[[10.760814,59.953072],[10.760819,59.953061],[10.760837,59.953012],[10.760912,59.952917]]},"properties":{"id":"311542619-1","route":3,"name":"Maridalsveien"}},
{"type":"Feature","geometry":{"type":"LineString","coordinates":[[10.760826,59.953767],[10.760786,59.953665],[10.760773,59.95362],[10.760765,59.953572],[10.76074,59.953501],[10.760713,59.953441]]},"properties":{"id":"311542620-0","route":3,"name":"Maridalsveien"}},
{"type":"Feature","geometry":{"type":"LineString","coordinates":[[10.760961,59.952312],[10.760958,59.952391],[10.760937,59.952608],[10.760912,59.952917]]},"properties":{"id":"338680313-0","route":3,"name":"Maridalsveien"}},
{"type":"Feature","geometry":{"type":"LineString","coordinates":[[10.760961,59.952312],[10.760906,59.952223],[10.760906,59.95219],[10.760907,59.952158],[10.760916,59.952127],[10.760933,59.952084],[10.760961,59.95203]]},"properties":{"id":"338680314-0","route":3,"name":"Maridalsveien"}},
{"type":"Feature","geometry":{"type":"LineString","coordinates":[[10.760961,59.95203],[10.760994,59.952085],[10.761017,59.952122],[10.761025,59.952157],[10.761024,59.952191],[10.761023,59.952223],[10.760961,59.952312]]},"properties":{"id":"338680315-0","route":3,"name":"Maridalsveien"}},
{"type":"Feature","geometry":{"type":"LineString","coordinates":[[10.76098,59.951736],[10.760966,59.951948]]},"properties":{"id":"880547898-0","route":3,"name":"Maridalsveien"}},
{"type":"Feature","geometry":{"type":"LineString","coordinates":[[10.760966,59.951948],[10.760961,59.95203]]},"properties":{"id":"880547898-1","route":3,"name":"Maridalsveien"}},
{"type":"Feature","geometry":{"type":"LineString","coordinates":[[10.760972,59.951562],[10.760976,59.951629],[10.760979,59.951704],[10.76098,59.951736]]},"properties":{"id":"880547899-0","route":3,"name":"Maridalsveien"}},
{"type":"Feature","geometry":{"type":"LineString","coordinates":[[10.748112,59.959739],[10.748222,59.959732],[10.748703,59.959658],[10.749137,59.959597],[10.749146,59.959596],[10.749552,59.959532]]},"properties":{"id":"4983194-0","route":4,"name":"Nypeveien"}},
{"type":"Feature","geometry":{"type":"LineString","coordinates":[[10.749552,59.959532],[10.749685,59.959511],[10.74984,59.959464],[10.749949,59.959378],[10.749962,59.959291],[10.749902,59.959183],[10.749842,59.959083],[10.749783,59.958993],[10.749723,59.958908]]},"properties":{"id":"4983194-1","route":4,"name":"Nypeveien"}},
{"type":"Feature","geometry":{"type":"LineString","coordinates":[[10.749723,59.958908],[10.749676,59.958841],[10.749617,59.958746],[10.749568,59.958644],[10.749525,59.958508],[10.749488,59.958366],[10.749354,59.958231],[10.749335,59.958189]]},"properties":{"id":"4983194-2","route":4,"name":"Nypeveien"}},
{"type":"Feature","geometry":{"type":"LineString","coordinates":[[10.747535,59.958744],[10.74763,59.958736],[10.747698,59.958731],[10.747816,59.958723],[10.748008,59.958704],[10.748207,59.958671],[10.7484,59.958627],[10.748523,59.958592],[10.748566,59.958577]]},"properties":{"id":"4983206-0","route":4,"name":"Østhornveien"}},
{"type":"Feature","geometry":{"type":"LineString","coordinates":[[10.748566,59.958577],[10.748653,59.958547],[10.74889,59.958433],[10.749335,59.958189]]},"properties":{"id":"4983206-1","route":4,"name":"Østhornveien"}},
{"type":"Feature","geometry":{"type":"LineString","coordinates":[[10.749335,59.958189],[10.749643,59.958004],[10.749896,59.957882],[10.75018,59.957791]]},"properties":{"id":"4983206-2","route":4,"name":"Østhornveien"}},
{"type":"Feature","geometry":{"type":"LineString","coordinates":[[10.75018,59.957791],[10.750419,59.957722]]},"properties":{"id":"4983206-3","route":4,"name":"Østhornveien"}},
{"type":"Feature","geometry":{"type":"LineString","coordinates":[[10.750419,59.957722],[10.750797,59.957659],[10.751053,59.957638]]},"properties":{"id":"4983206-4","route":4,"name":"Østhornveien"}},
{"type":"Feature","geometry":{"type":"LineString","coordinates":[[10.750419,59.957722],[10.750386,59.957674],[10.750236,59.95748],[10.749934,59.957195]]},"properties":{"id":"117962881-0","route":4,"name":"Østhornveien"}},
{"type":"Feature","geometry":{"type":"LineString","coordinates":[[10.750824,59.958147],[10.750619,59.958218],[10.75049,59.958316],[10.750462,59.958362],[10.750472,59.958414],[10.750525,59.958507],[10.750619,59.958599],[10.750637,59.958645],[10.75066,59.958702],[10.75066,59.958703]]},"properties":{"id":"4983185-0","route":4,"name":"Rødbråtbakken"}},
{"type":"Feature","geometry":{"type":"LineString","coordinates":[[10.75066,59.958703],[10.75073,59.958908],[10.750879,59.959173],[10.750965,59.959332]]},"properties":{"id":"4983185-1","route":4,"name":"Rødbråtbakken"}},
{"type":"Feature","geometry":{"type":"LineString","coordinates":[[10.750965,59.959332],[10.751002,59.959401],[10.751053,59.95947],[10.751202,59.959567],[10.751369,59.959681],[10.751516,59.959786],[10.751643,59.959877]]},"properties":{"id":"4983185-2","route":4,"name":"Rødbråtbakken"}},
{"type":"Feature","geometry":{"type":"LineString","coordinates":[[10.749319,59.954306],[10.749429,59.954315],[10.749875,59.954382],[10.750131,59.954423],[10.750592,59.954497],[10.750685,59.954512],[10.750775,59.954541],[10.750777,59.954543]]},"properties":{"id":"4742300-0","route":4,"name":"Havnehagan"}},
{"type":"Feature","geometry":{"type":"LineString","coordinates":[[10.750777,59.954543],[10.750857,59.9546],[10.750899,59.954679],[10.750906,59.954774],[10.750879,59.954854],[10.750843,59.954963],[10.750733,59.95529]]},"properties":{"id":"4742300-1","route":4,"name":"Havnehagan"}},
{"type":"Feature","geometry":{"type":"LineString","coordinates":[[10.750733,59.95529],[10.750725,59.955315],[10.750667,59.95549],[10.750632,59.955852],[10.750573,59.955931],[10.750364,59.955993]]},"properties":{"id":"4742300-2","route":4,"name":"Havnehagan"}},
{"type":"Feature","geometry":{"type":"LineString","coordinates":[[10.748413,59.955098],[10.748483,59.955144],[10.748499,59.955154],[10.749356,59.955551],[10.749659,59.955687]]},"properties":{"id":"4742299-0","route":4,"name":"Havnabakken"}},
{"type":"Feature","geometry":{"type":"LineString","coordinates":[[10.749659,59.955687],[10.750042,59.955867]]},"properties":{"id":"4742299-1","route":4,"name":"Havnabakken"}},
{"type":"Feature","geometry":{"type":"LineString","coordinates":[[10.750042,59.955867],[10.750364,59.955993]]},"properties":{"id":"4742299-2","route":4,"name":"Havnabakken"}},
{"type":"Feature","geometry":{"type":"LineString","coordinates":[[10.750364,59.955993],[10.750579,59.955993],[10.750693,59.956036],[10.750724,59.956045],[10.750773,59.956067]]},"properties":{"id":"4742299-3","route":4,"name":"Havnabakken"}},
{"type":"Feature","geometry":{"type":"LineString","coordinates":[[10.750881,59.956354],[10.75095,59.956435],[10.751029,59.956514],[10.75164,59.957069]]},"properties":{"id":"4983229-0","route":4,"name":"Havnabakken"}},
{"type":"Feature","geometry":{"type":"LineString","coordinates":[[10.75164,59.957069],[10.75178,59.957196],[10.751832,59.957287],[10.751827,59.957349],[10.751798,59.95741],[10.751718,59.957463],[10.75161,59.957512],[10.751337,59.957579],[10.751211,59.957605],[10.751053,59.957638]]},"properties":{"id":"4983229-1","route":4,"name":"Havnabakken"}},
{"type":"Feature","geometry":{"type":"LineString","coordinates":[[10.751053,59.957638],[10.75094,59.957691],[10.750883,59.957732]]},"properties":{"id":"4983229-2","route":4,"name":"Havnabakken"}},
{"type":"Feature","geometry":{"type":"LineString","coordinates":[[10.750883,59.957732],[10.750876,59.95774],[10.750835,59.957793],[10.750777,59.95788],[10.750743,59.95792],[10.750726,59.957939]]},"properties":{"id":"4983229-3","route":4,"name":"Havnabakken"}},
{"type":"Feature","geometry":{"type":"LineString","coordinates":[[10.750726,59.957939],[10.750824,59.958147]]},"properties":{"id":"4983229-4","route":4,"name":"Havnabakken"}},
{"type":"Feature","geometry":{"type":"LineString","coordinates":[[10.750824,59.958147],[10.751023,59.958261],[10.751162,59.958312],[10.751306,59.958346],[10.751472,59.958362],[10.751631,59.958364],[10.751781,59.95836],[10.751927,59.958364],[10.75202,59.958383],[10.752037,59.958389]]},"properties":{"id":"4983229-5","route":4,"name":"Havnabakken"}},
{"type":"Feature","geometry":{"type":"LineString","coordinates":[[10.750882,59.956137],[10.750773,59.956067]]},"properties":{"id":"5051231-0","route":4,"name":"Havnabakken"}},
{"type":"Feature","geometry":{"type":"LineString","coordinates":[[10.75018,59.957791],[10.750318,59.95779],[10.750467,59.957815],[10.750594,59.957862],[10.750701,59.957924],[10.750726,59.957939]]},"properties":{"id":"5054141-0","route":4,"name":"Havnabakken"}},
{"type":"Feature","geometry":{"type":"LineString","coordinates":[[10.750882,59.956137],[10.750927,59.956164],[10.750932,59.956191],[10.750896,59.956312],[10.750881,59.956354]]},"properties":{"id":"130738286-0","route":4,"name":"Havnabakken"}},
{"type":"Feature","geometry":{"type":"LineString","coordinates":[[10.749659,59.955687],[10.749437,59.955801],[10.749373,59.955856],[10.749254,59.956001],[10.749187,59.956076]]},"properties":{"id":"239124429-0","route":4,"name":"Havnabakken"}},
{"type":"Feature","geometry":{"type":"LineString","coordinates":[[10.749187,59.956076],[10.749148,59.956121],[10.749028,59.956098],[10.748775,59.956071],[10.748373,59.955985]]},"properties":{"id":"239124429-1","route":4,"name":"Havnabakken"}},
{"type":"Feature","geometry":{"type":"LineString","coordinates":[[10.750042,59.955867],[10.749841,59.956091],[10.749675,59.956252]]},"properties":{"id":"336602344-0","route":4,"name":"Havnabakken"}},
{"type":"Feature","geometry":{"type":"LineString","coordinates":[[10.750364,59.955993],[10.750289,59.956195],[10.75026,59.95627],[10.750213,59.956321],[10.750153,59.956365],[10.750086,59.956404],[10.75,59.956435],[10.749885,59.956455],[10.749777,59.956457],[10.749684,59.956447],[10.749537,59.956413],[10.74947,59.956396]]},"properties":{"id":"4742301-0","route":4,"name":"Gunnar Johnsons vei"}},
{"type":"Feature","geometry":{"type":"LineString","coordinates":[[10.74947,59.956396],[10.749311,59.956357],[10.749068,59.956311],[10.748909,59.956298],[10.748755,59.956306],[10.748597,59.956318],[10.748402,59.956359],[10.748306,59.956413],[10.748268,59.956463],[10.748259,59.956499],[10.748285,59.95655]]},"properties":{"id":"4742301-1","route":4,"name":"Gunnar Johnsons vei"}},
{"type":"Feature","geometry":{"type":"LineString","coordinates":[[10.748285,59.95655],[10.748346,59.95659],[10.748414,59.956613],[10.748604,59.956659],[10.748837,59.956703],[10.748943,59.956725]]},"properties":{"id":"4742301-2","route":4,"name":"Gunnar Johnsons vei"}},
{"type":"Feature","geometry":{"type":"LineString","coordinates":[[10.748943,59.956725],[10.74904,59.956746]]},"properties":{"id":"4742301-3","route":4,"name":"Gunnar Johnsons vei"}},
{"type":"Feature","geometry":{"type":"LineString","coordinates":[[10.74904,59.956746],[10.74895,59.95686],[10.748731,59.957094],[10.748497,59.957225]]},"properties":{"id":"4742301-4","route":4,"name":"Gunnar Johnsons vei"}},
{"type":"Feature","geometry":{"type":"LineString","coordinates":[[10.746798,59.958344],[10.747067,59.958489],[10.747218,59.958571],[10.747371,59.958656],[10.747452,59.958706],[10.747535,59.958744]]},"properties":{"id":"147089172-0","route":4,"name":"Nilserudkleiva"}},
{"type":"Feature","geometry":{"type":"LineString","coordinates":[[10.747535,59.958744],[10.747509,59.958858],[10.747494,59.958946],[10.747475,59.959022],[10.747421,59.95911],[10.747362,59.959187],[10.747345,59.959261],[10.747346,59.959325],[10.7474,59.959416],[10.747487,59.959487]]},"properties":{"id":"147089172-1","route":4,"name":"Nilserudkleiva"}},
{"type":"Feature","geometry":{"type":"LineString","coordinates":[[10.747487,59.959487],[10.747595,59.959539],[10.747856,59.95964],[10.748112,59.959739]]},"properties":{"id":"147089172-2","route":4,"name":"Nilserudkleiva"}},
{"type":"Feature","geometry":{"type":"LineString","coordinates":[[10.748112,59.959739],[10.748087,59.959805],[10.748092,59.959908],[10.748057,59.960004],[10.747977,59.960143],[10.747865,59.96033]]},"properties":{"id":"147089172-3","route":4,"name":"Nilserudkleiva"}},
{"type":"Feature","geometry":{"type":"LineString","coordinates":[[10.746628,59.958254],[10.746798,59.958344]]},"properties":{"id":"147986613-0","route":4,"name":"Nilserudkleiva"}},
{"type":"Feature","geometry":{"type":"LineString","coordinates":[[10.74625,59.958017],[10.746334,59.958087],[10.746628,59.958254]]},"properties":{"id":"147986614-0","route":4,"name":"Nilserudkleiva"}},
{"type":"Feature","geometry":{"type":"LineString","coordinates":[[10.746445,59.956181],[10.746527,59.956227],[10.746603,59.956279],[10.746856,59.956451],[10.747022,59.956595],[10.747082,59.956683]]},"properties":{"id":"4237373-0","route":4,"name":"Kongleveien"}},
{"type":"Feature","geometry":{"type":"LineString","coordinates":[[10.747082,59.956683],[10.747148,59.956781],[10.747214,59.956983],[10.747192,59.957202],[10.747163,59.957272]]},"properties":{"id":"4237373-1","route":4,"name":"Kongleveien"}},
{"type":"Feature","geometry":{"type":"LineString","coordinates":[[10.747163,59.957272],[10.747128,59.957356],[10.747028,59.957477],[10.746898,59.957547],[10.746734,59.957609],[10.746419,59.957702]]},"properties":{"id":"4237373-2","route":4,"name":"Kongleveien"}},
{"type":"Feature","geometry":{"type":"LineString","coordinates":[[10.746419,59.957702],[10.746303,59.957785],[10.746247,59.95787],[10.74625,59.958017]]},"properties":{"id":"4237373-3","route":4,"name":"Kongleveien"}},
{"type":"Feature","geometry":{"type":"LineString","coordinates":[[10.74625,59.958017],[10.746015,59.957945],[10.745774,59.957882]]},"properties":{"id":"4237373-4","route":4,"name":"Kongleveien"}},
{"type":"Feature","geometry":{"type":"LineString","coordinates":[[10.745774,59.957882],[10.745497,59.957868],[10.745159,59.957867],[10.744858,59.957886]]},"properties":{"id":"4237373-5","route":4,"name":"Kongleveien"}},
{"type":"Feature","geometry":{"type":"LineString","coordinates":[[10.744858,59.957886],[10.744757,59.95793],[10.744301,59.958056],[10.744222,59.958079],[10.74399,59.958146],[10.743964,59.958154],[10.743824,59.958194]]},"properties":{"id":"4237373-6","route":4,"name":"Kongleveien"}},
{"type":"Feature","geometry":{"type":"LineString","coordinates":[[10.743824,59.958194],[10.743742,59.958218],[10.743638,59.958253],[10.743547,59.958283],[10.743495,59.958301],[10.743273,59.958391],[10.743038,59.958501],[10.742889,59.958572]]},"properties":{"id":"4237373-7","route":4,"name":"Kongleveien"}},
{"type":"Feature","geometry":{"type":"LineString","coordinates":[[10.742889,59.958572],[10.742799,59.958614],[10.742605,59.958724],[10.742135,59.959041]]},"properties":{"id":"4237373-8","route":4,"name":"Kongleveien"}},
{"type":"Feature","geometry":{"type":"LineString","coordinates":[[10.742135,59.959041],[10.741997,59.959137],[10.741353,59.959585]]},"properties":{"id":"4237373-9","route":4,"name":"Kongleveien"}},
{"type":"Feature","geometry":{"type":"LineString","coordinates":[[10.741353,59.959585],[10.741263,59.959648],[10.741089,59.959738],[10.740904,59.959819],[10.740583,59.959924],[10.740476,59.959953],[10.740316,59.959996]]},"properties":{"id":"4237373-10","route":4,"name":"Kongleveien"}},
{"type":"Feature","geometry":{"type":"LineString","coordinates":[[10.740316,59.959996],[10.739721,59.960154],[10.739296,59.960268],[10.739228,59.960286],[10.739136,59.960311]]},"properties":{"id":"4237373-11","route":4,"name":"Kongleveien"}},
{"type":"Feature","geometry":{"type":"LineString","coordinates":[[10.739136,59.960311],[10.738777,59.96042],[10.73866,59.960449],[10.738568,59.960473],[10.73833,59.960542],[10.738149,59.96059],[10.737982,59.960631]]},"properties":{"id":"4237373-12","route":4,"name":"Kongleveien"}},
{"type":"Feature","geometry":{"type":"LineString","coordinates":[[10.746419,59.957702],[10.745774,59.957882]]},"properties":{"id":"117958551-0","route":4,"name":"Kongleveien"}},
{"type":"Feature","geometry":{"type":"LineString","coordinates":[[10.745357,59.95677],[10.745639,59.956612]]},"properties":{"id":"118758548-0","route":4,"name":"Nordbergveien"}},
{"type":"Feature","geometry":{"type":"LineString","coordinates":[[10.745639,59.956612],[10.746059,59.956387],[10.746445,59.956181]]},"properties":{"id":"118758548-1","route":4,"name":"Nordbergveien"}},
{"type":"Feature","geometry":{"type":"LineString","coordinates":[[10.746445,59.956181],[10.746531,59.956127],[10.746562,59.95611],[10.74743,59.95564]]},"properties":{"id":"118758548-2","route":4,"name":"Nordbergveien"}},
{"type":"Feature","geometry":{"type":"LineString","coordinates":[[10.74743,59.95564],[10.747505,59.9556],[10.748413,59.955098]]},"properties":{"id":"118758548-3","route":4,"name":"Nordbergveien"}},
{"type":"Feature","geometry":{"type":"LineString","coordinates":[[10.748413,59.955098],[10.748607,59.954986],[10.748753,59.954894],[10.748838,59.954833],[10.748883,59.954801],[10.748965,59.95473]]},"properties":{"id":"118758548-4","route":4,"name":"Nordbergveien"}},
{"type":"Feature","geometry":{"type":"LineString","coordinates":[[10.748965,59.95473],[10.749041,59.954666],[10.749062,59.954647],[10.749212,59.95448],[10.749319,59.954306]]},"properties":{"id":"118758548-5","route":4,"name":"Nordbergveien"}},
{"type":"Feature","geometry":{"type":"LineString","coordinates":[[10.750433,59.952644],[10.750335,59.952702],[10.750269,59.95275],[10.750223,59.952795],[10.750199,59.952816],[10.750101,59.952857]]},"properties":{"id":"135344007-0","route":4,"name":"Nordbergveien"}},
{"type":"Feature","geometry":{"type":"LineString","coordinates":[[10.736964,59.958157],[10.737005,59.958158],[10.737195,59.958162],[10.73836,59.958187]]},"properties":{"id":"147986615-3","route":4,"name":"Nordbergveien"}},
{"type":"Feature","geometry":{"type":"LineString","coordinates":[[10.73836,59.958187],[10.739136,59.958202],[10.739833,59.958213],[10.740065,59.958208]]},"properties":{"id":"147986615-4","route":4,"name":"Nordbergveien"}},
{"type":"Feature","geometry":{"type":"LineString","coordinates":[[10.750101,59.952857],[10.750115,59.952804],[10.750134,59.952776],[10.750148,59.952755],[10.750171,59.952713],[10.750187,59.952662],[10.750188,59.952588]]},"properties":{"id":"311012199-0","route":4,"name":"Nordbergveien"}},
{"type":"Feature","geometry":{"type":"LineString","coordinates":[[10.749319,59.954306],[10.749411,59.954108],[10.749551,59.953762],[10.749572,59.95371],[10.749603,59.953637]]},"properties":{"id":"775892303-0","route":4,"name":"Nordbergveien"}},
{"type":"Feature","geometry":{"type":"LineString","coordinates":[[10.749689,59.953441],[10.749747,59.953324],[10.749799,59.953235],[10.749847,59.953168],[10.74995,59.953039],[10.750101,59.952857]]},"properties":{"id":"775892305-0","route":4,"name":"Nordbergveien"}},
{"type":"Feature","geometry":{"type":"LineString","coordinates":[[10.740065,59.958208],[10.740215,59.958199],[10.740311,59.958184],[10.740481,59.958158],[10.740671,59.958125],[10.740943,59.958062],[10.741257,59.957978],[10.741353,59.957951]]},"properties":{"id":"779585932-0","route":4,"name":"Nordbergveien"}},
{"type":"Feature","geometry":{"type":"LineString","coordinates":[[10.741353,59.957951],[10.741819,59.957819],[10.741963,59.95778],[10.742444,59.957648],[10.742573,59.957611]]},"properties":{"id":"779585932-1","route":4,"name":"Nordbergveien"}},
{"type":"Feature","geometry":{"type":"LineString","coordinates":[[10.742573,59.957611],[10.742684,59.95758],[10.743939,59.957232]]},"properties":{"id":"779585932-2","route":4,"name":"Nordbergveien"}},
{"type":"Feature","geometry":{"type":"LineString","coordinates":[[10.743939,59.957232],[10.745015,59.956925]]},"properties":{"id":"779585932-3","route":4,"name":"Nordbergveien"}},
{"type":"Feature","geometry":{"type":"LineString","coordinates":[[10.745015,59.956925],[10.745164,59.956872],[10.745205,59.956852],[10.745269,59.956821],[10.745357,59.95677]]},"properties":{"id":"779585932-4","route":4,"name":"Nordbergveien"}},
{"type":"Feature","geometry":{"type":"LineString","coordinates":[[10.749689,59.953441],[10.749705,59.953477]]},"properties":{"id":"1551296100-0","route":4,"name":"Nordbergveien"}},
{"type":"Feature","geometry":{"type":"LineString","coordinates":[[10.749705,59.953477],[10.749703,59.953511],[10.749682,59.953557]]},"properties":{"id":"1551296100-1","route":4,"name":"Nordbergveien"}},
{"type":"Feature","geometry":{"type":"LineString","coordinates":[[10.749682,59.953557],[10.749667,59.95359],[10.749603,59.953637]]},"properties":{"id":"1551296101-0","route":4,"name":"Nordbergveien"}},
{"type":"Feature","geometry":{"type":"LineString","coordinates":[[10.749603,59.953637],[10.749574,59.953582],[10.749588,59.953547],[10.74961,59.953502],[10.749637,59.953471]]},"properties":{"id":"1551296102-0","route":4,"name":"Nordbergveien"}},
{"type":"Feature","geometry":{"type":"LineString","coordinates":[[10.749637,59.953471],[10.749689,59.953441]]},"properties":{"id":"1551296102-1","route":4,"name":"Nordbergveien"}},
{"type":"Feature","geometry":{"type":"LineString","coordinates":[[10.739112,59.954164],[10.739164,59.954266],[10.739244,59.954441],[10.739291,59.954511],[10.739342,59.954577],[10.739414,59.95465],[10.739501,59.954719],[10.739552,59.954755]]},"properties":{"id":"4742296-0","route":5,"name":"Nordbergbakken"}},
{"type":"Feature","geometry":{"type":"LineString","coordinates":[[10.739552,59.954755],[10.73961,59.954797],[10.739744,59.954879],[10.739898,59.954964],[10.740403,59.955228]]},"properties":{"id":"4742296-1","route":5,"name":"Nordbergbakken"}},
{"type":"Feature","geometry":{"type":"LineString","coordinates":[[10.740403,59.955228],[10.74138,59.955725]]},"properties":{"id":"4742296-2","route":5,"name":"Nordbergbakken"}},
{"type":"Feature","geometry":{"type":"LineString","coordinates":[[10.74138,59.955725],[10.741593,59.955884],[10.741715,59.955998],[10.741806,59.956119],[10.741901,59.956282],[10.741999,59.956485]]},"properties":{"id":"4742296-3","route":5,"name":"Nordbergbakken"}},
{"type":"Feature","geometry":{"type":"LineString","coordinates":[[10.741999,59.956485],[10.742201,59.956921]]},"properties":{"id":"4742296-4","route":5,"name":"Nordbergbakken"}},
{"type":"Feature","geometry":{"type":"LineString","coordinates":[[10.742201,59.956921],[10.74246,59.957424],[10.74253,59.957548],[10.742573,59.957611]]},"properties":{"id":"4742296-5","route":5,"name":"Nordbergbakken"}},
{"type":"Feature","geometry":{"type":"LineString","coordinates":[[10.744941,59.954659],[10.74444,59.954777],[10.743664,59.954952]]},"properties":{"id":"4742294-0","route":5,"name":"Dyrlandsveien"}},
{"type":"Feature","geometry":{"type":"LineString","coordinates":[[10.743664,59.954952],[10.742705,59.955168],[10.742393,59.955251]]},"properties":{"id":"4742294-1","route":5,"name":"Dyrlandsveien"}},
{"type":"Feature","geometry":{"type":"LineString","coordinates":[[10.742393,59.955251],[10.742386,59.955253],[10.742138,59.955324],[10.741967,59.955385],[10.741786,59.955465],[10.741656,59.95554],[10.74138,59.955725]]},"properties":{"id":"4742294-2","route":5,"name":"Dyrlandsveien"}},
{"type":"Feature","geometry":{"type":"LineString","coordinates":[[10.74138,59.955725],[10.741019,59.955987],[10.740875,59.956086],[10.740727,59.956176],[10.740599,59.956232],[10.74045,59.956283],[10.740327,59.956321],[10.740281,59.956334],[10.74018,59.956355]]},"properties":{"id":"4742294-3","route":5,"name":"Dyrlandsveien"}},
{"type":"Feature","geometry":{"type":"LineString","coordinates":[[10.74018,59.956355],[10.740092,59.956374],[10.739898,59.95641],[10.739775,59.956423],[10.739649,59.956431],[10.739573,59.956437],[10.739396,59.956444],[10.739208,59.956442],[10.738658,59.956423],[10.738525,59.956424],[10.738438,59.956434]]},"properties":{"id":"4742294-4","route":5,"name":"Dyrlandsveien"}},
{"type":"Feature","geometry":{"type":"LineString","coordinates":[[10.743542,59.953679],[10.74354,59.953704],[10.743523,59.953739],[10.743392,59.953895],[10.743188,59.954144],[10.743118,59.954212],[10.743051,59.954261],[10.74297,59.954307],[10.742862,59.954352],[10.742846,59.954357]]},"properties":{"id":"4742295-0","route":5,"name":"Staudeveien"}},
{"type":"Feature","geometry":{"type":"LineString","coordinates":[[10.742846,59.954357],[10.742746,59.954387],[10.742588,59.954424],[10.742028,59.954523],[10.741699,59.954584],[10.741512,59.954626],[10.741418,59.954654]]},"properties":{"id":"4742295-1","route":5,"name":"Staudeveien"}},
{"type":"Feature","geometry":{"type":"LineString","coordinates":[[10.741418,59.954654],[10.741316,59.954684],[10.7412,59.954725],[10.741086,59.95477],[10.740967,59.954829],[10.740857,59.954892],[10.740749,59.954959],[10.740606,59.955063],[10.740403,59.955228]]},"properties":{"id":"4742295-2","route":5,"name":"Staudeveien"}},
{"type":"Feature","geometry":{"type":"LineString","coordinates":[[10.740403,59.955228],[10.740064,59.955478],[10.739976,59.955534],[10.739894,59.955578],[10.739784,59.955623],[10.739737,59.955638],[10.73964,59.955668],[10.739495,59.955703],[10.73936,59.955726],[10.739325,59.955732],[10.73932,59.955732]]},"properties":{"id":"4742295-3","route":5,"name":"Staudeveien"}},
{"type":"Feature","geometry":{"type":"LineString","coordinates":[[10.73932,59.955732],[10.739185,59.955744],[10.739036,59.955748],[10.738746,59.95574],[10.737799,59.955715]]},"properties":{"id":"4742295-4","route":5,"name":"Staudeveien"}},
{"type":"Feature","geometry":{"type":"LineString","coordinates":[[10.748066,59.954139],[10.747976,59.954261],[10.747937,59.954315],[10.747896,59.954363],[10.747838,59.954411],[10.747772,59.954449],[10.747676,59.95448],[10.74732,59.954557],[10.747235,59.954577]]},"properties":{"id":"118758552-0","route":5,"name":"Tirilveien"}},
{"type":"Feature","geometry":{"type":"LineString","coordinates":[[10.747235,59.954577],[10.747152,59.954597],[10.747068,59.954624],[10.746995,59.954659],[10.746936,59.954698],[10.746834,59.9548],[10.746751,59.95488],[10.746657,59.954956],[10.746561,59.955014],[10.746451,59.955067],[10.746444,59.95507]]},"properties":{"id":"118758552-1","route":5,"name":"Tirilveien"}},
{"type":"Feature","geometry":{"type":"LineString","coordinates":[[10.746444,59.95507],[10.746301,59.955116],[10.746028,59.955194],[10.74578,59.955258],[10.745528,59.955315],[10.745294,59.955357]]},"properties":{"id":"118758552-2","route":5,"name":"Tirilveien"}},
{"type":"Feature","geometry":{"type":"LineString","coordinates":[[10.745294,59.955357],[10.745182,59.955376],[10.744641,59.955462],[10.744241,59.955543],[10.744018,59.955595]]},"properties":{"id":"118758552-3","route":5,"name":"Tirilveien"}},
{"type":"Feature","geometry":{"type":"LineString","coordinates":[[10.744018,59.955595],[10.74384,59.955637],[10.743579,59.955714],[10.743188,59.955841],[10.742901,59.955958],[10.742882,59.955967]]},"properties":{"id":"118758552-4","route":5,"name":"Tirilveien"}},
{"type":"Feature","geometry":{"type":"LineString","coordinates":[[10.742882,59.955967],[10.742617,59.956099],[10.742351,59.956251],[10.741999,59.956485]]},"properties":{"id":"118758552-5","route":5,"name":"Tirilveien"}},
{"type":"Feature","geometry":{"type":"LineString","coordinates":[[10.743812,59.952022],[10.74378,59.952286],[10.743766,59.952472],[10.743777,59.95255]]},"properties":{"id":"4742284-0","route":5,"name":"Lersolveien"}},
{"type":"Feature","geometry":{"type":"LineString","coordinates":[[10.743777,59.95255],[10.74375,59.952681]]},"properties":{"id":"118758541-0","route":5,"name":"Lersolveien"}},
{"type":"Feature","geometry":{"type":"LineString","coordinates":[[10.743657,59.953667],[10.743699,59.953684],[10.743765,59.95372],[10.744324,59.954154]]},"properties":{"id":"118758550-0","route":5,"name":"Lersolveien"}},
{"type":"Feature","geometry":{"type":"LineString","coordinates":[[10.744324,59.954154],[10.744331,59.954159],[10.744664,59.954414],[10.744941,59.954659]]},"properties":{"id":"118758550-1","route":5,"name":"Lersolveien"}},
{"type":"Feature","geometry":{"type":"LineString","coordinates":[[10.744941,59.954659],[10.745207,59.954914],[10.745265,59.954979],[10.745308,59.955041],[10.745327,59.955127],[10.745324,59.955194],[10.745294,59.955357]]},"properties":{"id":"118758550-2","route":5,"name":"Lersolveien"}},
{"type":"Feature","geometry":{"type":"LineString","coordinates":[[10.74375,59.952681],[10.743724,59.952958],[10.743719,59.95303]]},"properties":{"id":"957802882-0","route":5,"name":"Lersolveien"}},
{"type":"Feature","geometry":{"type":"LineString","coordinates":[[10.743719,59.95303],[10.743657,59.953667]]},"properties":{"id":"957802882-1","route":5,"name":"Lersolveien"}},
{"type":"Feature","geometry":{"type":"LineString","coordinates":[[10.747528,59.953844],[10.747567,59.953826],[10.748275,59.953507],[10.748423,59.95344],[10.748435,59.953437]]},"properties":{"id":"25564485-0","route":5,"name":"Asalveien"}},
{"type":"Feature","geometry":{"type":"LineString","coordinates":[[10.748435,59.953437],[10.748499,59.953421],[10.748584,59.953414],[10.748682,59.953415],[10.748907,59.953425],[10.749559,59.953463],[10.749637,59.953471]]},"properties":{"id":"25564485-1","route":5,"name":"Asalveien"}},
{"type":"Feature","geometry":{"type":"LineString","coordinates":[[10.749637,59.953471],[10.749705,59.953477]]},"properties":{"id":"25564485-2","route":5,"name":"Asalveien"}},
{"type":"Feature","geometry":{"type":"LineString","coordinates":[[10.740117,59.951712],[10.740258,59.951781],[10.740371,59.951877],[10.740548,59.95201],[10.740968,59.952346],[10.741041,59.952392],[10.741144,59.952441]]},"properties":{"id":"4742285-0","route":5,"name":"Rektorhaugen"}},
{"type":"Feature","geometry":{"type":"LineString","coordinates":[[10.743777,59.95255],[10.743923,59.952556],[10.745247,59.95266]]},"properties":{"id":"118137270-0","route":5,"name":"Rektorhaugen"}},
{"type":"Feature","geometry":{"type":"LineString","coordinates":[[10.745247,59.95266],[10.745289,59.952663],[10.746207,59.952736],[10.746714,59.952779]]},"properties":{"id":"118137270-1","route":5,"name":"Rektorhaugen"}},
{"type":"Feature","geometry":{"type":"LineString","coordinates":[[10.746714,59.952779],[10.747834,59.952874],[10.748181,59.952897]]},"properties":{"id":"118137270-2","route":5,"name":"Rektorhaugen"}},
{"type":"Feature","geometry":{"type":"LineString","coordinates":[[10.748181,59.952897],[10.748405,59.952909],[10.748637,59.95287]]},"properties":{"id":"118137270-3","route":5,"name":"Rektorhaugen"}},
{"type":"Feature","geometry":{"type":"LineString","coordinates":[[10.748637,59.95287],[10.748822,59.95279],[10.748965,59.952681]]},"properties":{"id":"118137270-4","route":5,"name":"Rektorhaugen"}},
{"type":"Feature","geometry":{"type":"LineString","coordinates":[[10.741144,59.952441],[10.741229,59.952451],[10.74246,59.952496]]},"properties":{"id":"118137271-0","route":5,"name":"Rektorhaugen"}},
{"type":"Feature","geometry":{"type":"LineString","coordinates":[[10.74246,59.952496],[10.743691,59.952542],[10.743777,59.95255]]},"properties":{"id":"118137271-1","route":5,"name":"Rektorhaugen"}},
{"type":"Feature","geometry":{"type":"LineString","coordinates":[[10.748965,59.952681],[10.748984,59.95261],[10.748992,59.952566],[10.749039,59.952544],[10.74912,59.952532],[10.74919,59.95254],[10.749231,59.952577],[10.749228,59.952616],[10.749185,59.952646],[10.749113,59.952665],[10.748965,59.952681]]},"properties":{"id":"1092277517-0","route":5,"name":"Rektorhaugen"}},
{"type":"Feature","geometry":{"type":"LineString","coordinates":[[10.737915,59.957086],[10.738263,59.957102],[10.738569,59.957117],[10.739195,59.957147]]},"properties":{"id":"893088353-1","route":5,"name":"Bregneveien"}},
{"type":"Feature","geometry":{"type":"LineString","coordinates":[[10.739195,59.957147],[10.739866,59.957169],[10.740162,59.95717],[10.740292,59.957167],[10.740414,59.957161],[10.740568,59.957145],[10.74072,59.957124]]},"properties":{"id":"893088353-2","route":5,"name":"Bregneveien"}},
{"type":"Feature","geometry":{"type":"LineString","coordinates":[[10.74072,59.957124],[10.74119,59.957059],[10.742201,59.956921]]},"properties":{"id":"893088353-3","route":5,"name":"Bregneveien"}},
{"type":"Feature","geometry":{"type":"LineString","coordinates":[[10.737395,59.954057],[10.737593,59.954071],[10.738247,59.954114],[10.738874,59.954155],[10.739023,59.954163],[10.739112,59.954164]]},"properties":{"id":"4742287-8","route":5,"name":"Konvallveien"}},
{"type":"Feature","geometry":{"type":"LineString","coordinates":[[10.739112,59.954164],[10.739185,59.954158],[10.739297,59.95414],[10.73993,59.953989],[10.740492,59.953862],[10.740509,59.953861]]},"properties":{"id":"4742287-9","route":5,"name":"Konvallveien"}},
{"type":"Feature","geometry":{"type":"LineString","coordinates":[[10.740509,59.953861],[10.741522,59.953797],[10.742025,59.953771]]},"properties":{"id":"4742287-10","route":5,"name":"Konvallveien"}},
{"type":"Feature","geometry":{"type":"LineString","coordinates":[[10.742025,59.953771],[10.742338,59.953754],[10.743542,59.953679]]},"properties":{"id":"4742287-11","route":5,"name":"Konvallveien"}},
{"type":"Feature","geometry":{"type":"LineString","coordinates":[[10.743542,59.953679],[10.743657,59.953667]]},"properties":{"id":"4742287-12","route":5,"name":"Konvallveien"}},
{"type":"Feature","geometry":{"type":"LineString","coordinates":[[10.748066,59.954139],[10.748165,59.954173],[10.748273,59.954199],[10.748407,59.954224],[10.748711,59.954253],[10.749193,59.954297],[10.749319,59.954306]]},"properties":{"id":"118758543-0","route":5,"name":"Nils Bays vei"}},
{"type":"Feature","geometry":{"type":"LineString","coordinates":[[10.745628,59.953142],[10.745892,59.953185],[10.7465,59.95334],[10.746686,59.953417]]},"properties":{"id":"118758546-1","route":5,"name":"Nils Bays vei"}},
{"type":"Feature","geometry":{"type":"LineString","coordinates":[[10.746686,59.953417],[10.746894,59.953502],[10.747228,59.953682],[10.747528,59.953844]]},"properties":{"id":"118758546-2","route":5,"name":"Nils Bays vei"}},
{"type":"Feature","geometry":{"type":"LineString","coordinates":[[10.747528,59.953844],[10.747959,59.954091],[10.748066,59.954139]]},"properties":{"id":"118758546-3","route":5,"name":"Nils Bays vei"}},
{"type":"Feature","geometry":{"type":"LineString","coordinates":[[10.734996,59.956506],[10.735345,59.95626],[10.735561,59.956096],[10.735591,59.956078],[10.735634,59.956052],[10.735685,59.956032],[10.735728,59.956027],[10.73578,59.956029]]},"properties":{"id":"4742290-0","route":6,"name":"Brattelia"}},
{"type":"Feature","geometry":{"type":"LineString","coordinates":[[10.73578,59.956029],[10.73579,59.95603],[10.735976,59.956059],[10.736032,59.956062],[10.736078,59.956055],[10.73611,59.956037],[10.73613,59.956017],[10.736136,59.955997],[10.736122,59.955972],[10.736091,59.95594],[10.735997,59.955863],[10.735979,59.955832],[10.735976,59.955803],[10.73599,59.955773],[10.736023,59.955738],[10.736174,59.955631]]},"properties":{"id":"4742290-1","route":6,"name":"Brattelia"}},
{"type":"Feature","geometry":{"type":"LineString","coordinates":[[10.734996,59.956506],[10.734518,59.956855],[10.734424,59.956915],[10.734339,59.956963],[10.734235,59.95701],[10.734156,59.957039],[10.733882,59.957123]]},"properties":{"id":"4742291-0","route":6,"name":"Brattelia"}},
{"type":"Feature","geometry":{"type":"LineString","coordinates":[[10.733882,59.957123],[10.733511,59.957237],[10.733022,59.956874],[10.732909,59.956811],[10.732871,59.956795],[10.732822,59.956787],[10.732795,59.956786],[10.732771,59.956785],[10.732717,59.956786]]},"properties":{"id":"4742291-1","route":6,"name":"Brattelia"}},
{"type":"Feature","geometry":{"type":"LineString","coordinates":[[10.732329,59.951725],[10.731682,59.952],[10.731567,59.952141],[10.73169,59.952339]]},"properties":{"id":"4742288-0","route":6,"name":"Almeveien"}},
{"type":"Feature","geometry":{"type":"LineString","coordinates":[[10.73169,59.952339],[10.731758,59.95245],[10.731949,59.952854],[10.73211,59.953094]]},"properties":{"id":"4742288-1","route":6,"name":"Almeveien"}},
{"type":"Feature","geometry":{"type":"LineString","coordinates":[[10.73211,59.953094],[10.732177,59.953194],[10.732342,59.953309],[10.732863,59.953674],[10.732974,59.953744]]},"properties":{"id":"4742288-2","route":6,"name":"Almeveien"}},
{"type":"Feature","geometry":{"type":"LineString","coordinates":[[10.732974,59.953744],[10.733736,59.954216],[10.733676,59.954391]]},"properties":{"id":"4742288-3","route":6,"name":"Almeveien"}},
{"type":"Feature","geometry":{"type":"LineString","coordinates":[[10.733676,59.954391],[10.733656,59.954451],[10.733651,59.954483],[10.733664,59.954513],[10.733702,59.954545],[10.733853,59.954653],[10.734141,59.954837],[10.734482,59.955031]]},"properties":{"id":"4742288-4","route":6,"name":"Almeveien"}},
{"type":"Feature","geometry":{"type":"LineString","coordinates":[[10.734482,59.955031],[10.734682,59.955131],[10.734941,59.955251],[10.735195,59.955362],[10.735255,59.955384]]},"properties":{"id":"4742288-5","route":6,"name":"Almeveien"}},
{"type":"Feature","geometry":{"type":"LineString","coordinates":[[10.735255,59.955384],[10.73534,59.955416],[10.735535,59.955481],[10.73571,59.955533],[10.735858,59.955568],[10.736174,59.955631]]},"properties":{"id":"4742288-6","route":6,"name":"Almeveien"}},
{"type":"Feature","geometry":{"type":"LineString","coordinates":[[10.736174,59.955631],[10.73622,59.955593],[10.736497,59.955367]]},"properties":{"id":"4742288-7","route":6,"name":"Almeveien"}},
{"type":"Feature","geometry":{"type":"LineString","coordinates":[[10.736497,59.955367],[10.736702,59.955097],[10.736743,59.955054],[10.7368,59.955012],[10.737183,59.954843]]},"properties":{"id":"118137761-0","route":6,"name":"Almeveien"}},
{"type":"Feature","geometry":{"type":"LineString","coordinates":[[10.736135,59.953891],[10.7359,59.954141],[10.735557,59.95442],[10.735424,59.954502]]},"properties":{"id":"4742289-0","route":6,"name":"Pilveien"}},
{"type":"Feature","geometry":{"type":"LineString","coordinates":[[10.735424,59.954502],[10.735171,59.954657],[10.734482,59.955031]]},"properties":{"id":"4742289-1","route":6,"name":"Pilveien"}},
{"type":"Feature","geometry":{"type":"LineString","coordinates":[[10.729315,59.950778],[10.729432,59.950823],[10.729823,59.950977]]},"properties":{"id":"4740928-0","route":6,"name":"Hagtornveien"}},
{"type":"Feature","geometry":{"type":"LineString","coordinates":[[10.729823,59.950977],[10.729961,59.951026]]},"properties":{"id":"4740928-1","route":6,"name":"Hagtornveien"}},
{"type":"Feature","geometry":{"type":"LineString","coordinates":[[10.729961,59.951026],[10.730561,59.951192]]},"properties":{"id":"4740928-2","route":6,"name":"Hagtornveien"}},
{"type":"Feature","geometry":{"type":"LineString","coordinates":[[10.730561,59.951192],[10.730846,59.950715],[10.730924,59.950649]]},"properties":{"id":"4740928-3","route":6,"name":"Hagtornveien"}},
{"type":"Feature","geometry":{"type":"LineString","coordinates":[[10.730924,59.950649],[10.730987,59.950575],[10.73109,59.950378],[10.731143,59.950348],[10.731197,59.950344]]},"properties":{"id":"4740928-4","route":6,"name":"Hagtornveien"}},
{"type":"Feature","geometry":{"type":"LineString","coordinates":[[10.731386,59.955318],[10.731439,59.955297],[10.73145,59.955292],[10.731488,59.955279],[10.731526,59.95527],[10.73159,59.955262],[10.731651,59.955261],[10.731761,59.955262],[10.731904,59.955261]]},"properties":{"id":"4742292-0","route":6,"name":"Bregneveien"}},
{"type":"Feature","geometry":{"type":"LineString","coordinates":[[10.731904,59.955261],[10.732153,59.955282],[10.732459,59.955318],[10.732878,59.955411],[10.733155,59.955503],[10.733158,59.955504]]},"properties":{"id":"4742292-1","route":6,"name":"Bregneveien"}},
{"type":"Feature","geometry":{"type":"LineString","coordinates":[[10.733158,59.955504],[10.733388,59.955592],[10.733719,59.955774],[10.734105,59.955991]]},"properties":{"id":"4742292-2","route":6,"name":"Bregneveien"}},
{"type":"Feature","geometry":{"type":"LineString","coordinates":[[10.734105,59.955991],[10.734252,59.956074],[10.734996,59.956506]]},"properties":{"id":"4742292-3","route":6,"name":"Bregneveien"}},
{"type":"Feature","geometry":{"type":"LineString","coordinates":[[10.734996,59.956506],[10.735359,59.9567],[10.735513,59.95678],[10.735629,59.956833],[10.735699,59.956861]]},"properties":{"id":"4742292-4","route":6,"name":"Bregneveien"}},
{"type":"Feature","geometry":{"type":"LineString","coordinates":[[10.735699,59.956861],[10.735741,59.956877],[10.735845,59.956907],[10.735886,59.956916],[10.735973,59.956936],[10.736032,59.956947],[10.736128,59.956964],[10.736267,59.956985],[10.736397,59.957],[10.736637,59.957018]]},"properties":{"id":"4742292-5","route":6,"name":"Bregneveien"}},
{"type":"Feature","geometry":{"type":"LineString","coordinates":[[10.736637,59.957018],[10.736855,59.957031],[10.737252,59.957056],[10.737915,59.957086]]},"properties":{"id":"893088353-0","route":6,"name":"Bregneveien"}},
{"type":"Feature","geometry":{"type":"LineString","coordinates":[[10.731812,59.955077],[10.731878,59.955084],[10.731928,59.955094],[10.732011,59.955124],[10.732057,59.955145]]},"properties":{"id":"1128133390-0","route":6,"name":"Bregneveien"}},
{"type":"Feature","geometry":{"type":"LineString","coordinates":[[10.732057,59.955145],[10.732012,59.95517],[10.731927,59.955236],[10.731904,59.955261]]},"properties":{"id":"1128133399-0","route":6,"name":"Bregneveien"}},
{"type":"Feature","geometry":{"type":"LineString","coordinates":[[10.732367,59.954965],[10.732057,59.955145]]},"properties":{"id":"1128133400-0","route":6,"name":"Bregneveien"}},
{"type":"Feature","geometry":{"type":"LineString","coordinates":[[10.737395,59.954057],[10.737183,59.954843]]},"properties":{"id":"4742293-0","route":6,"name":"Borgestadveien"}},
{"type":"Feature","geometry":{"type":"LineString","coordinates":[[10.737183,59.954843],[10.737369,59.954959],[10.73744,59.955012],[10.737481,59.955063],[10.737506,59.955132],[10.737517,59.955226],[10.73752,59.955268]]},"properties":{"id":"118137763-0","route":6,"name":"Borgestadveien"}},
{"type":"Feature","geometry":{"type":"LineString","coordinates":[[10.729944,59.950343],[10.730059,59.95038],[10.730808,59.950626],[10.730924,59.950649]]},"properties":{"id":"4742287-0","route":6,"name":"Konvallveien"}},
{"type":"Feature","geometry":{"type":"LineString","coordinates":[[10.730924,59.950649],[10.731051,59.950679],[10.731261,59.950789],[10.731711,59.951153]]},"properties":{"id":"4742287-1","route":6,"name":"Konvallveien"}},
{"type":"Feature","geometry":{"type":"LineString","coordinates":[[10.731711,59.951153],[10.731763,59.951195],[10.732329,59.951725]]},"properties":{"id":"4742287-2","route":6,"name":"Konvallveien"}},
{"type":"Feature","geometry":{"type":"LineString","coordinates":[[10.732329,59.951725],[10.732824,59.952068],[10.733253,59.952277]]},"properties":{"id":"4742287-3","route":6,"name":"Konvallveien"}},
{"type":"Feature","geometry":{"type":"LineString","coordinates":[[10.733253,59.952277],[10.733554,59.952423],[10.734183,59.952827]]},"properties":{"id":"4742287-4","route":6,"name":"Konvallveien"}},
{"type":"Feature","geometry":{"type":"LineString","coordinates":[[10.734183,59.952827],[10.734278,59.952889],[10.735077,59.953346],[10.735129,59.953373]]},"properties":{"id":"4742287-5","route":6,"name":"Konvallveien"}},
{"type":"Feature","geometry":{"type":"LineString","coordinates":[[10.735129,59.953373],[10.73592,59.953781],[10.736135,59.953891]]},"properties":{"id":"4742287-6","route":6,"name":"Konvallveien"}},
{"type":"Feature","geometry":{"type":"LineString","coordinates":[[10.736135,59.953891],[10.736458,59.953969],[10.736985,59.954019],[10.737395,59.954057]]},"properties":{"id":"4742287-7","route":6,"name":"Konvallveien"}},
{"type":"Feature","geometry":{"type":"LineString","coordinates":[[10.744452,59.95303],[10.74459,59.953038],[10.744966,59.953063],[10.745351,59.953098],[10.745628,59.953142]]},"properties":{"id":"118758546-0","route":6,"name":"Nils Bays vei"}},
{"type":"Feature","geometry":{"type":"LineString","coordinates":[[10.731197,59.950344],[10.732555,59.950725]]},"properties":{"id":"275617374-0","route":6,"name":"Nils Bays vei"}},
{"type":"Feature","geometry":{"type":"LineString","coordinates":[[10.732555,59.950725],[10.732613,59.950741],[10.73284,59.950814],[10.733109,59.95095],[10.733583,59.951296]]},"properties":{"id":"275617374-1","route":6,"name":"Nils Bays vei"}},
{"type":"Feature","geometry":{"type":"LineString","coordinates":[[10.733583,59.951296],[10.733663,59.951355],[10.734265,59.951766]]},"properties":{"id":"275617374-2","route":6,"name":"Nils Bays vei"}},
{"type":"Feature","geometry":{"type":"LineString","coordinates":[[10.734265,59.951766],[10.734977,59.952194]]},"properties":{"id":"275617374-3","route":6,"name":"Nils Bays vei"}},
{"type":"Feature","geometry":{"type":"LineString","coordinates":[[10.734977,59.952194],[10.735614,59.952547]]},"properties":{"id":"275617374-4","route":6,"name":"Nils Bays vei"}},
{"type":"Feature","geometry":{"type":"LineString","coordinates":[[10.735614,59.952547],[10.735752,59.95263],[10.735955,59.952719],[10.736376,59.952859],[10.736595,59.952915],[10.736836,59.952951],[10.737022,59.952966]]},"properties":{"id":"275617374-5","route":6,"name":"Nils Bays vei"}},
{"type":"Feature","geometry":{"type":"LineString","coordinates":[[10.737022,59.952966],[10.737499,59.953003],[10.737708,59.953011],[10.737858,59.953018],[10.738691,59.953024]]},"properties":{"id":"275617374-6","route":6,"name":"Nils Bays vei"}},
{"type":"Feature","geometry":{"type":"LineString","coordinates":[[10.738691,59.953024],[10.738752,59.953024],[10.739702,59.95302],[10.740367,59.953023]]},"properties":{"id":"275617374-7","route":6,"name":"Nils Bays vei"}},
{"type":"Feature","geometry":{"type":"LineString","coordinates":[[10.740367,59.953023],[10.742043,59.953031]]},"properties":{"id":"275617374-8","route":6,"name":"Nils Bays vei"}},
{"type":"Feature","geometry":{"type":"LineString","coordinates":[[10.742043,59.953031],[10.742172,59.953032],[10.743719,59.95303]]},"properties":{"id":"275617374-9","route":6,"name":"Nils Bays vei"}},
{"type":"Feature","geometry":{"type":"LineString","coordinates":[[10.743719,59.95303],[10.744452,59.95303]]},"properties":{"id":"275617374-10","route":6,"name":"Nils Bays vei"}},
{"type":"Feature","geometry":{"type":"LineString","coordinates":[[10.734172,59.958104],[10.734168,59.958157],[10.734165,59.958485],[10.734162,59.958744]]},"properties":{"id":"4983227-0","route":7,"name":"Hamborgveien"}},
{"type":"Feature","geometry":{"type":"LineString","coordinates":[[10.734162,59.958744],[10.734203,59.958894],[10.734217,59.958932],[10.734258,59.959048],[10.734356,59.959227]]},"properties":{"id":"4983227-1","route":7,"name":"Hamborgveien"}},
{"type":"Feature","geometry":{"type":"LineString","coordinates":[[10.734356,59.959227],[10.734406,59.959318],[10.734569,59.95953],[10.73463,59.959602],[10.734757,59.95972],[10.734942,59.959872],[10.735012,59.959919]]},"properties":{"id":"4983227-2","route":7,"name":"Hamborgveien"}},
{"type":"Feature","geometry":{"type":"LineString","coordinates":[[10.735012,59.959919],[10.735076,59.959962],[10.735176,59.96001],[10.73526,59.960041],[10.735351,59.960066],[10.735478,59.960095],[10.735658,59.960119],[10.735765,59.960127],[10.735871,59.96013],[10.735967,59.960128],[10.736043,59.960122],[10.736148,59.960109],[10.736248,59.96009],[10.736389,59.960058],[10.73639,59.960058]]},"properties":{"id":"4983227-3","route":7,"name":"Hamborgveien"}},
{"type":"Feature","geometry":{"type":"LineString","coordinates":[[10.73639,59.960058],[10.736581,59.960006],[10.7367,59.959974],[10.737167,59.959849],[10.737303,59.959817],[10.737419,59.959799],[10.737525,59.959789],[10.737659,59.95978],[10.737801,59.959778]]},"properties":{"id":"4983227-4","route":7,"name":"Hamborgveien"}},
{"type":"Feature","geometry":{"type":"LineString","coordinates":[[10.737801,59.959778],[10.737971,59.959788],[10.738102,59.959804],[10.738217,59.959823],[10.738355,59.959852],[10.738487,59.959886],[10.738591,59.959922],[10.738631,59.959939]]},"properties":{"id":"4983227-5","route":7,"name":"Hamborgveien"}},
{"type":"Feature","geometry":{"type":"LineString","coordinates":[[10.738631,59.959939],[10.738688,59.959964],[10.738778,59.960011],[10.738845,59.960051],[10.738906,59.960097],[10.738999,59.960185],[10.739136,59.960311]]},"properties":{"id":"4983227-6","route":7,"name":"Hamborgveien"}},
{"type":"Feature","geometry":{"type":"LineString","coordinates":[[10.73836,59.958187],[10.738363,59.958249],[10.738346,59.958361],[10.738362,59.958451],[10.738392,59.958509],[10.738435,59.958558],[10.738496,59.958604],[10.738556,59.95864],[10.738644,59.958683],[10.738775,59.95874],[10.739001,59.958817]]},"properties":{"id":"4983216-0","route":7,"name":"Krokusveien"}},
{"type":"Feature","geometry":{"type":"LineString","coordinates":[[10.739001,59.958817],[10.739051,59.958834],[10.739406,59.958956],[10.739587,59.959024],[10.739665,59.959057],[10.739704,59.959079],[10.739729,59.9591],[10.739745,59.959124],[10.739755,59.95915],[10.739745,59.95918],[10.739727,59.959212],[10.739696,59.959241],[10.739655,59.959268],[10.7396,59.95929],[10.739541,59.959306],[10.739476,59.959315],[10.739443,59.959317]]},"properties":{"id":"4983216-1","route":7,"name":"Krokusveien"}},
{"type":"Feature","geometry":{"type":"LineString","coordinates":[[10.739443,59.959317],[10.739352,59.959323],[10.738228,59.959358],[10.737917,59.959365]]},"properties":{"id":"4983216-2","route":7,"name":"Krokusveien"}},
{"type":"Feature","geometry":{"type":"LineString","coordinates":[[10.737917,59.959365],[10.737887,59.959438],[10.737836,59.95961],[10.737801,59.959778]]},"properties":{"id":"4983216-3","route":7,"name":"Krokusveien"}},
{"type":"Feature","geometry":{"type":"LineString","coordinates":[[10.737917,59.959365],[10.737283,59.959335],[10.737179,59.959327],[10.737137,59.959319],[10.737112,59.959308],[10.737101,59.959299],[10.737099,59.959285],[10.737114,59.959168],[10.737151,59.958989],[10.737164,59.958924]]},"properties":{"id":"161097606-0","route":7,"name":"Krokusveien"}},
{"type":"Feature","geometry":{"type":"LineString","coordinates":[[10.738823,59.961732],[10.738832,59.961688],[10.738837,59.961676],[10.738851,59.961644],[10.738881,59.961601],[10.738929,59.961552],[10.738991,59.96151],[10.739066,59.961467],[10.739636,59.961298],[10.740008,59.961198]]},"properties":{"id":"4983226-0","route":7,"name":"Holsteinveien"}},
{"type":"Feature","geometry":{"type":"LineString","coordinates":[[10.740008,59.961198],[10.74031,59.961117],[10.740947,59.960941],[10.741478,59.96079],[10.741478,59.96079]]},"properties":{"id":"4983226-1","route":7,"name":"Holsteinveien"}},
{"type":"Feature","geometry":{"type":"LineString","coordinates":[[10.741478,59.96079],[10.741839,59.960668],[10.742169,59.960536],[10.742527,59.960362],[10.742732,59.960236]]},"properties":{"id":"4983226-2","route":7,"name":"Holsteinveien"}},
{"type":"Feature","geometry":{"type":"LineString","coordinates":[[10.742732,59.960236],[10.743054,59.960039],[10.74374,59.959564]]},"properties":{"id":"4983226-3","route":7,"name":"Holsteinveien"}},
{"type":"Feature","geometry":{"type":"LineString","coordinates":[[10.74374,59.959564],[10.743948,59.959447],[10.744206,59.959324],[10.744453,59.959187],[10.744559,59.959141],[10.744737,59.959083],[10.744893,59.95905],[10.7449,59.959048]]},"properties":{"id":"4983226-4","route":7,"name":"Holsteinveien"}},
{"type":"Feature","geometry":{"type":"LineString","coordinates":[[10.7449,59.959048],[10.745121,59.959002],[10.745398,59.958959],[10.745756,59.958925],[10.74601,59.958917],[10.746212,59.958935],[10.746401,59.958984]]},"properties":{"id":"4983226-5","route":7,"name":"Holsteinveien"}},
{"type":"Feature","geometry":{"type":"LineString","coordinates":[[10.746401,59.958984],[10.746419,59.958988],[10.746566,59.95905],[10.746676,59.959127],[10.746806,59.959246],[10.746986,59.959386],[10.747111,59.959439],[10.747264,59.959482],[10.747487,59.959487]]},"properties":{"id":"4983226-6","route":7,"name":"Holsteinveien"}},
{"type":"Feature","geometry":{"type":"LineString","coordinates":[[10.733116,59.959605],[10.733044,59.959614],[10.732991,59.95962],[10.732841,59.959639],[10.732647,59.959626],[10.73227,59.95955],[10.731843,59.95947]]},"properties":{"id":"78363278-0","route":7,"name":"Flesåsveien"}},
{"type":"Feature","geometry":{"type":"LineString","coordinates":[[10.731843,59.95947],[10.731787,59.95946],[10.73151,59.959426],[10.731363,59.959423],[10.731163,59.95945],[10.73095,59.959492],[10.730801,59.959534],[10.730642,59.959605],[10.730626,59.959616]]},"properties":{"id":"78363278-1","route":7,"name":"Flesåsveien"}},
{"type":"Feature","geometry":{"type":"LineString","coordinates":[[10.730626,59.959616],[10.730544,59.959672],[10.730415,59.959765],[10.730344,59.959858],[10.7303,59.959974],[10.730274,59.960159],[10.730281,59.960245]]},"properties":{"id":"78363278-2","route":7,"name":"Flesåsveien"}},
{"type":"Feature","geometry":{"type":"LineString","coordinates":[[10.730281,59.960245],[10.730296,59.960349],[10.73039,59.960537]]},"properties":{"id":"78363278-3","route":7,"name":"Flesåsveien"}},
{"type":"Feature","geometry":{"type":"LineString","coordinates":[[10.73039,59.960537],[10.731382,59.961236]]},"properties":{"id":"78363278-4","route":7,"name":"Flesåsveien"}},
{"type":"Feature","geometry":{"type":"LineString","coordinates":[[10.729511,59.961401],[10.729485,59.96133],[10.729451,59.961257]]},"properties":{"id":"275626730-0","route":7,"name":"Flesåstunet"}},
{"type":"Feature","geometry":{"type":"LineString","coordinates":[[10.729451,59.961257],[10.729516,59.961176],[10.729661,59.961023]]},"properties":{"id":"275626730-1","route":7,"name":"Flesåstunet"}},
{"type":"Feature","geometry":{"type":"LineString","coordinates":[[10.729661,59.961023],[10.72987,59.960936],[10.730117,59.960807],[10.730297,59.96066],[10.73039,59.960537]]},"properties":{"id":"275626730-2","route":7,"name":"Flesåstunet"}},
{"type":"Feature","geometry":{"type":"LineString","coordinates":[[10.730281,59.960245],[10.730646,59.960253],[10.731077,59.960269],[10.73143,59.960282],[10.731801,59.960304],[10.731861,59.960315]]},"properties":{"id":"160464683-0","route":7,"name":"Storkenebbveien"}},
{"type":"Feature","geometry":{"type":"LineString","coordinates":[[10.731861,59.960315],[10.73208,59.960355],[10.732337,59.960447],[10.732631,59.960598],[10.732933,59.960801],[10.733,59.960846]]},"properties":{"id":"160464683-1","route":7,"name":"Storkenebbveien"}},
{"type":"Feature","geometry":{"type":"LineString","coordinates":[[10.733,59.960846],[10.733182,59.960967],[10.733275,59.961063],[10.733325,59.961177],[10.73331,59.961249],[10.733265,59.961331],[10.733164,59.961412],[10.732958,59.961447],[10.732844,59.961461]]},"properties":{"id":"160464683-2","route":7,"name":"Storkenebbveien"}},
{"type":"Feature","geometry":{"type":"LineString","coordinates":[[10.732844,59.961461],[10.73278,59.961468],[10.732562,59.961455],[10.73212,59.961401],[10.731758,59.961358],[10.731473,59.961313],[10.731382,59.961236]]},"properties":{"id":"160464683-3","route":7,"name":"Storkenebbveien"}},
{"type":"Feature","geometry":{"type":"LineString","coordinates":[[10.729297,59.959498],[10.7294,59.959495],[10.729473,59.959478],[10.729535,59.959422],[10.729556,59.959263]]},"properties":{"id":"5571696-0","route":7,"name":"John Brandts vei"}},
{"type":"Feature","geometry":{"type":"LineString","coordinates":[[10.729923,59.958251],[10.729889,59.958433],[10.729709,59.958539],[10.729448,59.958734],[10.729364,59.958836]]},"properties":{"id":"5571697-0","route":7,"name":"John Brandts vei"}},
{"type":"Feature","geometry":{"type":"LineString","coordinates":[[10.729364,59.958836],[10.729325,59.958882],[10.729293,59.959046],[10.729297,59.959498]]},"properties":{"id":"5571697-1","route":7,"name":"John Brandts vei"}},
{"type":"Feature","geometry":{"type":"LineString","coordinates":[[10.729297,59.959498],[10.729295,59.959589],[10.729284,59.959747],[10.729247,59.959816],[10.729174,59.959869],[10.729069,59.959912],[10.728947,59.959936]]},"properties":{"id":"5571697-2","route":7,"name":"John Brandts vei"}},
{"type":"Feature","geometry":{"type":"LineString","coordinates":[[10.728947,59.959936],[10.727944,59.959989],[10.727764,59.960025],[10.72767,59.960084]]},"properties":{"id":"5571697-3","route":7,"name":"John Brandts vei"}},
{"type":"Feature","geometry":{"type":"LineString","coordinates":[[10.72767,59.960084],[10.727642,59.960172],[10.727745,59.960407],[10.727782,59.960474]]},"properties":{"id":"5571697-4","route":7,"name":"John Brandts vei"}},
{"type":"Feature","geometry":{"type":"LineString","coordinates":[[10.727782,59.960474],[10.72782,59.960538],[10.727844,59.960631],[10.727851,59.960729],[10.727842,59.960879],[10.727827,59.960992],[10.727795,59.961138],[10.727723,59.961292]]},"properties":{"id":"5571697-5","route":7,"name":"John Brandts vei"}},
{"type":"Feature","geometry":{"type":"LineString","coordinates":[[10.727782,59.960474],[10.72766,59.960531],[10.727544,59.960554],[10.727426,59.960565],[10.727287,59.960563],[10.727032,59.960536],[10.726684,59.960488],[10.726559,59.960456],[10.726473,59.960436]]},"properties":{"id":"119243591-0","route":7,"name":"John Brandts vei"}},
{"type":"Feature","geometry":{"type":"LineString","coordinates":[[10.726473,59.960436],[10.725981,59.960434],[10.725597,59.960393]]},"properties":{"id":"119243591-1","route":7,"name":"John Brandts vei"}},
{"type":"Feature","geometry":{"type":"LineString","coordinates":[[10.725597,59.960393],[10.725438,59.960431]]},"properties":{"id":"119243591-2","route":7,"name":"John Brandts vei"}},
{"type":"Feature","geometry":{"type":"LineString","coordinates":[[10.725438,59.960431],[10.725302,59.960435],[10.725191,59.960411]]},"properties":{"id":"119243591-3","route":7,"name":"John Brandts vei"}},
{"type":"Feature","geometry":{"type":"LineString","coordinates":[[10.732812,59.958066],[10.732744,59.958061],[10.732676,59.958059],[10.732494,59.958068],[10.732267,59.958085],[10.731859,59.958112]]},"properties":{"id":"4873872-0","route":7,"name":"Nordbergveien"}},
{"type":"Feature","geometry":{"type":"LineString","coordinates":[[10.731859,59.958112],[10.730907,59.958174]]},"properties":{"id":"4873872-1","route":7,"name":"Nordbergveien"}},
{"type":"Feature","geometry":{"type":"LineString","coordinates":[[10.730907,59.958174],[10.729923,59.958251]]},"properties":{"id":"4873872-2","route":7,"name":"Nordbergveien"}},
{"type":"Feature","geometry":{"type":"LineString","coordinates":[[10.729923,59.958251],[10.72913,59.958312]]},"properties":{"id":"4873872-3","route":7,"name":"Nordbergveien"}},
{"type":"Feature","geometry":{"type":"LineString","coordinates":[[10.72913,59.958312],[10.728585,59.958348]]},"properties":{"id":"4873872-4","route":7,"name":"Nordbergveien"}},
{"type":"Feature","geometry":{"type":"LineString","coordinates":[[10.728585,59.958348],[10.728164,59.958359],[10.727777,59.958331]]},"properties":{"id":"4873872-5","route":7,"name":"Nordbergveien"}},
{"type":"Feature","geometry":{"type":"LineString","coordinates":[[10.727777,59.958331],[10.727748,59.958328],[10.72696,59.958255]]},"properties":{"id":"4873872-6","route":7,"name":"Nordbergveien"}},
{"type":"Feature","geometry":{"type":"LineString","coordinates":[[10.72696,59.958255],[10.726535,59.958207]]},"properties":{"id":"4873872-7","route":7,"name":"Nordbergveien"}},
{"type":"Feature","geometry":{"type":"LineString","coordinates":[[10.726535,59.958207],[10.72606,59.95815],[10.725465,59.958087]]},"properties":{"id":"4873872-8","route":7,"name":"Nordbergveien"}},
{"type":"Feature","geometry":{"type":"LineString","coordinates":[[10.725465,59.958087],[10.724632,59.958]]},"properties":{"id":"4873872-9","route":7,"name":"Nordbergveien"}},
{"type":"Feature","geometry":{"type":"LineString","coordinates":[[10.724632,59.958],[10.724172,59.95795],[10.723985,59.95793],[10.723446,59.957873]]},"properties":{"id":"4873872-10","route":7,"name":"Nordbergveien"}},
{"type":"Feature","geometry":{"type":"LineString","coordinates":[[10.732812,59.958066],[10.732985,59.958072],[10.733341,59.958084],[10.733651,59.958092],[10.734009,59.958101],[10.734172,59.958104]]},"properties":{"id":"147986615-0","route":7,"name":"Nordbergveien"}},
{"type":"Feature","geometry":{"type":"LineString","coordinates":[[10.734172,59.958104],[10.734188,59.958104],[10.734621,59.958112],[10.734706,59.958113],[10.735086,59.95812],[10.7353,59.958124],[10.735457,59.958127],[10.735559,59.958129],[10.735568,59.958129]]},"properties":{"id":"147986615-1","route":7,"name":"Nordbergveien"}},
{"type":"Feature","geometry":{"type":"LineString","coordinates":[[10.735568,59.958129],[10.735637,59.958131],[10.735732,59.958132],[10.735968,59.958137],[10.736127,59.958139],[10.736214,59.958141],[10.736964,59.958157]]},"properties":{"id":"147986615-2","route":7,"name":"Nordbergveien"}},
{"type":"Feature","geometry":{"type":"LineString","coordinates":[[10.723446,59.957873],[10.723248,59.95785],[10.7232,59.957845],[10.723107,59.957834]]},"properties":{"id":"700751497-0","route":7,"name":"Nordbergveien"}},
{"type":"Feature","geometry":{"type":"Point","coordinates":[10.750245,59.940843]},"properties":{"kind":"intersection"}},
{"type":"Feature","geometry":{"type":"Point","coordinates":[10.751846,59.941239]},"properties":{"kind":"intersection"}},
{"type":"Feature","geometry":{"type":"Point","coordinates":[10.754863,59.942048]},"properties":{"kind":"intersection"}},
{"type":"Feature","geometry":{"type":"Point","coordinates":[10.755007,59.942104]},"properties":{"kind":"intersection"}},
{"type":"Feature","geometry":{"type":"Point","coordinates":[10.757462,59.943158]},"properties":{"kind":"intersection"}},
{"type":"Feature","geometry":{"type":"Point","coordinates":[10.758455,59.943542]},"properties":{"kind":"intersection"}},
{"type":"Feature","geometry":{"type":"Point","coordinates":[10.759333,59.943839]},"properties":{"kind":"intersection"}},
{"type":"Feature","geometry":{"type":"Point","coordinates":[10.759892,59.943992]},"properties":{"kind":"intersection"}},
{"type":"Feature","geometry":{"type":"Point","coordinates":[10.759631,59.944103]},"properties":{"kind":"intersection"}},
{"type":"Feature","geometry":{"type":"Point","coordinates":[10.759352,59.941184]},"properties":{"kind":"intersection"}},
{"type":"Feature","geometry":{"type":"Point","coordinates":[10.759358,59.941214]},"properties":{"kind":"intersection"}},
{"type":"Feature","geometry":{"type":"Point","coordinates":[10.759495,59.94184]},"properties":{"kind":"intersection"}},
{"type":"Feature","geometry":{"type":"Point","coordinates":[10.759646,59.942544]},"properties":{"kind":"intersection"}},
{"type":"Feature","geometry":{"type":"Point","coordinates":[10.759786,59.943177]},"properties":{"kind":"intersection"}},
{"type":"Feature","geometry":{"type":"Point","coordinates":[10.759757,59.943806]},"properties":{"kind":"intersection"}},
{"type":"Feature","geometry":{"type":"Point","coordinates":[10.739153,59.94285]},"properties":{"kind":"intersection"}},
{"type":"Feature","geometry":{"type":"Point","coordinates":[10.740991,59.942974]},"properties":{"kind":"intersection"}},
{"type":"Feature","geometry":{"type":"Point","coordinates":[10.742213,59.942128]},"properties":{"kind":"intersection"}},
{"type":"Feature","geometry":{"type":"Point","coordinates":[10.744006,59.94179]},"properties":{"kind":"intersection"}},
{"type":"Feature","geometry":{"type":"Point","coordinates":[10.746935,59.941257]},"properties":{"kind":"intersection"}},
{"type":"Feature","geometry":{"type":"Point","coordinates":[10.750107,59.940944]},"properties":{"kind":"intersection"}},
{"type":"Feature","geometry":{"type":"Point","coordinates":[10.749834,59.941307]},"properties":{"kind":"intersection"}},
{"type":"Feature","geometry":{"type":"Point","coordinates":[10.726442,59.941271]},"properties":{"kind":"intersection"}},
{"type":"Feature","geometry":{"type":"Point","coordinates":[10.728039,59.942154]},"properties":{"kind":"intersection"}},
{"type":"Feature","geometry":{"type":"Point","coordinates":[10.742414,59.947711]},"properties":{"kind":"intersection"}},
{"type":"Feature","geometry":{"type":"Point","coordinates":[10.742475,59.950391]},"properties":{"kind":"intersection"}},
{"type":"Feature","geometry":{"type":"Point","coordinates":[10.742948,59.950918]},"properties":{"kind":"intersection"}},
{"type":"Feature","geometry":{"type":"Point","coordinates":[10.739013,59.942865]},"properties":{"kind":"intersection"}},
{"type":"Feature","geometry":{"type":"Point","coordinates":[10.73675,59.943217]},"properties":{"kind":"intersection"}},
{"type":"Feature","geometry":{"type":"Point","coordinates":[10.734213,59.943588]},"properties":{"kind":"intersection"}},
{"type":"Feature","geometry":{"type":"Point","coordinates":[10.729749,59.941152]},"properties":{"kind":"intersection"}},
{"type":"Feature","geometry":{"type":"Point","coordinates":[10.729681,59.941152]},"properties":{"kind":"intersection"}},
{"type":"Feature","geometry":{"type":"Point","coordinates":[10.728997,59.941302]},"properties":{"kind":"intersection"}},
{"type":"Feature","geometry":{"type":"Point","coordinates":[10.727279,59.943184]},"properties":{"kind":"intersection"}},
{"type":"Feature","geometry":{"type":"Point","coordinates":[10.726424,59.944206]},"properties":{"kind":"intersection"}},
{"type":"Feature","geometry":{"type":"Point","coordinates":[10.725894,59.944763]},"properties":{"kind":"intersection"}},
{"type":"Feature","geometry":{"type":"Point","coordinates":[10.724585,59.942244]},"properties":{"kind":"intersection"}},
{"type":"Feature","geometry":{"type":"Point","coordinates":[10.732815,59.947759]},"properties":{"kind":"intersection"}},
{"type":"Feature","geometry":{"type":"Point","coordinates":[10.732702,59.947942]},"properties":{"kind":"intersection"}},
{"type":"Feature","geometry":{"type":"Point","coordinates":[10.751528,59.94604]},"properties":{"kind":"intersection"}},
{"type":"Feature","geometry":{"type":"Point","coordinates":[10.756696,59.946887]},"properties":{"kind":"intersection"}},
{"type":"Feature","geometry":{"type":"Point","coordinates":[10.759765,59.948109]},"properties":{"kind":"intersection"}},
{"type":"Feature","geometry":{"type":"Point","coordinates":[10.760164,59.94536]},"properties":{"kind":"intersection"}},
{"type":"Feature","geometry":{"type":"Point","coordinates":[10.762978,59.945819]},"properties":{"kind":"intersection"}},
{"type":"Feature","geometry":{"type":"Point","coordinates":[10.763816,59.945639]},"properties":{"kind":"intersection"}},
{"type":"Feature","geometry":{"type":"Point","coordinates":[10.763886,59.945631]},"properties":{"kind":"intersection"}},
{"type":"Feature","geometry":{"type":"Point","coordinates":[10.7668,59.94888]},"properties":{"kind":"intersection"}},
{"type":"Feature","geometry":{"type":"Point","coordinates":[10.758174,59.953328]},"properties":{"kind":"intersection"}},
{"type":"Feature","geometry":{"type":"Point","coordinates":[10.735053,59.961193]},"properties":{"kind":"intersection"}},
{"type":"Feature","geometry":{"type":"Point","coordinates":[10.734777,59.960993]},"properties":{"kind":"intersection"}},
{"type":"Feature","geometry":{"type":"Point","coordinates":[10.746445,59.956181]},"properties":{"kind":"intersection"}},
{"type":"Feature","geometry":{"type":"Point","coordinates":[10.746419,59.957702]},"properties":{"kind":"intersection"}},
{"type":"Feature","geometry":{"type":"Point","coordinates":[10.74625,59.958017]},"properties":{"kind":"intersection"}},
{"type":"Feature","geometry":{"type":"Point","coordinates":[10.745774,59.957882]},"properties":{"kind":"intersection"}},
{"type":"Feature","geometry":{"type":"Point","coordinates":[10.744858,59.957886]},"properties":{"kind":"intersection"}},
{"type":"Feature","geometry":{"type":"Point","coordinates":[10.742135,59.959041]},"properties":{"kind":"intersection"}},
{"type":"Feature","geometry":{"type":"Point","coordinates":[10.739136,59.960311]},"properties":{"kind":"intersection"}},
{"type":"Feature","geometry":{"type":"Point","coordinates":[10.735647,59.96122]},"properties":{"kind":"intersection"}},
{"type":"Feature","geometry":{"type":"Point","coordinates":[10.735629,59.961245]},"properties":{"kind":"intersection"}},
{"type":"Feature","geometry":{"type":"Point","coordinates":[10.727354,59.951625]},"properties":{"kind":"intersection"}},
{"type":"Feature","geometry":{"type":"Point","coordinates":[10.72275,59.948261]},"properties":{"kind":"intersection"}},
{"type":"Feature","geometry":{"type":"Point","coordinates":[10.722555,59.948318]},"properties":{"kind":"intersection"}},
{"type":"Feature","geometry":{"type":"Point","coordinates":[10.722358,59.948253]},"properties":{"kind":"intersection"}},
{"type":"Feature","geometry":{"type":"Point","coordinates":[10.722366,59.946611]},"properties":{"kind":"intersection"}},
{"type":"Feature","geometry":{"type":"Point","coordinates":[10.722611,59.946698]},"properties":{"kind":"intersection"}},
{"type":"Feature","geometry":{"type":"Point","coordinates":[10.721933,59.948071]},"properties":{"kind":"intersection"}},
{"type":"Feature","geometry":{"type":"Point","coordinates":[10.760428,59.946354]},"properties":{"kind":"intersection"}},
{"type":"Feature","geometry":{"type":"Point","coordinates":[10.760213,59.946565]},"properties":{"kind":"intersection"}},
{"type":"Feature","geometry":{"type":"Point","coordinates":[10.760949,59.953439]},"properties":{"kind":"intersection"}},
{"type":"Feature","geometry":{"type":"Point","coordinates":[10.760826,59.953767]},"properties":{"kind":"intersection"}},
{"type":"Feature","geometry":{"type":"Point","coordinates":[10.764228,59.959459]},"properties":{"kind":"intersection"}},
{"type":"Feature","geometry":{"type":"Point","coordinates":[10.760713,59.953441]},"properties":{"kind":"intersection"}},
{"type":"Feature","geometry":{"type":"Point","coordinates":[10.7606,59.953379]},"properties":{"kind":"intersection"}},
{"type":"Feature","geometry":{"type":"Point","coordinates":[10.760632,59.953257]},"properties":{"kind":"intersection"}},
{"type":"Feature","geometry":{"type":"Point","coordinates":[10.750223,59.940813]},"properties":{"kind":"intersection"}},
{"type":"Feature","geometry":{"type":"Point","coordinates":[10.750176,59.940929]},"properties":{"kind":"intersection"}},
{"type":"Feature","geometry":{"type":"Point","coordinates":[10.740042,59.95122]},"properties":{"kind":"intersection"}},
{"type":"Feature","geometry":{"type":"Point","coordinates":[10.7404,59.951545]},"properties":{"kind":"intersection"}},
{"type":"Feature","geometry":{"type":"Point","coordinates":[10.750617,59.952527]},"properties":{"kind":"intersection"}},
{"type":"Feature","geometry":{"type":"Point","coordinates":[10.740924,59.943577]},"properties":{"kind":"intersection"}},
{"type":"Feature","geometry":{"type":"Point","coordinates":[10.745347,59.946322]},"properties":{"kind":"intersection"}},
{"type":"Feature","geometry":{"type":"Point","coordinates":[10.747898,59.947557]},"properties":{"kind":"intersection"}},
{"type":"Feature","geometry":{"type":"Point","coordinates":[10.758587,59.946821]},"properties":{"kind":"intersection"}},
{"type":"Feature","geometry":{"type":"Point","coordinates":[10.759877,59.949169]},"properties":{"kind":"intersection"}},
{"type":"Feature","geometry":{"type":"Point","coordinates":[10.756006,59.950181]},"properties":{"kind":"intersection"}},
{"type":"Feature","geometry":{"type":"Point","coordinates":[10.757235,59.949659]},"properties":{"kind":"intersection"}},
{"type":"Feature","geometry":{"type":"Point","coordinates":[10.758452,59.949171]},"properties":{"kind":"intersection"}},
{"type":"Feature","geometry":{"type":"Point","coordinates":[10.759544,59.948757]},"properties":{"kind":"intersection"}},
{"type":"Feature","geometry":{"type":"Point","coordinates":[10.749518,59.947403]},"properties":{"kind":"intersection"}},
{"type":"Feature","geometry":{"type":"Point","coordinates":[10.750957,59.947246]},"properties":{"kind":"intersection"}},
{"type":"Feature","geometry":{"type":"Point","coordinates":[10.75219,59.947009]},"properties":{"kind":"intersection"}},
{"type":"Feature","geometry":{"type":"Point","coordinates":[10.752995,59.948162]},"properties":{"kind":"intersection"}},
{"type":"Feature","geometry":{"type":"Point","coordinates":[10.758254,59.95097]},"properties":{"kind":"intersection"}},
{"type":"Feature","geometry":{"type":"Point","coordinates":[10.757809,59.946442]},"properties":{"kind":"intersection"}},
{"type":"Feature","geometry":{"type":"Point","coordinates":[10.756336,59.948355]},"properties":{"kind":"intersection"}},
{"type":"Feature","geometry":{"type":"Point","coordinates":[10.729711,59.941188]},"properties":{"kind":"intersection"}},
{"type":"Feature","geometry":{"type":"Point","coordinates":[10.730569,59.941983]},"properties":{"kind":"intersection"}},
{"type":"Feature","geometry":{"type":"Point","coordinates":[10.731545,59.942313]},"properties":{"kind":"intersection"}},
{"type":"Feature","geometry":{"type":"Point","coordinates":[10.733399,59.942887]},"properties":{"kind":"intersection"}},
{"type":"Feature","geometry":{"type":"Point","coordinates":[10.725864,59.942913]},"properties":{"kind":"intersection"}},
{"type":"Feature","geometry":{"type":"Point","coordinates":[10.729176,59.944031]},"properties":{"kind":"intersection"}},
{"type":"Feature","geometry":{"type":"Point","coordinates":[10.731357,59.94427]},"properties":{"kind":"intersection"}},
{"type":"Feature","geometry":{"type":"Point","coordinates":[10.732983,59.944091]},"properties":{"kind":"intersection"}},
{"type":"Feature","geometry":{"type":"Point","coordinates":[10.733541,59.943686]},"properties":{"kind":"intersection"}},
{"type":"Feature","geometry":{"type":"Point","coordinates":[10.734064,59.943693]},"properties":{"kind":"intersection"}},
{"type":"Feature","geometry":{"type":"Point","coordinates":[10.733808,59.942115]},"properties":{"kind":"intersection"}},
{"type":"Feature","geometry":{"type":"Point","coordinates":[10.737528,59.947436]},"properties":{"kind":"intersection"}},
{"type":"Feature","geometry":{"type":"Point","coordinates":[10.733292,59.944269]},"properties":{"kind":"intersection"}},
{"type":"Feature","geometry":{"type":"Point","coordinates":[10.732745,59.945594]},"properties":{"kind":"intersection"}},
{"type":"Feature","geometry":{"type":"Point","coordinates":[10.734364,59.941327]},"properties":{"kind":"intersection"}},
{"type":"Feature","geometry":{"type":"Point","coordinates":[10.733238,59.941937]},"properties":{"kind":"intersection"}},
{"type":"Feature","geometry":{"type":"Point","coordinates":[10.731785,59.941274]},"properties":{"kind":"intersection"}},
{"type":"Feature","geometry":{"type":"Point","coordinates":[10.736255,59.941685]},"properties":{"kind":"intersection"}},
{"type":"Feature","geometry":{"type":"Point","coordinates":[10.735135,59.942528]},"properties":{"kind":"intersection"}},
{"type":"Feature","geometry":{"type":"Point","coordinates":[10.737478,59.942129]},"properties":{"kind":"intersection"}},
{"type":"Feature","geometry":{"type":"Point","coordinates":[10.736185,59.942934]},"properties":{"kind":"intersection"}},
{"type":"Feature","geometry":{"type":"Point","coordinates":[10.736474,59.94458]},"properties":{"kind":"intersection"}},
{"type":"Feature","geometry":{"type":"Point","coordinates":[10.736617,59.944632]},"properties":{"kind":"intersection"}},
{"type":"Feature","geometry":{"type":"Point","coordinates":[10.740321,59.946897]},"properties":{"kind":"intersection"}},
{"type":"Feature","geometry":{"type":"Point","coordinates":[10.744039,59.947802]},"properties":{"kind":"intersection"}},
{"type":"Feature","geometry":{"type":"Point","coordinates":[10.734472,59.945148]},"properties":{"kind":"intersection"}},
{"type":"Feature","geometry":{"type":"Point","coordinates":[10.732323,59.945644]},"properties":{"kind":"intersection"}},
{"type":"Feature","geometry":{"type":"Point","coordinates":[10.744239,59.947807]},"properties":{"kind":"intersection"}},
{"type":"Feature","geometry":{"type":"Point","coordinates":[10.74428,59.949836]},"properties":{"kind":"intersection"}},
{"type":"Feature","geometry":{"type":"Point","coordinates":[10.744095,59.950475]},"properties":{"kind":"intersection"}},
{"type":"Feature","geometry":{"type":"Point","coordinates":[10.74562,59.948044]},"properties":{"kind":"intersection"}},
{"type":"Feature","geometry":{"type":"Point","coordinates":[10.745678,59.949901]},"properties":{"kind":"intersection"}},
{"type":"Feature","geometry":{"type":"Point","coordinates":[10.74701,59.949913]},"properties":{"kind":"intersection"}},
{"type":"Feature","geometry":{"type":"Point","coordinates":[10.745888,59.948094]},"properties":{"kind":"intersection"}},
{"type":"Feature","geometry":{"type":"Point","coordinates":[10.747363,59.948668]},"properties":{"kind":"intersection"}},
{"type":"Feature","geometry":{"type":"Point","coordinates":[10.746812,59.950617]},"properties":{"kind":"intersection"}},
{"type":"Feature","geometry":{"type":"Point","coordinates":[10.74423,59.950481]},"properties":{"kind":"intersection"}},
{"type":"Feature","geometry":{"type":"Point","coordinates":[10.750265,59.950282]},"properties":{"kind":"intersection"}},
{"type":"Feature","geometry":{"type":"Point","coordinates":[10.75064,59.950186]},"properties":{"kind":"intersection"}},
{"type":"Feature","geometry":{"type":"Point","coordinates":[10.753198,59.949284]},"properties":{"kind":"intersection"}},
{"type":"Feature","geometry":{"type":"Point","coordinates":[10.744675,59.944637]},"properties":{"kind":"intersection"}},
{"type":"Feature","geometry":{"type":"Point","coordinates":[10.748484,59.944451]},"properties":{"kind":"intersection"}},
{"type":"Feature","geometry":{"type":"Point","coordinates":[10.732259,59.945525]},"properties":{"kind":"intersection"}},
{"type":"Feature","geometry":{"type":"Point","coordinates":[10.729388,59.945404]},"properties":{"kind":"intersection"}},
{"type":"Feature","geometry":{"type":"Point","coordinates":[10.724823,59.944025]},"properties":{"kind":"intersection"}},
{"type":"Feature","geometry":{"type":"Point","coordinates":[10.762096,59.941038]},"properties":{"kind":"intersection"}},
{"type":"Feature","geometry":{"type":"Point","coordinates":[10.7629,59.941567]},"properties":{"kind":"intersection"}},
{"type":"Feature","geometry":{"type":"Point","coordinates":[10.764901,59.943619]},"properties":{"kind":"intersection"}},
{"type":"Feature","geometry":{"type":"Point","coordinates":[10.759893,59.943895]},"properties":{"kind":"intersection"}},
{"type":"Feature","geometry":{"type":"Point","coordinates":[10.762871,59.942376]},"properties":{"kind":"intersection"}},
{"type":"Feature","geometry":{"type":"Point","coordinates":[10.762735,59.941665]},"properties":{"kind":"intersection"}},
{"type":"Feature","geometry":{"type":"Point","coordinates":[10.756881,59.951232]},"properties":{"kind":"intersection"}},
{"type":"Feature","geometry":{"type":"Point","coordinates":[10.757766,59.951872]},"properties":{"kind":"intersection"}},
{"type":"Feature","geometry":{"type":"Point","coordinates":[10.758976,59.952359]},"properties":{"kind":"intersection"}},
{"type":"Feature","geometry":{"type":"Point","coordinates":[10.752703,59.95202]},"properties":{"kind":"intersection"}},
{"type":"Feature","geometry":{"type":"Point","coordinates":[10.754767,59.951651]},"properties":{"kind":"intersection"}},
{"type":"Feature","geometry":{"type":"Point","coordinates":[10.759647,59.950696]},"properties":{"kind":"intersection"}},
{"type":"Feature","geometry":{"type":"Point","coordinates":[10.760932,59.950474]},"properties":{"kind":"intersection"}},
{"type":"Feature","geometry":{"type":"Point","coordinates":[10.750302,59.952424]},"properties":{"kind":"intersection"}},
{"type":"Feature","geometry":{"type":"Point","coordinates":[10.751085,59.951009]},"properties":{"kind":"intersection"}},
{"type":"Feature","geometry":{"type":"Point","coordinates":[10.753773,59.954444]},"properties":{"kind":"intersection"}},
{"type":"Feature","geometry":{"type":"Point","coordinates":[10.756642,59.953398]},"properties":{"kind":"intersection"}},
{"type":"Feature","geometry":{"type":"Point","coordinates":[10.756665,59.953237]},"properties":{"kind":"intersection"}},
{"type":"Feature","geometry":{"type":"Point","coordinates":[10.763691,59.958118]},"properties":{"kind":"intersection"}},
{"type":"Feature","geometry":{"type":"Point","coordinates":[10.761822,59.95808]},"properties":{"kind":"intersection"}},
{"type":"Feature","geometry":{"type":"Point","coordinates":[10.761426,59.958098]},"properties":{"kind":"intersection"}},
{"type":"Feature","geometry":{"type":"Point","coordinates":[10.760688,59.958135]},"properties":{"kind":"intersection"}},
{"type":"Feature","geometry":{"type":"Point","coordinates":[10.759365,59.958229]},"properties":{"kind":"intersection"}},
{"type":"Feature","geometry":{"type":"Point","coordinates":[10.757012,59.958625]},"properties":{"kind":"intersection"}},
{"type":"Feature","geometry":{"type":"Point","coordinates":[10.755745,59.958977]},"properties":{"kind":"intersection"}},
{"type":"Feature","geometry":{"type":"Point","coordinates":[10.753407,59.959362]},"properties":{"kind":"intersection"}},
{"type":"Feature","geometry":{"type":"Point","coordinates":[10.752179,59.95967]},"properties":{"kind":"intersection"}},
{"type":"Feature","geometry":{"type":"Point","coordinates":[10.751643,59.959877]},"properties":{"kind":"intersection"}},
{"type":"Feature","geometry":{"type":"Point","coordinates":[10.749515,59.960602]},"properties":{"kind":"intersection"}},
{"type":"Feature","geometry":{"type":"Point","coordinates":[10.747915,59.960922]},"properties":{"kind":"intersection"}},
{"type":"Feature","geometry":{"type":"Point","coordinates":[10.745877,59.96122]},"properties":{"kind":"intersection"}},
{"type":"Feature","geometry":{"type":"Point","coordinates":[10.741683,59.961612]},"properties":{"kind":"intersection"}},
{"type":"Feature","geometry":{"type":"Point","coordinates":[10.741428,59.961628]},"properties":{"kind":"intersection"}},
{"type":"Feature","geometry":{"type":"Point","coordinates":[10.738823,59.961732]},"properties":{"kind":"intersection"}},
{"type":"Feature","geometry":{"type":"Point","coordinates":[10.735187,59.961134]},"properties":{"kind":"intersection"}},
{"type":"Feature","geometry":{"type":"Point","coordinates":[10.735334,59.961169]},"properties":{"kind":"intersection"}},
{"type":"Feature","geometry":{"type":"Point","coordinates":[10.759756,59.95203]},"properties":{"kind":"intersection"}},
{"type":"Feature","geometry":{"type":"Point","coordinates":[10.760966,59.951948]},"properties":{"kind":"intersection"}},
{"type":"Feature","geometry":{"type":"Point","coordinates":[10.747507,59.942365]},"properties":{"kind":"intersection"}},
{"type":"Feature","geometry":{"type":"Point","coordinates":[10.735219,59.961288]},"properties":{"kind":"intersection"}},
{"type":"Feature","geometry":{"type":"Point","coordinates":[10.734925,59.961411]},"properties":{"kind":"intersection"}},
{"type":"Feature","geometry":{"type":"Point","coordinates":[10.729315,59.950778]},"properties":{"kind":"intersection"}},
{"type":"Feature","geometry":{"type":"Point","coordinates":[10.729823,59.950977]},"properties":{"kind":"intersection"}},
{"type":"Feature","geometry":{"type":"Point","coordinates":[10.729961,59.951026]},"properties":{"kind":"intersection"}},
{"type":"Feature","geometry":{"type":"Point","coordinates":[10.730924,59.950649]},"properties":{"kind":"intersection"}},
{"type":"Feature","geometry":{"type":"Point","coordinates":[10.727432,59.952114]},"properties":{"kind":"intersection"}},
{"type":"Feature","geometry":{"type":"Point","coordinates":[10.72866,59.952374]},"properties":{"kind":"intersection"}},
{"type":"Feature","geometry":{"type":"Point","coordinates":[10.729947,59.95382]},"properties":{"kind":"intersection"}},
{"type":"Feature","geometry":{"type":"Point","coordinates":[10.728858,59.952813]},"properties":{"kind":"intersection"}},
{"type":"Feature","geometry":{"type":"Point","coordinates":[10.728091,59.953102]},"properties":{"kind":"intersection"}},
{"type":"Feature","geometry":{"type":"Point","coordinates":[10.730513,59.953687]},"properties":{"kind":"intersection"}},
{"type":"Feature","geometry":{"type":"Point","coordinates":[10.72877,59.952002]},"properties":{"kind":"intersection"}},
{"type":"Feature","geometry":{"type":"Point","coordinates":[10.732797,59.947029]},"properties":{"kind":"intersection"}},
{"type":"Feature","geometry":{"type":"Point","coordinates":[10.743777,59.95255]},"properties":{"kind":"intersection"}},
{"type":"Feature","geometry":{"type":"Point","coordinates":[10.729944,59.950343]},"properties":{"kind":"intersection"}},
{"type":"Feature","geometry":{"type":"Point","coordinates":[10.732329,59.951725]},"properties":{"kind":"intersection"}},
{"type":"Feature","geometry":{"type":"Point","coordinates":[10.736135,59.953891]},"properties":{"kind":"intersection"}},
{"type":"Feature","geometry":{"type":"Point","coordinates":[10.737395,59.954057]},"properties":{"kind":"intersection"}},
{"type":"Feature","geometry":{"type":"Point","coordinates":[10.739112,59.954164]},"properties":{"kind":"intersection"}},
{"type":"Feature","geometry":{"type":"Point","coordinates":[10.743542,59.953679]},"properties":{"kind":"intersection"}},
{"type":"Feature","geometry":{"type":"Point","coordinates":[10.743657,59.953667]},"properties":{"kind":"intersection"}},
{"type":"Feature","geometry":{"type":"Point","coordinates":[10.734482,59.955031]},"properties":{"kind":"intersection"}},
{"type":"Feature","geometry":{"type":"Point","coordinates":[10.736174,59.955631]},"properties":{"kind":"intersection"}},
{"type":"Feature","geometry":{"type":"Point","coordinates":[10.734996,59.956506]},"properties":{"kind":"intersection"}},
{"type":"Feature","geometry":{"type":"Point","coordinates":[10.732717,59.956786]},"properties":{"kind":"intersection"}},
{"type":"Feature","geometry":{"type":"Point","coordinates":[10.731386,59.955318]},"properties":{"kind":"intersection"}},
{"type":"Feature","geometry":{"type":"Point","coordinates":[10.737183,59.954843]},"properties":{"kind":"intersection"}},
{"type":"Feature","geometry":{"type":"Point","coordinates":[10.744941,59.954659]},"properties":{"kind":"intersection"}},
{"type":"Feature","geometry":{"type":"Point","coordinates":[10.74138,59.955725]},"properties":{"kind":"intersection"}},
{"type":"Feature","geometry":{"type":"Point","coordinates":[10.738438,59.956434]},"properties":{"kind":"intersection"}},
{"type":"Feature","geometry":{"type":"Point","coordinates":[10.740403,59.955228]},"properties":{"kind":"intersection"}},
{"type":"Feature","geometry":{"type":"Point","coordinates":[10.737799,59.955715]},"properties":{"kind":"intersection"}},
{"type":"Feature","geometry":{"type":"Point","coordinates":[10.741999,59.956485]},"properties":{"kind":"intersection"}},
{"type":"Feature","geometry":{"type":"Point","coordinates":[10.742201,59.956921]},"properties":{"kind":"intersection"}},
{"type":"Feature","geometry":{"type":"Point","coordinates":[10.742573,59.957611]},"properties":{"kind":"intersection"}},
{"type":"Feature","geometry":{"type":"Point","coordinates":[10.748413,59.955098]},"properties":{"kind":"intersection"}},
{"type":"Feature","geometry":{"type":"Point","coordinates":[10.749659,59.955687]},"properties":{"kind":"intersection"}},
{"type":"Feature","geometry":{"type":"Point","coordinates":[10.750042,59.955867]},"properties":{"kind":"intersection"}},
{"type":"Feature","geometry":{"type":"Point","coordinates":[10.750364,59.955993]},"properties":{"kind":"intersection"}},
{"type":"Feature","geometry":{"type":"Point","coordinates":[10.749319,59.954306]},"properties":{"kind":"intersection"}},
{"type":"Feature","geometry":{"type":"Point","coordinates":[10.743468,59.944058]},"properties":{"kind":"intersection"}},
{"type":"Feature","geometry":{"type":"Point","coordinates":[10.748301,59.943763]},"properties":{"kind":"intersection"}},
{"type":"Feature","geometry":{"type":"Point","coordinates":[10.738791,59.944328]},"properties":{"kind":"intersection"}},
{"type":"Feature","geometry":{"type":"Point","coordinates":[10.761002,59.946449]},"properties":{"kind":"intersection"}},
{"type":"Feature","geometry":{"type":"Point","coordinates":[10.762961,59.946936]},"properties":{"kind":"intersection"}},
{"type":"Feature","geometry":{"type":"Point","coordinates":[10.732812,59.958066]},"properties":{"kind":"intersection"}},
{"type":"Feature","geometry":{"type":"Point","coordinates":[10.730907,59.958174]},"properties":{"kind":"intersection"}},
{"type":"Feature","geometry":{"type":"Point","coordinates":[10.729923,59.958251]},"properties":{"kind":"intersection"}},
{"type":"Feature","geometry":{"type":"Point","coordinates":[10.72913,59.958312]},"properties":{"kind":"intersection"}},
{"type":"Feature","geometry":{"type":"Point","coordinates":[10.728585,59.958348]},"properties":{"kind":"intersection"}},
{"type":"Feature","geometry":{"type":"Point","coordinates":[10.727777,59.958331]},"properties":{"kind":"intersection"}},
{"type":"Feature","geometry":{"type":"Point","coordinates":[10.72696,59.958255]},"properties":{"kind":"intersection"}},
{"type":"Feature","geometry":{"type":"Point","coordinates":[10.726535,59.958207]},"properties":{"kind":"intersection"}},
{"type":"Feature","geometry":{"type":"Point","coordinates":[10.725465,59.958087]},"properties":{"kind":"intersection"}},
{"type":"Feature","geometry":{"type":"Point","coordinates":[10.724632,59.958]},"properties":{"kind":"intersection"}},
{"type":"Feature","geometry":{"type":"Point","coordinates":[10.764404,59.964278]},"properties":{"kind":"intersection"}},
{"type":"Feature","geometry":{"type":"Point","coordinates":[10.758123,59.959739]},"properties":{"kind":"intersection"}},
{"type":"Feature","geometry":{"type":"Point","coordinates":[10.76021,59.958638]},"properties":{"kind":"intersection"}},
{"type":"Feature","geometry":{"type":"Point","coordinates":[10.741166,59.962921]},"properties":{"kind":"intersection"}},
{"type":"Feature","geometry":{"type":"Point","coordinates":[10.742362,59.963269]},"properties":{"kind":"intersection"}},
{"type":"Feature","geometry":{"type":"Point","coordinates":[10.75272,59.960323]},"properties":{"kind":"intersection"}},
{"type":"Feature","geometry":{"type":"Point","coordinates":[10.752943,59.961251]},"properties":{"kind":"intersection"}},
{"type":"Feature","geometry":{"type":"Point","coordinates":[10.737816,59.963278]},"properties":{"kind":"intersection"}},
{"type":"Feature","geometry":{"type":"Point","coordinates":[10.736592,59.963327]},"properties":{"kind":"intersection"}},
{"type":"Feature","geometry":{"type":"Point","coordinates":[10.750824,59.958147]},"properties":{"kind":"intersection"}},
{"type":"Feature","geometry":{"type":"Point","coordinates":[10.763076,59.96239]},"properties":{"kind":"intersection"}},
{"type":"Feature","geometry":{"type":"Point","coordinates":[10.756732,59.961204]},"properties":{"kind":"intersection"}},
{"type":"Feature","geometry":{"type":"Point","coordinates":[10.754127,59.961358]},"properties":{"kind":"intersection"}},
{"type":"Feature","geometry":{"type":"Point","coordinates":[10.750959,59.96182]},"properties":{"kind":"intersection"}},
{"type":"Feature","geometry":{"type":"Point","coordinates":[10.749629,59.964175]},"properties":{"kind":"intersection"}},
{"type":"Feature","geometry":{"type":"Point","coordinates":[10.748112,59.959739]},"properties":{"kind":"intersection"}},
{"type":"Feature","geometry":{"type":"Point","coordinates":[10.749335,59.958189]},"properties":{"kind":"intersection"}},
{"type":"Feature","geometry":{"type":"Point","coordinates":[10.761634,59.960447]},"properties":{"kind":"intersection"}},
{"type":"Feature","geometry":{"type":"Point","coordinates":[10.760782,59.962284]},"properties":{"kind":"intersection"}},
{"type":"Feature","geometry":{"type":"Point","coordinates":[10.752877,59.964723]},"properties":{"kind":"intersection"}},
{"type":"Feature","geometry":{"type":"Point","coordinates":[10.759916,59.961038]},"properties":{"kind":"intersection"}},
{"type":"Feature","geometry":{"type":"Point","coordinates":[10.759171,59.961302]},"properties":{"kind":"intersection"}},
{"type":"Feature","geometry":{"type":"Point","coordinates":[10.757654,59.961794]},"properties":{"kind":"intersection"}},
{"type":"Feature","geometry":{"type":"Point","coordinates":[10.745913,59.964197]},"properties":{"kind":"intersection"}},
{"type":"Feature","geometry":{"type":"Point","coordinates":[10.747535,59.958744]},"properties":{"kind":"intersection"}},
{"type":"Feature","geometry":{"type":"Point","coordinates":[10.75018,59.957791]},"properties":{"kind":"intersection"}},
{"type":"Feature","geometry":{"type":"Point","coordinates":[10.750419,59.957722]},"properties":{"kind":"intersection"}},
{"type":"Feature","geometry":{"type":"Point","coordinates":[10.751053,59.957638]},"properties":{"kind":"intersection"}},
{"type":"Feature","geometry":{"type":"Point","coordinates":[10.765764,59.962698]},"properties":{"kind":"intersection"}},
{"type":"Feature","geometry":{"type":"Point","coordinates":[10.758257,59.964636]},"properties":{"kind":"intersection"}},
{"type":"Feature","geometry":{"type":"Point","coordinates":[10.75663,59.964172]},"properties":{"kind":"intersection"}},
{"type":"Feature","geometry":{"type":"Point","coordinates":[10.755954,59.964054]},"properties":{"kind":"intersection"}},
{"type":"Feature","geometry":{"type":"Point","coordinates":[10.760535,59.962313]},"properties":{"kind":"intersection"}},
{"type":"Feature","geometry":{"type":"Point","coordinates":[10.758599,59.962687]},"properties":{"kind":"intersection"}},
{"type":"Feature","geometry":{"type":"Point","coordinates":[10.758296,59.956444]},"properties":{"kind":"intersection"}},
{"type":"Feature","geometry":{"type":"Point","coordinates":[10.73836,59.958187]},"properties":{"kind":"intersection"}},
{"type":"Feature","geometry":{"type":"Point","coordinates":[10.737917,59.959365]},"properties":{"kind":"intersection"}},
{"type":"Feature","geometry":{"type":"Point","coordinates":[10.737801,59.959778]},"properties":{"kind":"intersection"}},
{"type":"Feature","geometry":{"type":"Point","coordinates":[10.757385,59.959041]},"properties":{"kind":"intersection"}},
{"type":"Feature","geometry":{"type":"Point","coordinates":[10.75784,59.959526]},"properties":{"kind":"intersection"}},
{"type":"Feature","geometry":{"type":"Point","coordinates":[10.758832,59.960088]},"properties":{"kind":"intersection"}},
{"type":"Feature","geometry":{"type":"Point","coordinates":[10.746155,59.963795]},"properties":{"kind":"intersection"}},
{"type":"Feature","geometry":{"type":"Point","coordinates":[10.746302,59.964575]},"properties":{"kind":"intersection"}},
{"type":"Feature","geometry":{"type":"Point","coordinates":[10.74374,59.959564]},"properties":{"kind":"intersection"}},
{"type":"Feature","geometry":{"type":"Point","coordinates":[10.748176,59.961582]},"properties":{"kind":"intersection"}},
{"type":"Feature","geometry":{"type":"Point","coordinates":[10.750096,59.961164]},"properties":{"kind":"intersection"}},
{"type":"Feature","geometry":{"type":"Point","coordinates":[10.759023,59.956579]},"properties":{"kind":"intersection"}},
{"type":"Feature","geometry":{"type":"Point","coordinates":[10.759825,59.95537]},"properties":{"kind":"intersection"}},
{"type":"Feature","geometry":{"type":"Point","coordinates":[10.742124,59.962055]},"properties":{"kind":"intersection"}},
{"type":"Feature","geometry":{"type":"Point","coordinates":[10.747487,59.959487]},"properties":{"kind":"intersection"}},
{"type":"Feature","geometry":{"type":"Point","coordinates":[10.734172,59.958104]},"properties":{"kind":"intersection"}},
{"type":"Feature","geometry":{"type":"Point","coordinates":[10.755791,59.955003]},"properties":{"kind":"intersection"}},
{"type":"Feature","geometry":{"type":"Point","coordinates":[10.750726,59.957939]},"properties":{"kind":"intersection"}},
{"type":"Feature","geometry":{"type":"Point","coordinates":[10.765186,59.96224]},"properties":{"kind":"intersection"}},
{"type":"Feature","geometry":{"type":"Point","coordinates":[10.765401,59.96222]},"properties":{"kind":"intersection"}},
{"type":"Feature","geometry":{"type":"Point","coordinates":[10.760255,59.955264]},"properties":{"kind":"intersection"}},
{"type":"Feature","geometry":{"type":"Point","coordinates":[10.741704,59.961857]},"properties":{"kind":"intersection"}},
{"type":"Feature","geometry":{"type":"Point","coordinates":[10.740053,59.963171]},"properties":{"kind":"intersection"}},
{"type":"Feature","geometry":{"type":"Point","coordinates":[10.743939,59.957232]},"properties":{"kind":"intersection"}},
{"type":"Feature","geometry":{"type":"Point","coordinates":[10.756212,59.96007]},"properties":{"kind":"intersection"}},
{"type":"Feature","geometry":{"type":"Point","coordinates":[10.755926,59.959357]},"properties":{"kind":"intersection"}},
{"type":"Feature","geometry":{"type":"Point","coordinates":[10.739827,59.962681]},"properties":{"kind":"intersection"}},
{"type":"Feature","geometry":{"type":"Point","coordinates":[10.740081,59.963988]},"properties":{"kind":"intersection"}},
{"type":"Feature","geometry":{"type":"Point","coordinates":[10.761203,59.954769]},"properties":{"kind":"intersection"}},
{"type":"Feature","geometry":{"type":"Point","coordinates":[10.757361,59.956423]},"properties":{"kind":"intersection"}},
{"type":"Feature","geometry":{"type":"Point","coordinates":[10.723107,59.957834]},"properties":{"kind":"intersection"}},
{"type":"Feature","geometry":{"type":"Point","coordinates":[10.729297,59.959498]},"properties":{"kind":"intersection"}},
{"type":"Feature","geometry":{"type":"Point","coordinates":[10.727782,59.960474]},"properties":{"kind":"intersection"}},
{"type":"Feature","geometry":{"type":"Point","coordinates":[10.749976,59.940784]},"properties":{"kind":"intersection"}},
{"type":"Feature","geometry":{"type":"Point","coordinates":[10.759992,59.94429]},"properties":{"kind":"intersection"}},
{"type":"Feature","geometry":{"type":"Point","coordinates":[10.760269,59.945895]},"properties":{"kind":"intersection"}},
{"type":"Feature","geometry":{"type":"Point","coordinates":[10.758476,59.953218]},"properties":{"kind":"intersection"}},
{"type":"Feature","geometry":{"type":"Point","coordinates":[10.759103,59.953273]},"properties":{"kind":"intersection"}},
{"type":"Feature","geometry":{"type":"Point","coordinates":[10.72794,59.951537]},"properties":{"kind":"intersection"}},
{"type":"Feature","geometry":{"type":"Point","coordinates":[10.732532,59.941631]},"properties":{"kind":"intersection"}},
{"type":"Feature","geometry":{"type":"Point","coordinates":[10.765585,59.954284]},"properties":{"kind":"intersection"}},
{"type":"Feature","geometry":{"type":"Point","coordinates":[10.71862,59.947336]},"properties":{"kind":"intersection"}},
{"type":"Feature","geometry":{"type":"Point","coordinates":[10.747528,59.953844]},"properties":{"kind":"intersection"}},
{"type":"Feature","geometry":{"type":"Point","coordinates":[10.749637,59.953471]},"properties":{"kind":"intersection"}},
{"type":"Feature","geometry":{"type":"Point","coordinates":[10.749705,59.953477]},"properties":{"kind":"intersection"}},
{"type":"Feature","geometry":{"type":"Point","coordinates":[10.74915,59.946445]},"properties":{"kind":"intersection"}},
{"type":"Feature","geometry":{"type":"Point","coordinates":[10.751782,59.941301]},"properties":{"kind":"intersection"}},
{"type":"Feature","geometry":{"type":"Point","coordinates":[10.759262,59.943967]},"properties":{"kind":"intersection"}},
{"type":"Feature","geometry":{"type":"Point","coordinates":[10.762775,59.944979]},"properties":{"kind":"intersection"}},
{"type":"Feature","geometry":{"type":"Point","coordinates":[10.762699,59.944889]},"properties":{"kind":"intersection"}},
{"type":"Feature","geometry":{"type":"Point","coordinates":[10.763411,59.94492]},"properties":{"kind":"intersection"}},
{"type":"Feature","geometry":{"type":"Point","coordinates":[10.722246,59.947863]},"properties":{"kind":"intersection"}},
{"type":"Feature","geometry":{"type":"Point","coordinates":[10.722103,59.946805]},"properties":{"kind":"intersection"}},
{"type":"Feature","geometry":{"type":"Point","coordinates":[10.75837,59.94261]},"properties":{"kind":"intersection"}},
{"type":"Feature","geometry":{"type":"Point","coordinates":[10.757371,59.94193]},"properties":{"kind":"intersection"}},
{"type":"Feature","geometry":{"type":"Point","coordinates":[10.722305,59.946885]},"properties":{"kind":"intersection"}},
{"type":"Feature","geometry":{"type":"Point","coordinates":[10.722639,59.948105]},"properties":{"kind":"intersection"}},
{"type":"Feature","geometry":{"type":"Point","coordinates":[10.718869,59.947389]},"properties":{"kind":"intersection"}},
{"type":"Feature","geometry":{"type":"Point","coordinates":[10.722006,59.948086]},"properties":{"kind":"intersection"}},
{"type":"Feature","geometry":{"type":"Point","coordinates":[10.722389,59.948137]},"properties":{"kind":"intersection"}},
{"type":"Feature","geometry":{"type":"Point","coordinates":[10.76027,59.946189]},"properties":{"kind":"intersection"}},
{"type":"Feature","geometry":{"type":"Point","coordinates":[10.760531,59.946154]},"properties":{"kind":"intersection"}},
{"type":"Feature","geometry":{"type":"Point","coordinates":[10.761234,59.959349]},"properties":{"kind":"intersection"}},
{"type":"Feature","geometry":{"type":"Point","coordinates":[10.761092,59.959066]},"properties":{"kind":"intersection"}},
{"type":"Feature","geometry":{"type":"Point","coordinates":[10.765656,59.954407]},"properties":{"kind":"intersection"}},
{"type":"Feature","geometry":{"type":"Point","coordinates":[10.765553,59.954346]},"properties":{"kind":"intersection"}},
{"type":"Feature","geometry":{"type":"Point","coordinates":[10.759933,59.95329]},"properties":{"kind":"intersection"}},
{"type":"Feature","geometry":{"type":"Point","coordinates":[10.760947,59.95446]},"properties":{"kind":"intersection"}},
{"type":"Feature","geometry":{"type":"Point","coordinates":[10.727553,59.953808]},"properties":{"kind":"intersection"}},
{"type":"Feature","geometry":{"type":"Point","coordinates":[10.729759,59.956716]},"properties":{"kind":"intersection"}},
{"type":"Feature","geometry":{"type":"Point","coordinates":[10.731325,59.957571]},"properties":{"kind":"intersection"}},
{"type":"Feature","geometry":{"type":"Point","coordinates":[10.726861,59.957008]},"properties":{"kind":"intersection"}},
{"type":"Feature","geometry":{"type":"Point","coordinates":[10.727275,59.955474]},"properties":{"kind":"intersection"}},
{"type":"Feature","geometry":{"type":"Point","coordinates":[10.72564,59.956836]},"properties":{"kind":"intersection"}},
{"type":"Feature","geometry":{"type":"Point","coordinates":[10.726271,59.956941]},"properties":{"kind":"intersection"}},
{"type":"Feature","geometry":{"type":"Point","coordinates":[10.726409,59.956959]},"properties":{"kind":"intersection"}},
{"type":"Feature","geometry":{"type":"Point","coordinates":[10.727729,59.956971]},"properties":{"kind":"intersection"}},
{"type":"Feature","geometry":{"type":"Point","coordinates":[10.72856,59.956912]},"properties":{"kind":"intersection"}},
{"type":"Feature","geometry":{"type":"Point","coordinates":[10.72926,59.956824]},"properties":{"kind":"intersection"}},
{"type":"Feature","geometry":{"type":"Point","coordinates":[10.729509,59.956771]},"properties":{"kind":"intersection"}},
{"type":"Feature","geometry":{"type":"Point","coordinates":[10.727738,59.957463]},"properties":{"kind":"intersection"}},
{"type":"Feature","geometry":{"type":"Point","coordinates":[10.727773,59.958103]},"properties":{"kind":"intersection"}},
{"type":"Feature","geometry":{"type":"Point","coordinates":[10.729701,59.957971]},"properties":{"kind":"intersection"}},
{"type":"Feature","geometry":{"type":"Point","coordinates":[10.731073,59.957699]},"properties":{"kind":"intersection"}},
{"type":"Feature","geometry":{"type":"Point","coordinates":[10.731913,59.95787]},"properties":{"kind":"intersection"}},
{"type":"Feature","geometry":{"type":"Point","coordinates":[10.728932,59.958034]},"properties":{"kind":"intersection"}},
{"type":"Feature","geometry":{"type":"Point","coordinates":[10.727907,59.958095]},"properties":{"kind":"intersection"}},
{"type":"Feature","geometry":{"type":"Point","coordinates":[10.730623,59.957887]},"properties":{"kind":"intersection"}},
{"type":"Feature","geometry":{"type":"Point","coordinates":[10.730736,59.957845]},"properties":{"kind":"intersection"}},
{"type":"Feature","geometry":{"type":"Point","coordinates":[10.73025,59.957483]},"properties":{"kind":"intersection"}},
{"type":"Feature","geometry":{"type":"Point","coordinates":[10.728709,59.95938]},"properties":{"kind":"intersection"}},
{"type":"Feature","geometry":{"type":"Point","coordinates":[10.727596,59.954787]},"properties":{"kind":"intersection"}},
{"type":"Feature","geometry":{"type":"Point","coordinates":[10.727593,59.95539]},"properties":{"kind":"intersection"}},
{"type":"Feature","geometry":{"type":"Point","coordinates":[10.727693,59.956466]},"properties":{"kind":"intersection"}},
{"type":"Feature","geometry":{"type":"Point","coordinates":[10.728542,59.954659]},"properties":{"kind":"intersection"}},
{"type":"Feature","geometry":{"type":"Point","coordinates":[10.727951,59.95466]},"properties":{"kind":"intersection"}},
{"type":"Feature","geometry":{"type":"Point","coordinates":[10.72795,59.958905]},"properties":{"kind":"intersection"}},
{"type":"Feature","geometry":{"type":"Point","coordinates":[10.728605,59.958573]},"properties":{"kind":"intersection"}},
{"type":"Feature","geometry":{"type":"Point","coordinates":[10.726616,59.954675]},"properties":{"kind":"intersection"}},
{"type":"Feature","geometry":{"type":"Point","coordinates":[10.728578,59.95509]},"properties":{"kind":"intersection"}},
{"type":"Feature","geometry":{"type":"Point","coordinates":[10.728087,59.955459]},"properties":{"kind":"intersection"}},
{"type":"Feature","geometry":{"type":"Point","coordinates":[10.728412,59.956477]},"properties":{"kind":"intersection"}},
{"type":"Feature","geometry":{"type":"Point","coordinates":[10.728551,59.954302]},"properties":{"kind":"intersection"}},
{"type":"Feature","geometry":{"type":"Point","coordinates":[10.729496,59.955908]},"properties":{"kind":"intersection"}},
{"type":"Feature","geometry":{"type":"Point","coordinates":[10.726546,59.954346]},"properties":{"kind":"intersection"}},
{"type":"Feature","geometry":{"type":"Point","coordinates":[10.727675,59.955389]},"properties":{"kind":"intersection"}},
{"type":"Feature","geometry":{"type":"Point","coordinates":[10.730247,59.955787]},"properties":{"kind":"intersection"}},
{"type":"Feature","geometry":{"type":"Point","coordinates":[10.729196,59.956301]},"properties":{"kind":"intersection"}},
{"type":"Feature","geometry":{"type":"Point","coordinates":[10.726414,59.959584]},"properties":{"kind":"intersection"}},
{"type":"Feature","geometry":{"type":"Point","coordinates":[10.724715,59.959788]},"properties":{"kind":"intersection"}},
{"type":"Feature","geometry":{"type":"Point","coordinates":[10.72518,59.958417]},"properties":{"kind":"intersection"}},
{"type":"Feature","geometry":{"type":"Point","coordinates":[10.726375,59.959544]},"properties":{"kind":"intersection"}},
{"type":"Feature","geometry":{"type":"Point","coordinates":[10.727781,59.958843]},"properties":{"kind":"intersection"}},
{"type":"Feature","geometry":{"type":"Point","coordinates":[10.725916,59.958885]},"properties":{"kind":"intersection"}},
{"type":"Feature","geometry":{"type":"Point","coordinates":[10.726217,59.959606]},"properties":{"kind":"intersection"}},
{"type":"Feature","geometry":{"type":"Point","coordinates":[10.726582,59.955268]},"properties":{"kind":"intersection"}},
{"type":"Feature","geometry":{"type":"Point","coordinates":[10.727949,59.954021]},"properties":{"kind":"intersection"}},
{"type":"Feature","geometry":{"type":"Point","coordinates":[10.725404,59.952307]},"properties":{"kind":"intersection"}},
{"type":"Feature","geometry":{"type":"Point","coordinates":[10.723961,59.952662]},"properties":{"kind":"intersection"}},
{"type":"Feature","geometry":{"type":"Point","coordinates":[10.723653,59.952638]},"properties":{"kind":"intersection"}},
{"type":"Feature","geometry":{"type":"Point","coordinates":[10.723286,59.952603]},"properties":{"kind":"intersection"}},
{"type":"Feature","geometry":{"type":"Point","coordinates":[10.726397,59.952685]},"properties":{"kind":"intersection"}},
{"type":"Feature","geometry":{"type":"Point","coordinates":[10.726138,59.952729]},"properties":{"kind":"intersection"}},
{"type":"Feature","geometry":{"type":"Point","coordinates":[10.725805,59.952637]},"properties":{"kind":"intersection"}},
{"type":"Feature","geometry":{"type":"Point","coordinates":[10.725685,59.952593]},"properties":{"kind":"intersection"}},
{"type":"Feature","geometry":{"type":"Point","coordinates":[10.725096,59.953461]},"properties":{"kind":"intersection"}},
{"type":"Feature","geometry":{"type":"Point","coordinates":[10.726135,59.952783]},"properties":{"kind":"intersection"}},
{"type":"Feature","geometry":{"type":"Point","coordinates":[10.724012,59.953259]},"properties":{"kind":"intersection"}},
{"type":"Feature","geometry":{"type":"Point","coordinates":[10.723248,59.952675]},"properties":{"kind":"intersection"}},
{"type":"Feature","geometry":{"type":"Point","coordinates":[10.723328,59.952528]},"properties":{"kind":"intersection"}},
{"type":"Feature","geometry":{"type":"Point","coordinates":[10.724484,59.951608]},"properties":{"kind":"intersection"}},
{"type":"Feature","geometry":{"type":"Point","coordinates":[10.724903,59.951922]},"properties":{"kind":"intersection"}},
{"type":"Feature","geometry":{"type":"Point","coordinates":[10.726921,59.953492]},"properties":{"kind":"intersection"}},
{"type":"Feature","geometry":{"type":"Point","coordinates":[10.725977,59.954015]},"properties":{"kind":"intersection"}},
{"type":"Feature","geometry":{"type":"Point","coordinates":[10.725488,59.954288]},"properties":{"kind":"intersection"}},
{"type":"Feature","geometry":{"type":"Point","coordinates":[10.725552,59.95494]},"properties":{"kind":"intersection"}},
{"type":"Feature","geometry":{"type":"Point","coordinates":[10.7234,59.955781]},"properties":{"kind":"intersection"}},
{"type":"Feature","geometry":{"type":"Point","coordinates":[10.747375,59.964073]},"properties":{"kind":"intersection"}},
{"type":"Feature","geometry":{"type":"Point","coordinates":[10.727781,59.958443]},"properties":{"kind":"intersection"}},
{"type":"Feature","geometry":{"type":"Point","coordinates":[10.73202,59.948595]},"properties":{"kind":"intersection"}},
{"type":"Feature","geometry":{"type":"Point","coordinates":[10.757076,59.947744]},"properties":{"kind":"intersection"}},
{"type":"Feature","geometry":{"type":"Point","coordinates":[10.759541,59.94855]},"properties":{"kind":"intersection"}},
{"type":"Feature","geometry":{"type":"Point","coordinates":[10.733116,59.959605]},"properties":{"kind":"intersection"}},
{"type":"Feature","geometry":{"type":"Point","coordinates":[10.730281,59.960245]},"properties":{"kind":"intersection"}},
{"type":"Feature","geometry":{"type":"Point","coordinates":[10.73039,59.960537]},"properties":{"kind":"intersection"}},
{"type":"Feature","geometry":{"type":"Point","coordinates":[10.732734,59.947458]},"properties":{"kind":"intersection"}},
{"type":"Feature","geometry":{"type":"Point","coordinates":[10.748748,59.945269]},"properties":{"kind":"intersection"}},
{"type":"Feature","geometry":{"type":"Point","coordinates":[10.760242,59.946281]},"properties":{"kind":"intersection"}},
{"type":"Feature","geometry":{"type":"Point","coordinates":[10.760958,59.95124]},"properties":{"kind":"intersection"}},
{"type":"Feature","geometry":{"type":"Point","coordinates":[10.731414,59.944333]},"properties":{"kind":"intersection"}},
{"type":"Feature","geometry":{"type":"Point","coordinates":[10.732414,59.944118]},"properties":{"kind":"intersection"}},
{"type":"Feature","geometry":{"type":"Point","coordinates":[10.724323,59.953442]},"properties":{"kind":"intersection"}},
{"type":"Feature","geometry":{"type":"Point","coordinates":[10.724105,59.952187]},"properties":{"kind":"intersection"}},
{"type":"Feature","geometry":{"type":"Point","coordinates":[10.73181,59.957539]},"properties":{"kind":"intersection"}},
{"type":"Feature","geometry":{"type":"Point","coordinates":[10.726254,59.95875]},"properties":{"kind":"intersection"}},
{"type":"Feature","geometry":{"type":"Point","coordinates":[10.726667,59.95892]},"properties":{"kind":"intersection"}},
{"type":"Feature","geometry":{"type":"Point","coordinates":[10.748965,59.952681]},"properties":{"kind":"intersection"}},
{"type":"Feature","geometry":{"type":"Point","coordinates":[10.739195,59.957147]},"properties":{"kind":"intersection"}},
{"type":"Feature","geometry":{"type":"Point","coordinates":[10.740065,59.958208]},"properties":{"kind":"intersection"}},
{"type":"Feature","geometry":{"type":"Point","coordinates":[10.761042,59.958909]},"properties":{"kind":"intersection"}},
{"type":"Feature","geometry":{"type":"Point","coordinates":[10.760224,59.946857]},"properties":{"kind":"intersection"}},
{"type":"Feature","geometry":{"type":"Point","coordinates":[10.748066,59.954139]},"properties":{"kind":"intersection"}},
{"type":"Feature","geometry":{"type":"Point","coordinates":[10.745294,59.955357]},"properties":{"kind":"intersection"}},
{"type":"Feature","geometry":{"type":"Point","coordinates":[10.767197,59.963495]},"properties":{"kind":"intersection"}},
{"type":"Feature","geometry":{"type":"Point","coordinates":[10.76644,59.963308]},"properties":{"kind":"intersection"}},
{"type":"Feature","geometry":{"type":"Point","coordinates":[10.766591,59.961099]},"properties":{"kind":"intersection"}},
{"type":"Feature","geometry":{"type":"Point","coordinates":[10.732514,59.947922]},"properties":{"kind":"intersection"}},
{"type":"Feature","geometry":{"type":"Point","coordinates":[10.749116,59.944476]},"properties":{"kind":"intersection"}},
{"type":"Feature","geometry":{"type":"Point","coordinates":[10.74952,59.952423]},"properties":{"kind":"intersection"}},
{"type":"Feature","geometry":{"type":"Point","coordinates":[10.751094,59.952717]},"properties":{"kind":"intersection"}},
{"type":"Feature","geometry":{"type":"Point","coordinates":[10.757483,59.953258]},"properties":{"kind":"intersection"}},
{"type":"Feature","geometry":{"type":"Point","coordinates":[10.722905,59.948464]},"properties":{"kind":"intersection"}},
{"type":"Feature","geometry":{"type":"Point","coordinates":[10.750433,59.952644]},"properties":{"kind":"intersection"}},
{"type":"Feature","geometry":{"type":"Point","coordinates":[10.750101,59.952857]},"properties":{"kind":"intersection"}},
{"type":"Feature","geometry":{"type":"Point","coordinates":[10.755122,59.942048]},"properties":{"kind":"intersection"}},
{"type":"Feature","geometry":{"type":"Point","coordinates":[10.754854,59.942189]},"properties":{"kind":"intersection"}},
{"type":"Feature","geometry":{"type":"Point","coordinates":[10.7496,59.944447]},"properties":{"kind":"intersection"}},
{"type":"Feature","geometry":{"type":"Point","coordinates":[10.753017,59.962159]},"properties":{"kind":"intersection"}},
{"type":"Feature","geometry":{"type":"Point","coordinates":[10.735055,59.961232]},"properties":{"kind":"intersection"}},
{"type":"Feature","geometry":{"type":"Point","coordinates":[10.735704,59.961245]},"properties":{"kind":"intersection"}},
{"type":"Feature","geometry":{"type":"Point","coordinates":[10.735337,59.961251]},"properties":{"kind":"intersection"}},
{"type":"Feature","geometry":{"type":"Point","coordinates":[10.727426,59.951706]},"properties":{"kind":"intersection"}},
{"type":"Feature","geometry":{"type":"Point","coordinates":[10.764769,59.960625]},"properties":{"kind":"intersection"}},
{"type":"Feature","geometry":{"type":"Point","coordinates":[10.722626,59.946454]},"properties":{"kind":"intersection"}},
{"type":"Feature","geometry":{"type":"Point","coordinates":[10.743719,59.95303]},"properties":{"kind":"intersection"}},
{"type":"Feature","geometry":{"type":"Point","coordinates":[10.750573,59.952467]},"properties":{"kind":"intersection"}},
{"type":"Feature","geometry":{"type":"Point","coordinates":[10.750162,59.952553]},"properties":{"kind":"intersection"}},
{"type":"Feature","geometry":{"type":"Point","coordinates":[10.749905,59.940886]},"properties":{"kind":"intersection"}},
{"type":"Feature","geometry":{"type":"Point","coordinates":[10.749694,59.940862]},"properties":{"kind":"intersection"}},
{"type":"Feature","geometry":{"type":"Point","coordinates":[10.763802,59.947271]},"properties":{"kind":"intersection"}},
{"type":"Feature","geometry":{"type":"Point","coordinates":[10.763665,59.946921]},"properties":{"kind":"intersection"}},
{"type":"Feature","geometry":{"type":"Point","coordinates":[10.763791,59.947031]},"properties":{"kind":"intersection"}},
{"type":"Feature","geometry":{"type":"Point","coordinates":[10.763559,59.947099]},"properties":{"kind":"intersection"}},
{"type":"Feature","geometry":{"type":"Point","coordinates":[10.763436,59.947042]},"properties":{"kind":"intersection"}},
{"type":"Feature","geometry":{"type":"Point","coordinates":[10.764275,59.946846]},"properties":{"kind":"intersection"}},
{"type":"Feature","geometry":{"type":"Point","coordinates":[10.722402,59.94813]},"properties":{"kind":"intersection"}},
{"type":"Feature","geometry":{"type":"Point","coordinates":[10.749926,59.940809]},"properties":{"kind":"intersection"}},
{"type":"Feature","geometry":{"type":"Point","coordinates":[10.75022,59.952452]},"properties":{"kind":"intersection"}},
{"type":"Feature","geometry":{"type":"Point","coordinates":[10.750497,59.952632]},"properties":{"kind":"intersection"}},
{"type":"Feature","geometry":{"type":"Point","coordinates":[10.750188,59.952588]},"properties":{"kind":"intersection"}},
{"type":"Feature","geometry":{"type":"Point","coordinates":[10.750619,59.952207]},"properties":{"kind":"intersection"}},
{"type":"Feature","geometry":{"type":"Point","coordinates":[10.739719,59.951309]},"properties":{"kind":"intersection"}},
{"type":"Feature","geometry":{"type":"Point","coordinates":[10.758464,59.953335]},"properties":{"kind":"intersection"}},
{"type":"Feature","geometry":{"type":"Point","coordinates":[10.758187,59.95321]},"properties":{"kind":"intersection"}},
{"type":"Feature","geometry":{"type":"Point","coordinates":[10.760912,59.952917]},"properties":{"kind":"intersection"}},
{"type":"Feature","geometry":{"type":"Point","coordinates":[10.76101,59.95325]},"properties":{"kind":"intersection"}},
{"type":"Feature","geometry":{"type":"Point","coordinates":[10.76071,59.953224]},"properties":{"kind":"intersection"}},
{"type":"Feature","geometry":{"type":"Point","coordinates":[10.729933,59.956557]},"properties":{"kind":"intersection"}},
{"type":"Feature","geometry":{"type":"Point","coordinates":[10.761947,59.944925]},"properties":{"kind":"intersection"}},
{"type":"Feature","geometry":{"type":"Point","coordinates":[10.760961,59.952312]},"properties":{"kind":"intersection"}},
{"type":"Feature","geometry":{"type":"Point","coordinates":[10.760961,59.95203]},"properties":{"kind":"intersection"}},
{"type":"Feature","geometry":{"type":"Point","coordinates":[10.760488,59.946352]},"properties":{"kind":"intersection"}},
{"type":"Feature","geometry":{"type":"Point","coordinates":[10.760643,59.946221]},"properties":{"kind":"intersection"}},
{"type":"Feature","geometry":{"type":"Point","coordinates":[10.763489,59.946939]},"properties":{"kind":"intersection"}},
{"type":"Feature","geometry":{"type":"Point","coordinates":[10.763755,59.947068]},"properties":{"kind":"intersection"}},
{"type":"Feature","geometry":{"type":"Point","coordinates":[10.730238,59.95014]},"properties":{"kind":"intersection"}},
{"type":"Feature","geometry":{"type":"Point","coordinates":[10.729963,59.950329]},"properties":{"kind":"intersection"}},
{"type":"Feature","geometry":{"type":"Point","coordinates":[10.732431,59.94781]},"properties":{"kind":"intersection"}},
{"type":"Feature","geometry":{"type":"Point","coordinates":[10.749926,59.940907]},"properties":{"kind":"intersection"}},
{"type":"Feature","geometry":{"type":"Point","coordinates":[10.749603,59.953637]},"properties":{"kind":"intersection"}},
{"type":"Feature","geometry":{"type":"Point","coordinates":[10.749689,59.953441]},"properties":{"kind":"intersection"}},
{"type":"Feature","geometry":{"type":"Point","coordinates":[10.732533,59.947738]},"properties":{"kind":"intersection"}},
{"type":"Feature","geometry":{"type":"Point","coordinates":[10.730487,59.957905]},"properties":{"kind":"intersection"}},
{"type":"Feature","geometry":{"type":"Point","coordinates":[10.718482,59.947432]},"properties":{"kind":"intersection"}},
{"type":"Feature","geometry":{"type":"Point","coordinates":[10.718735,59.947532]},"properties":{"kind":"intersection"}},
{"type":"Feature","geometry":{"type":"Point","coordinates":[10.731357,59.94427]},"properties":{"kind":"signal"}},
{"type":"Feature","geometry":{"type":"Point","coordinates":[10.729639,59.941749]},"properties":{"kind":"signal"}},
{"type":"Feature","geometry":{"type":"Point","coordinates":[10.722252,59.943074]},"properties":{"kind":"signal"}},
{"type":"Feature","geometry":{"type":"Point","coordinates":[10.74949,59.947332]},"properties":{"kind":"signal"}},
{"type":"Feature","geometry":{"type":"Point","coordinates":[10.751119,59.951102]},"properties":{"kind":"signal"}},
{"type":"Feature","geometry":{"type":"Point","coordinates":[10.765422,59.962299]},"properties":{"kind":"signal"}},
{"type":"Feature","geometry":{"type":"Point","coordinates":[10.766461,59.963347]},"properties":{"kind":"signal"}},
{"type":"Feature","geometry":{"type":"Point","coordinates":[10.731519,59.944454]},"properties":{"kind":"signal"}},
{"type":"Feature","geometry":{"type":"Point","coordinates":[10.760053,59.947621]},"properties":{"kind":"signal"}},
{"type":"Feature","geometry":{"type":"Point","coordinates":[10.760976,59.951629]},"properties":{"kind":"signal"}}
]}
